DEBUG Searching for user configuration in: /root/.config/uv/uv.toml
DEBUG uv 0.12.24 (aarch64-unknown-linux-gnu)
DEBUG Marking explicit source tree for reinstall: /ws/source/vllm-ascend
DEBUG Checking for Python interpreter at path `/ws/.venv/bin/python`
Using Python 3.12.13 environment at: /ws/.venv
DEBUG Using request connect timeout of 10s and read timeout of 30s
DEBUG No static `pyproject.toml` available for: file:///ws/source/vllm-ascend (FieldNotFound("project"))
DEBUG Computed cache info: Timestamp(SystemTime { tv_sec: 1791567321, tv_nsec: 553119009 }), None, None, {}, {"src": None}. Most recently modified: /ws/source/vllm-ascend/pyproject.toml
DEBUG Preparing metadata for: file:///ws/source/vllm-ascend
DEBUG Assessing Python executable as base candidate: /usr/local/python3.12.13/bin/python3.12
DEBUG Proceeding without build isolation
DEBUG Locking the source tree for setuptools
DEBUG Calling `setuptools.build_meta.prepare_metadata_for_build_editable()`
DEBUG /ws/.venv/lib/python3.12/site-packages/setuptools/dist.py:765: SetuptoolsDeprecationWarning: License classifiers are deprecated.
DEBUG !!
DEBUG 
DEBUG         ********************************************************************************
DEBUG         Please consider removing the following classifiers in favor of a SPDX license expression:
DEBUG 
DEBUG         License :: OSI Approved :: Apache Software License
DEBUG 
DEBUG         See https://packaging.python.org/en/latest/guides/writing-pyproject-toml/#license for details.
DEBUG         ********************************************************************************
DEBUG 
DEBUG !!
DEBUG   self._finalize_license_expression()
DEBUG running dist_info
DEBUG creating /root/.cache/uv/builds-v0/.tmpSQ8I1Y/metadata_directory/vllm_ascend.egg-info
DEBUG writing /root/.cache/uv/builds-v0/.tmpSQ8I1Y/metadata_directory/vllm_ascend.egg-info/PKG-INFO
DEBUG writing dependency_links to /root/.cache/uv/builds-v0/.tmpSQ8I1Y/metadata_directory/vllm_ascend.egg-info/dependency_links.txt
DEBUG writing entry points to /root/.cache/uv/builds-v0/.tmpSQ8I1Y/metadata_directory/vllm_ascend.egg-info/entry_points.txt
DEBUG writing requirements to /root/.cache/uv/builds-v0/.tmpSQ8I1Y/metadata_directory/vllm_ascend.egg-info/requires.txt
DEBUG writing top-level names to /root/.cache/uv/builds-v0/.tmpSQ8I1Y/metadata_directory/vllm_ascend.egg-info/top_level.txt
DEBUG writing manifest file '/root/.cache/uv/builds-v0/.tmpSQ8I1Y/metadata_directory/vllm_ascend.egg-info/SOURCES.txt'
DEBUG reading manifest file '/root/.cache/uv/builds-v0/.tmpSQ8I1Y/metadata_directory/vllm_ascend.egg-info/SOURCES.txt'
DEBUG adding license file 'LICENSE'
DEBUG writing manifest file '/root/.cache/uv/builds-v0/.tmpSQ8I1Y/metadata_directory/vllm_ascend.egg-info/SOURCES.txt'
DEBUG creating '/root/.cache/uv/builds-v0/.tmpSQ8I1Y/metadata_directory/vllm_ascend-0.28.0rc1.dist-info'
DEBUG Prepared metadata for: file:///ws/source/vllm-ascend
DEBUG Solving with installed Python version: 3.12.13
DEBUG Solving with target Python version: >=3.12.13
DEBUG Adding direct dependency: vllm-ascend*
DEBUG Searching for a compatible version of vllm-ascend @ `file:///ws/source/vllm-ascend` (*)
DEBUG Tried 1 versions: vllm-ascend 1
DEBUG marker environment resolution took 0.000s
Resolved 1 package in 1.01s
DEBUG Must revalidate requirement: vllm-ascend
DEBUG Unnecessary package: packaging==26.3
DEBUG Unnecessary package: semantic-version==2.10.0
DEBUG Unnecessary package: setuptools==80.10.2
DEBUG Unnecessary package: setuptools-rust==1.13.0
DEBUG Unnecessary package: setuptools-scm==10.3.4
DEBUG Unnecessary package: vcs-versioning==2.6.0
DEBUG Unnecessary package: vllm==0.28.0+empty (from file:///ws/source/vllm)
DEBUG Unnecessary package: wheel==0.48.0
DEBUG Computed cache info: Timestamp(SystemTime { tv_sec: 1791567321, tv_nsec: 553119009 }), None, None, {}, {"src": None}. Most recently modified: /ws/source/vllm-ascend/pyproject.toml
   Building vllm-ascend @ file:///ws/source/vllm-ascend
DEBUG Building: vllm-ascend @ file:///ws/source/vllm-ascend
DEBUG Assessing Python executable as base candidate: /usr/local/python3.12.13/bin/python3.12
DEBUG Reusing existing build environment for: vllm-ascend @ file:///ws/source/vllm-ascend
DEBUG Locking the source tree for setuptools
DEBUG Calling `setuptools.build_meta.build_editable(__import__("os").fsdecode(b"/root/.cache/uv/builds-v0/.tmpiL2zra"), {}, __import__("os").fsdecode(b"/root/.cache/uv/builds-v0/.tmpSQ8I1Y/metadata_directory/vllm_ascend-0.28.0rc1.dist-info"))`
DEBUG /ws/.venv/lib/python3.12/site-packages/setuptools/dist.py:765: SetuptoolsDeprecationWarning: License classifiers are deprecated.
DEBUG !!
DEBUG 
DEBUG         ********************************************************************************
DEBUG         Please consider removing the following classifiers in favor of a SPDX license expression:
DEBUG 
DEBUG         License :: OSI Approved :: Apache Software License
DEBUG 
DEBUG         See https://packaging.python.org/en/latest/guides/writing-pyproject-toml/#license for details.
DEBUG         ********************************************************************************
DEBUG 
DEBUG !!
DEBUG   self._finalize_license_expression()
DEBUG running editable_wheel
DEBUG creating /root/.cache/uv/builds-v0/.tmpiL2zra/.tmp-v6uocbgf/vllm_ascend.egg-info
DEBUG writing /root/.cache/uv/builds-v0/.tmpiL2zra/.tmp-v6uocbgf/vllm_ascend.egg-info/PKG-INFO
DEBUG writing dependency_links to /root/.cache/uv/builds-v0/.tmpiL2zra/.tmp-v6uocbgf/vllm_ascend.egg-info/dependency_links.txt
DEBUG writing entry points to /root/.cache/uv/builds-v0/.tmpiL2zra/.tmp-v6uocbgf/vllm_ascend.egg-info/entry_points.txt
DEBUG writing requirements to /root/.cache/uv/builds-v0/.tmpiL2zra/.tmp-v6uocbgf/vllm_ascend.egg-info/requires.txt
DEBUG writing top-level names to /root/.cache/uv/builds-v0/.tmpiL2zra/.tmp-v6uocbgf/vllm_ascend.egg-info/top_level.txt
DEBUG writing manifest file '/root/.cache/uv/builds-v0/.tmpiL2zra/.tmp-v6uocbgf/vllm_ascend.egg-info/SOURCES.txt'
DEBUG reading manifest file '/root/.cache/uv/builds-v0/.tmpiL2zra/.tmp-v6uocbgf/vllm_ascend.egg-info/SOURCES.txt'
DEBUG adding license file 'LICENSE'
DEBUG writing manifest file '/root/.cache/uv/builds-v0/.tmpiL2zra/.tmp-v6uocbgf/vllm_ascend.egg-info/SOURCES.txt'
DEBUG creating '/root/.cache/uv/builds-v0/.tmpiL2zra/.tmp-v6uocbgf/vllm_ascend-0.28.0rc1.dist-info'
DEBUG creating /root/.cache/uv/builds-v0/.tmpiL2zra/.tmp-v6uocbgf/vllm_ascend-0.28.0rc1.dist-info/WHEEL
DEBUG running build_py
DEBUG Generated _build_info.py with SOC version: ascend910b4
DEBUG running build_ext
DEBUG running build_aclnn
DEBUG [build_aclnn] start: ROOT_DIR=/ws/source/vllm-ascend SOC_VERSION=ascend910b4 cwd=/ws/source/vllm-ascend
DEBUG [build_aclnn] env: ASCEND_HOME_PATH=/usr/local/Ascend/cann-9.1.0 ASCEND_TOOLKIT_HOME=/usr/local/Ascend/cann-9.1.0
DEBUG [build_aclnn] matched SOC branch: ascend910b
DEBUG [build_aclnn] catlass include=/ws/source/vllm-ascend/csrc/third_party/catlass/include
DEBUG [build_aclnn] resolved SOC_ARG=ascend910b
DEBUG [build_aclnn] resolved CUSTOM_OPS=scatter_nd_update_sk;grouped_matmul_swiglu_quant_weight_nz_tensor_list;lightning_indexer;sparse_flash_attention;kv_quant_sparse_flash_attention;moe_gating_top_k;moe_gating_top_k_hash;add_rms_norm_bias;rms_norm_cast;transpose_kv_cache_by_block;copy_and_expand_eagle_inputs;causal_conv1d;lightning_indexer_quant;compressor;compressor_metadata;vllm_quant_lightning_indexer;vllm_quant_lightning_indexer_metadata;quant_lightning_indexer_v2;quant_lightning_indexer_v2_metadata;sparse_flash_mla;sparse_flash_mla_metadata;sparse_attn_sharedkv;sparse_attn_sharedkv_metadata;hc_pre;hc_post;inplace_partial_rotary_mul;rms_norm_dynamic_quant;dequant_situ_quant;dequant_swiglu_quant;grouped_matmul_swiglu_quant;grouped_matmul_swiglu_quant_v2;recurrent_gated_delta_rule;recurrent_kda;chunk_fwd_o;chunk_gated_delta_rule_fwd_h;chunk_kda_fwd;kda_gate_cumsum;kda_layout_swap12;store_kv_block;store_kv_block_metadata;sparse_attention_score;k2q_csr;msa_index_score;fused_sparse_attention_overlap
DEBUG [build_aclnn] custom op count=44
DEBUG [build_aclnn] op scatter_nd_update_sk: dir=/ws/source/vllm-ascend/csrc/moe/scatter_nd_update_sk cmake=yes op_host_cmake=yes op_kernel_cpp_count=1
DEBUG [build_aclnn] op grouped_matmul_swiglu_quant_weight_nz_tensor_list: dir=/ws/source/vllm-ascend/csrc/gmm/grouped_matmul_swiglu_quant_weight_nz_tensor_list cmake=yes op_host_cmake=yes op_kernel_cpp_count=1
DEBUG [build_aclnn] op lightning_indexer: dir=/ws/source/vllm-ascend/csrc/attention/lightning_indexer cmake=yes op_host_cmake=yes op_kernel_cpp_count=1
DEBUG [build_aclnn] op sparse_flash_attention: dir=/ws/source/vllm-ascend/csrc/attention/sparse_flash_attention cmake=yes op_host_cmake=yes op_kernel_cpp_count=1
DEBUG [build_aclnn] op kv_quant_sparse_flash_attention: dir=/ws/source/vllm-ascend/csrc/attention/kv_quant_sparse_flash_attention cmake=yes op_host_cmake=yes op_kernel_cpp_count=1
DEBUG [build_aclnn] op moe_gating_top_k: dir=/ws/source/vllm-ascend/csrc/moe/moe_gating_top_k cmake=yes op_host_cmake=yes op_kernel_cpp_count=2
DEBUG [build_aclnn] op moe_gating_top_k_hash: dir=/ws/source/vllm-ascend/csrc/moe/moe_gating_top_k_hash cmake=yes op_host_cmake=yes op_kernel_cpp_count=1
DEBUG [build_aclnn] op add_rms_norm_bias: dir=/ws/source/vllm-ascend/csrc/moe/add_rms_norm_bias cmake=yes op_host_cmake=yes op_kernel_cpp_count=2
DEBUG [build_aclnn] op rms_norm_cast: dir=/ws/source/vllm-ascend/csrc/moe/rms_norm_cast cmake=yes op_host_cmake=yes op_kernel_cpp_count=1
DEBUG [build_aclnn] op transpose_kv_cache_by_block: dir=/ws/source/vllm-ascend/csrc/moe/transpose_kv_cache_by_block cmake=yes op_host_cmake=yes op_kernel_cpp_count=1
DEBUG [build_aclnn] op copy_and_expand_eagle_inputs: dir=/ws/source/vllm-ascend/csrc/moe/copy_and_expand_eagle_inputs cmake=yes op_host_cmake=yes op_kernel_cpp_count=1
DEBUG [build_aclnn] op causal_conv1d: dir=/ws/source/vllm-ascend/csrc/moe/causal_conv1d cmake=yes op_host_cmake=yes op_kernel_cpp_count=1
DEBUG [build_aclnn] op lightning_indexer_quant: dir=/ws/source/vllm-ascend/csrc/attention/lightning_indexer_quant cmake=yes op_host_cmake=yes op_kernel_cpp_count=1
DEBUG [build_aclnn] op compressor: dir=/ws/source/vllm-ascend/csrc/attention/compressor cmake=yes op_host_cmake=yes op_kernel_cpp_count=1
DEBUG [build_aclnn] op compressor_metadata: dir=/ws/source/vllm-ascend/csrc/attention/compressor_metadata cmake=yes op_host_cmake=yes op_kernel_cpp_count=1
DEBUG [build_aclnn] op vllm_quant_lightning_indexer: dir=/ws/source/vllm-ascend/csrc/attention/vllm_quant_lightning_indexer cmake=yes op_host_cmake=yes op_kernel_cpp_count=1
DEBUG [build_aclnn] op vllm_quant_lightning_indexer_metadata: dir=/ws/source/vllm-ascend/csrc/attention/vllm_quant_lightning_indexer_metadata cmake=yes op_host_cmake=no op_kernel_cpp_count=0
DEBUG [build_aclnn] op quant_lightning_indexer_v2: dir=/ws/source/vllm-ascend/csrc/attention/quant_lightning_indexer_v2 cmake=yes op_host_cmake=yes op_kernel_cpp_count=1
DEBUG [build_aclnn] op quant_lightning_indexer_v2_metadata: dir=/ws/source/vllm-ascend/csrc/attention/quant_lightning_indexer_v2_metadata cmake=yes op_host_cmake=yes op_kernel_cpp_count=0
DEBUG [build_aclnn] op sparse_flash_mla: dir=/ws/source/vllm-ascend/csrc/attention/sparse_flash_mla cmake=yes op_host_cmake=yes op_kernel_cpp_count=1
DEBUG [build_aclnn] op sparse_flash_mla_metadata: dir=/ws/source/vllm-ascend/csrc/attention/sparse_flash_mla_metadata cmake=yes op_host_cmake=yes op_kernel_cpp_count=0
DEBUG [build_aclnn] op sparse_attn_sharedkv: dir=/ws/source/vllm-ascend/csrc/attention/sparse_attn_sharedkv cmake=yes op_host_cmake=yes op_kernel_cpp_count=1
DEBUG [build_aclnn] op sparse_attn_sharedkv_metadata: dir=/ws/source/vllm-ascend/csrc/attention/sparse_attn_sharedkv_metadata cmake=yes op_host_cmake=no op_kernel_cpp_count=0
DEBUG [build_aclnn] op hc_pre: dir=/ws/source/vllm-ascend/csrc/moe/hc_pre cmake=yes op_host_cmake=yes op_kernel_cpp_count=1
DEBUG [build_aclnn] op hc_post: dir=/ws/source/vllm-ascend/csrc/moe/hc_post cmake=yes op_host_cmake=yes op_kernel_cpp_count=1
DEBUG [build_aclnn] op inplace_partial_rotary_mul: dir=/ws/source/vllm-ascend/csrc/attention/inplace_partial_rotary_mul cmake=yes op_host_cmake=yes op_kernel_cpp_count=1
DEBUG [build_aclnn] op rms_norm_dynamic_quant: dir=/ws/source/vllm-ascend/csrc/attention/rms_norm_dynamic_quant cmake=yes op_host_cmake=yes op_kernel_cpp_count=1
DEBUG [build_aclnn] op dequant_situ_quant: dir=/ws/source/vllm-ascend/csrc/moe/dequant_situ_quant cmake=yes op_host_cmake=yes op_kernel_cpp_count=1
DEBUG [build_aclnn] op dequant_swiglu_quant: dir=/ws/source/vllm-ascend/csrc/moe/dequant_swiglu_quant cmake=yes op_host_cmake=yes op_kernel_cpp_count=2
DEBUG [build_aclnn] op grouped_matmul_swiglu_quant: dir=/ws/source/vllm-ascend/csrc/gmm/grouped_matmul_swiglu_quant cmake=yes op_host_cmake=yes op_kernel_cpp_count=1
DEBUG [build_aclnn] op grouped_matmul_swiglu_quant_v2: dir=/ws/source/vllm-ascend/csrc/gmm/grouped_matmul_swiglu_quant_v2 cmake=yes op_host_cmake=yes op_kernel_cpp_count=2
DEBUG [build_aclnn] op recurrent_gated_delta_rule: dir=/ws/source/vllm-ascend/csrc/attention/recurrent_gated_delta_rule cmake=yes op_host_cmake=yes op_kernel_cpp_count=1
DEBUG [build_aclnn] op recurrent_kda: dir=/ws/source/vllm-ascend/csrc/attention/recurrent_kda cmake=yes op_host_cmake=yes op_kernel_cpp_count=1
DEBUG [build_aclnn] op chunk_fwd_o: dir=/ws/source/vllm-ascend/csrc/moe/chunk_fwd_o cmake=yes op_host_cmake=yes op_kernel_cpp_count=1
DEBUG [build_aclnn] op chunk_gated_delta_rule_fwd_h: dir=/ws/source/vllm-ascend/csrc/moe/chunk_gated_delta_rule_fwd_h cmake=yes op_host_cmake=yes op_kernel_cpp_count=1
DEBUG [build_aclnn] op chunk_kda_fwd: dir=/ws/source/vllm-ascend/csrc/attention/chunk_kda_fwd cmake=yes op_host_cmake=yes op_kernel_cpp_count=1
DEBUG [build_aclnn] op kda_gate_cumsum: dir=/ws/source/vllm-ascend/csrc/attention/kda_gate_cumsum cmake=yes op_host_cmake=yes op_kernel_cpp_count=1
DEBUG [build_aclnn] op kda_layout_swap12: dir=/ws/source/vllm-ascend/csrc/attention/kda_layout_swap12 cmake=yes op_host_cmake=yes op_kernel_cpp_count=1
DEBUG [build_aclnn] op store_kv_block: dir=/ws/source/vllm-ascend/csrc/attention/store_kv_block cmake=yes op_host_cmake=yes op_kernel_cpp_count=1
DEBUG [build_aclnn] op store_kv_block_metadata: dir=/ws/source/vllm-ascend/csrc/attention/store_kv_block_metadata cmake=yes op_host_cmake=no op_kernel_cpp_count=0
DEBUG [build_aclnn] op sparse_attention_score: dir=/ws/source/vllm-ascend/csrc/attention/sparse_attention_score cmake=yes op_host_cmake=yes op_kernel_cpp_count=2
DEBUG [build_aclnn] op k2q_csr: dir=/ws/source/vllm-ascend/csrc/attention/k2q_csr cmake=yes op_host_cmake=no op_kernel_cpp_count=0
DEBUG [build_aclnn] op msa_index_score: dir=/ws/source/vllm-ascend/csrc/attention/msa_index_score cmake=yes op_host_cmake=yes op_kernel_cpp_count=1
DEBUG [build_aclnn] op fused_sparse_attention_overlap: dir=/ws/source/vllm-ascend/csrc/attention/fused_sparse_attention_overlap cmake=yes op_host_cmake=yes op_kernel_cpp_count=1
DEBUG [build_aclnn] subshell cwd before cd=/ws/source/vllm-ascend
DEBUG [build_aclnn] subshell cwd after cd=/ws/source/vllm-ascend/csrc
DEBUG [build_aclnn] preserving csrc/build and cleaning output dirs
DEBUG [build_aclnn] build command: bash build.sh --pkg --ops="scatter_nd_update_sk;grouped_matmul_swiglu_quant_weight_nz_tensor_list;lightning_indexer;sparse_flash_attention;kv_quant_sparse_flash_attention;moe_gating_top_k;moe_gating_top_k_hash;add_rms_norm_bias;rms_norm_cast;transpose_kv_cache_by_block;copy_and_expand_eagle_inputs;causal_conv1d;lightning_indexer_quant;compressor;compressor_metadata;vllm_quant_lightning_indexer;vllm_quant_lightning_indexer_metadata;quant_lightning_indexer_v2;quant_lightning_indexer_v2_metadata;sparse_flash_mla;sparse_flash_mla_metadata;sparse_attn_sharedkv;sparse_attn_sharedkv_metadata;hc_pre;hc_post;inplace_partial_rotary_mul;rms_norm_dynamic_quant;dequant_situ_quant;dequant_swiglu_quant;grouped_matmul_swiglu_quant;grouped_matmul_swiglu_quant_v2;recurrent_gated_delta_rule;recurrent_kda;chunk_fwd_o;chunk_gated_delta_rule_fwd_h;chunk_kda_fwd;kda_gate_cumsum;kda_layout_swap12;store_kv_block;store_kv_block_metadata;sparse_attention_score;k2q_csr;msa_index_score;fused_sparse_attention_overlap" --soc="ascend910b"
DEBUG [build_aclnn] building custom ops scatter_nd_update_sk;grouped_matmul_swiglu_quant_weight_nz_tensor_list;lightning_indexer;sparse_flash_attention;kv_quant_sparse_flash_attention;moe_gating_top_k;moe_gating_top_k_hash;add_rms_norm_bias;rms_norm_cast;transpose_kv_cache_by_block;copy_and_expand_eagle_inputs;causal_conv1d;lightning_indexer_quant;compressor;compressor_metadata;vllm_quant_lightning_indexer;vllm_quant_lightning_indexer_metadata;quant_lightning_indexer_v2;quant_lightning_indexer_v2_metadata;sparse_flash_mla;sparse_flash_mla_metadata;sparse_attn_sharedkv;sparse_attn_sharedkv_metadata;hc_pre;hc_post;inplace_partial_rotary_mul;rms_norm_dynamic_quant;dequant_situ_quant;dequant_swiglu_quant;grouped_matmul_swiglu_quant;grouped_matmul_swiglu_quant_v2;recurrent_gated_delta_rule;recurrent_kda;chunk_fwd_o;chunk_gated_delta_rule_fwd_h;chunk_kda_fwd;kda_gate_cumsum;kda_layout_swap12;store_kv_block;store_kv_block_metadata;sparse_attention_score;k2q_csr;msa_index_score;fused_sparse_attention_overlap for ascend910b4
DEBUG json found in /ws/source/vllm-ascend/csrc/third_party/json, and not force rebuild cann third_party
DEBUG CMake Warning (author) at /usr/local/python3.12.13/lib/python3.12/site-packages/cmake/data/share/cmake-4.4/Modules/ExternalProject/shared_internal_commands.cmake:1277 (message):
DEBUG   The DOWNLOAD_EXTRACT_TIMESTAMP option was not given and policy CMP0135 is
DEBUG   not set.  The policy's OLD behavior will be used.  When using a URL
DEBUG   download, the timestamps of extracted files should preferably be that of
DEBUG   the time of extraction, otherwise code that depends on the extracted
DEBUG   contents might not be rebuilt if the URL changes.  The OLD behavior
DEBUG   preserves the timestamps from the archive instead, but this is usually not
DEBUG   what you want.  Update your project to the NEW behavior or specify the
DEBUG   DOWNLOAD_EXTRACT_TIMESTAMP option with a value of true to avoid this
DEBUG   robustness issue.
DEBUG Call Stack (most recent call first):
DEBUG   /usr/local/python3.12.13/lib/python3.12/site-packages/cmake/data/share/cmake-4.4/Modules/ExternalProject.cmake:3283 (_ep_add_download_command)
DEBUG   cmake/third_party/ascend_protobuf.cmake:47 (ExternalProject_Add)
DEBUG   CMakeLists.txt:130 (include)
DEBUG This warning is for project developers.  Use -Wno-author to suppress it.
DEBUG 
DEBUG /ws/source/vllm-ascend/csrc/moe/add_rms_norm_bias/op_host/add_rms_norm_bias_def.cpp: In constructor ‘ops::AddRmsNormBias::AddRmsNormBias(const char*)’:
DEBUG /ws/source/vllm-ascend/csrc/moe/add_rms_norm_bias/op_host/add_rms_norm_bias_def.cpp:64:56: warning: conversion from ‘double’ to ‘float’ changes value from ‘9.9999999999999995e-7’ to ‘9.99999997e-7f’ [-Wfloat-conversion]
DEBUG    64 |         this->Attr("epsilon").AttrType(OPTIONAL).Float(1e-6);
DEBUG       |                                                        ^~~~
DEBUG /ws/source/vllm-ascend/csrc/attention/rms_norm_dynamic_quant/op_host/rms_norm_dynamic_quant_def.cpp: In constructor ‘ops::RmsNormDynamicQuant::RmsNormDynamicQuant(const char*)’:
DEBUG /ws/source/vllm-ascend/csrc/attention/rms_norm_dynamic_quant/op_host/rms_norm_dynamic_quant_def.cpp:76:56: warning: conversion from ‘double’ to ‘float’ changes value from ‘9.9999999999999995e-7’ to ‘9.99999997e-7f’ [-Wfloat-conversion]
DEBUG    76 |         this->Attr("epsilon").AttrType(OPTIONAL).Float(1e-6);
DEBUG       |                                                        ^~~~
DEBUG /ws/source/vllm-ascend/csrc/cmake/scripts/util/ascendc_impl_build.py:212: SyntaxWarning: invalid escape sequence '\d'
DEBUG   ascendc_api_version = re.findall(r"#define ASCENDC_API_VERSION (\d+)", ascendc_api_version_file.read())
DEBUG json found in /ws/source/vllm-ascend/csrc/third_party/json, and not force rebuild cann third_party
DEBUG CMake Warning (author) at /usr/local/python3.12.13/lib/python3.12/site-packages/cmake/data/share/cmake-4.4/Modules/ExternalProject/shared_internal_commands.cmake:1277 (message):
DEBUG   The DOWNLOAD_EXTRACT_TIMESTAMP option was not given and policy CMP0135 is
DEBUG   not set.  The policy's OLD behavior will be used.  When using a URL
DEBUG   download, the timestamps of extracted files should preferably be that of
DEBUG   the time of extraction, otherwise code that depends on the extracted
DEBUG   contents might not be rebuilt if the URL changes.  The OLD behavior
DEBUG   preserves the timestamps from the archive instead, but this is usually not
DEBUG   what you want.  Update your project to the NEW behavior or specify the
DEBUG   DOWNLOAD_EXTRACT_TIMESTAMP option with a value of true to avoid this
DEBUG   robustness issue.
DEBUG Call Stack (most recent call first):
DEBUG   /usr/local/python3.12.13/lib/python3.12/site-packages/cmake/data/share/cmake-4.4/Modules/ExternalProject.cmake:3283 (_ep_add_download_command)
DEBUG   cmake/third_party/ascend_protobuf.cmake:47 (ExternalProject_Add)
DEBUG   CMakeLists.txt:130 (include)
DEBUG This warning is for project developers.  Use -Wno-author to suppress it.
DEBUG 
DEBUG [2026-10-09 18:06:19] [2026-10-09 18:05:50] Info: use CMake generator Ninja
DEBUG [2026-10-09 18:06:19] [2026-10-09 18:05:50] Info: cmake config generator=-G Ninja -DBUILD_OPEN_PROJECT=ON -DASCEND_OP_NAME=scatter_nd_update_sk;grouped_matmul_swiglu_quant_weight_nz_tensor_list;lightning_indexer;sparse_flash_attention;kv_quant_sparse_flash_attention;moe_gating_top_k;moe_gating_top_k_hash;add_rms_norm_bias;rms_norm_cast;transpose_kv_cache_by_block;copy_and_expand_eagle_inputs;causal_conv1d;lightning_indexer_quant;compressor;compressor_metadata;vllm_quant_lightning_indexer;vllm_quant_lightning_indexer_metadata;quant_lightning_indexer_v2;quant_lightning_indexer_v2_metadata;sparse_flash_mla;sparse_flash_mla_metadata;sparse_attn_sharedkv;sparse_attn_sharedkv_metadata;hc_pre;hc_post;inplace_partial_rotary_mul;rms_norm_dynamic_quant;dequant_situ_quant;dequant_swiglu_quant;grouped_matmul_swiglu_quant;grouped_matmul_swiglu_quant_v2;recurrent_gated_delta_rule;recurrent_kda;chunk_fwd_o;chunk_gated_delta_rule_fwd_h;chunk_kda_fwd;kda_gate_cumsum;kda_layout_swap12;store_kv_block;store_kv_block_metadata;sparse_attention_score;k2q_csr;msa_index_score;fused_sparse_attention_overlap -DCANN_3RD_LIB_PATH=/ws/source/vllm-ascend/csrc/third_party -DCUSTOM_ASCEND_CANN_PACKAGE_PATH=/usr/local/Ascend/cann-9.1.0 -DCHECK_COMPATIBLE=true -DASCEND_COMPUTE_UNIT=ascend910b; -DENABLE_BUILT_IN=OFF -DENABLE_OPS_HOST=ON -DENABLE_OPS_KERNEL=ON -DENABLE_BUILD_PKG=ON .
DEBUG [2026-10-09 18:06:19] -- compile project with library
DEBUG [2026-10-09 18:06:19] -- ASCEND_CANN_PACKAGE_PATH=/usr/local/Ascend/cann-9.1.0
DEBUG [2026-10-09 18:06:19] -- ENABLE_CCACHE=ON, CUSTOM_CCACHE=
DEBUG [2026-10-09 18:06:19] -- CCACHE_PROGRAM=CCACHE_PROGRAM-NOTFOUND
DEBUG [2026-10-09 18:06:19] -- ASCEND_COMPUTE_UNIT=ascend910b;
DEBUG [2026-10-09 18:06:19] -- ASCEND_OP_NAME=scatter_nd_update_sk;grouped_matmul_swiglu_quant_weight_nz_tensor_list;lightning_indexer;sparse_flash_attention;kv_quant_sparse_flash_attention;moe_gating_top_k;moe_gating_top_k_hash;add_rms_norm_bias;rms_norm_cast;transpose_kv_cache_by_block;copy_and_expand_eagle_inputs;causal_conv1d;lightning_indexer_quant;compressor;compressor_metadata;vllm_quant_lightning_indexer;vllm_quant_lightning_indexer_metadata;quant_lightning_indexer_v2;quant_lightning_indexer_v2_metadata;sparse_flash_mla;sparse_flash_mla_metadata;sparse_attn_sharedkv;sparse_attn_sharedkv_metadata;hc_pre;hc_post;inplace_partial_rotary_mul;rms_norm_dynamic_quant;dequant_situ_quant;dequant_swiglu_quant;grouped_matmul_swiglu_quant;grouped_matmul_swiglu_quant_v2;recurrent_gated_delta_rule;recurrent_kda;chunk_fwd_o;chunk_gated_delta_rule_fwd_h;chunk_kda_fwd;kda_gate_cumsum;kda_layout_swap12;store_kv_block;store_kv_block_metadata;sparse_attention_score;k2q_csr;msa_index_score;fused_sparse_attention_overlap
DEBUG [2026-10-09 18:06:19] -- TILING_KEY=
DEBUG [2026-10-09 18:06:19] -- TESTS_UT_OPS_TEST=
DEBUG [2026-10-09 18:06:19] -- TESTS_EXAMPLE_OPS_TEST=
DEBUG [2026-10-09 18:06:19] -- CMAKE_BUILD_TYPE=Release
DEBUG [2026-10-09 18:06:19] -- VERSION=
DEBUG [2026-10-09 18:06:19] -- Start building custom package.
DEBUG [2026-10-09 18:06:19] -- Search libs under install path /usr/local/Ascend/cann-9.1.0
DEBUG [2026-10-09 18:06:19] -- CMAKE_MODULE_PATH            :/ws/source/vllm-ascend/csrc/cmake/modules
DEBUG [2026-10-09 18:06:19] -- compile option:   -Wall -Wextra -Wshadow -Wformat=2 -fno-common -fPIC -Wformat-signedness -Wno-missing-include-dirs -Wno-write-strings
DEBUG [2026-10-09 18:06:19] -- Transformer Variables in dlog module:
DEBUG [2026-10-09 18:06:19] -- dlog_TRANSFORMER_INCLUDE_DIR="/usr/local/Ascend/cann-9.1.0/pkg_inc/base"
DEBUG [2026-10-09 18:06:19] -- dlog_SHARED_LIBRARY="/usr/local/Ascend/cann-9.1.0/lib64/libascendalog.so"
DEBUG [2026-10-09 18:06:19] -- 
DEBUG [2026-10-09 18:06:19]  Properties for TARGET dlog:
DEBUG [2026-10-09 18:06:19]    dlog.INTERFACE_COMPILE_DEFINITIONS = "LOG_CPP;PROCESS_LOG"
DEBUG [2026-10-09 18:06:19]    dlog.INTERFACE_LINK_LIBRARIES = "dlog_headers"
DEBUG [2026-10-09 18:06:19]    dlog.IMPORTED_LOCATION = "/usr/local/Ascend/cann-9.1.0/lib64/libascendalog.so"
DEBUG [2026-10-09 18:06:19] 
DEBUG [2026-10-09 18:06:19] -- 
DEBUG [2026-10-09 18:06:19]  Properties for TARGET dlog_headers:
DEBUG [2026-10-09 18:06:19]    dlog_headers.INTERFACE_INCLUDE_DIRECTORIES = "/usr/local/Ascend/cann-9.1.0/pkg_inc/base"
DEBUG [2026-10-09 18:06:19] 
DEBUG [2026-10-09 18:06:19] -- Found OPABSE include:/usr/local/Ascend/cann-9.1.0/aarch64-linux/include
DEBUG [2026-10-09 18:06:19] -- Found OPABSE lib:/usr/local/Ascend/cann-9.1.0/aarch64-linux/lib64/libops_base.so
DEBUG [2026-10-09 18:06:19] -- Found platform include:/usr/local/Ascend/cann-9.1.0/aarch64-linux/include
DEBUG [2026-10-09 18:06:19] -- Found register library:/usr/local/Ascend/cann-9.1.0/aarch64-linux/lib64/libregister.so
DEBUG [2026-10-09 18:06:19] -- Found opp_registry library:/usr/local/Ascend/cann-9.1.0/aarch64-linux/lib64/libopp_registry.so
DEBUG [2026-10-09 18:06:19] -- Found exe_graph library:/usr/local/Ascend/cann-9.1.0/aarch64-linux/lib64/libexe_graph.so
DEBUG [2026-10-09 18:06:19] -- Found graph_base library:/usr/local/Ascend/cann-9.1.0/aarch64-linux/lib64/libgraph_base.so
DEBUG [2026-10-09 18:06:19] -- Found error_manager library:/usr/local/Ascend/cann-9.1.0/aarch64-linux/lib64/liberror_manager.so
DEBUG [2026-10-09 18:06:19] -- Found metadef library:/usr/local/Ascend/cann-9.1.0/aarch64-linux/lib64/libmetadef.so
DEBUG [2026-10-09 18:06:19] -- Found rt2_registry library:/usr/local/Ascend/cann-9.1.0/aarch64-linux/lib64/librt2_registry.a
DEBUG [2026-10-09 18:06:19] -- Found source metadef include dir:  /usr/local/Ascend/cann-9.1.0/aarch64-linux/include/;/usr/local/Ascend/cann-9.1.0/aarch64-linux/include/exe_graph
DEBUG [2026-10-09 18:06:19] -- Found graph library:/usr/local/Ascend/cann-9.1.0/aarch64-linux/lib64/libgraph.so
DEBUG [2026-10-09 18:06:19] -- Found source acl include dir:  /usr/local/Ascend/cann-9.1.0/aarch64-linux/include
DEBUG [2026-10-09 18:06:19] -- Found source npuruntime include dir: /usr/local/Ascend/cann-9.1.0/aarch64-linux/pkg_inc/runtime
DEBUG [2026-10-09 18:06:19] -- Found aclnn include dir:  /usr/local/Ascend/cann-9.1.0/aarch64-linux/include
DEBUG [2026-10-09 18:06:19] -- Found opdev include dir:  /usr/local/Ascend/cann-9.1.0/aarch64-linux/include/aclnn
DEBUG [2026-10-09 18:06:19] -- Found tilingapi include:/usr/local/Ascend/cann-9.1.0/aarch64-linux/include
DEBUG [2026-10-09 18:06:19] -- TILINGAPI_INC_DIRS: /usr/local/Ascend/cann-9.1.0/aarch64-linux/include;/usr/local/Ascend/cann-9.1.0/aarch64-linux/ascendc;/usr/local/Ascend/cann-9.1.0/aarch64-linux/ascendc/include;/usr/local/Ascend/cann-9.1.0/aarch64-linux/ascendc/include/highlevel_api;/usr/local/Ascend/cann-9.1.0/aarch64-linux/ascendc/include/highlevel_api/lib;/usr/local/Ascend/cann-9.1.0/aarch64-linux/ascendc/include/highlevel_api/impl;/usr/local/Ascend/cann-9.1.0/aarch64-linux/ascendc/include/highlevel_api/tiling
DEBUG [2026-10-09 18:06:19] -- Found tilingapi lib:/usr/local/Ascend/cann-9.1.0/aarch64-linux/lib64/libtiling_api.a
DEBUG [2026-10-09 18:06:19] -- Using AICPU include dirs: /usr/local/Ascend/cann-9.1.0/aarch64-linux/include/aicpu;/usr/local/Ascend/cann-9.1.0/aarch64-linux/include/experiment;/usr/local/Ascend/cann-9.1.0/aarch64-linux/include/experiment/cce;/usr/local/Ascend/cann-9.1.0/aarch64-linux/include/experiment/msprof;/usr/local/Ascend/cann-9.1.0/aarch64-linux/pkg_inc;/usr/local/Ascend/cann-9.1.0/aarch64-linux/pkg_inc/aicpu;/usr/local/Ascend/cann-9.1.0/aarch64-linux/pkg_inc/aicpu_common/context;/usr/local/Ascend/cann-9.1.0/aarch64-linux/pkg_inc/aicpu_common/context/common;/usr/local/Ascend/cann-9.1.0/aarch64-linux/pkg_inc/aicpu_common/context/cpu_proto;/usr/local/Ascend/cann-9.1.0/aarch64-linux/pkg_inc/aicpu_common/context/utils;/usr/local/Ascend/cann-9.1.0/aarch64-linux/include/aicpu_common/context;/usr/local/Ascend/cann-9.1.0/aarch64-linux/include/aicpu_common/context/common;/usr/local/Ascend/cann-9.1.0/aarch64-linux/include/aicpu_common/context/cpu_proto;/usr/local/Ascend/cann-9.1.0/aarch64-linux/include/experiment/datagw/aicpu/common;/usr/local/Ascend/cann-9.1.0/aarch64-linux/include/aicpu_common/context/utils
DEBUG [2026-10-09 18:06:19] -- Found abseil-cpp in /ws/source/vllm-ascend/csrc/third_party/abseil-cpp
DEBUG [2026-10-09 18:06:19] -- Could NOT find ascend_protobuf_build_transformer (missing: ASCEND_PROTOBUF_SHARED_INCLUDE) 
DEBUG [2026-10-09 18:06:19] -- [ThirdPartyLib][ascend protobuf] ascend protobuf shared not found, finding binary file.
DEBUG [2026-10-09 18:06:19] -- [ThirdPartyLib][ascend protobuf] found in file:///ws/source/vllm-ascend/csrc/third_party/pkg/protobuf-25.1.tar.gz.
DEBUG [2026-10-09 18:06:19] -- Variables in alog module:
DEBUG [2026-10-09 18:06:19] -- alog_a_INCLUDE_DIR="/usr/local/Ascend/cann-9.1.0/include"
DEBUG [2026-10-09 18:06:19] -- slog_a_SHARED_LIBRARY="/usr/local/Ascend/cann-9.1.0/lib64/libascendalog.so"
DEBUG [2026-10-09 18:06:19] -- alog_a_SHARED_LIBRARY="/usr/local/Ascend/cann-9.1.0/lib64/libascendalog.so"
DEBUG [2026-10-09 18:06:19] -- 
DEBUG [2026-10-09 18:06:19]  Properties for TARGET slog_a:
DEBUG [2026-10-09 18:06:19]    slog_a.INTERFACE_COMPILE_DEFINITIONS = "LOG_CPP;PROCESS_LOG"
DEBUG [2026-10-09 18:06:19]    slog_a.INTERFACE_LINK_LIBRARIES = "alog_headers"
DEBUG [2026-10-09 18:06:19]    slog_a.IMPORTED_LOCATION = "/usr/local/Ascend/cann-9.1.0/lib64/libascendalog.so"
DEBUG [2026-10-09 18:06:19] 
DEBUG [2026-10-09 18:06:19] -- 
DEBUG [2026-10-09 18:06:19]  Properties for TARGET alog_a:
DEBUG [2026-10-09 18:06:19]    alog_a.INTERFACE_COMPILE_DEFINITIONS = "LOG_CPP;PROCESS_LOG"
DEBUG [2026-10-09 18:06:19]    alog_a.INTERFACE_LINK_LIBRARIES = "alog_headers"
DEBUG [2026-10-09 18:06:19]    alog_a.IMPORTED_LOCATION = "/usr/local/Ascend/cann-9.1.0/lib64/libascendalog.so"
DEBUG [2026-10-09 18:06:19] 
DEBUG [2026-10-09 18:06:19] -- 
DEBUG [2026-10-09 18:06:19]  Properties for TARGET alog_headers:
DEBUG [2026-10-09 18:06:19]    alog_headers.INTERFACE_INCLUDE_DIRECTORIES = "/usr/local/Ascend/cann-9.1.0/include;/usr/local/Ascend/cann-9.1.0/include/base"
DEBUG [2026-10-09 18:06:19] 
DEBUG [2026-10-09 18:06:19] -- Could NOT find unified_dlog (missing: _INCLUDE_ROOT_DIR) 
DEBUG [2026-10-09 18:06:19] -- === Debug: BUILD is BUILD_OPEN_PROJECT
DEBUG [2026-10-09 18:06:19] -- === Debug: BUILD is NOT BUILD_OPS_RTY_KERNEL
DEBUG [2026-10-09 18:06:19] -- === Debug: BUILD is BUILD_OPEN_PROJECT
DEBUG [2026-10-09 18:06:19] -- === Debug: BUILD is NOT BUILD_OPS_RTY_KERNEL
DEBUG [2026-10-09 18:06:19] -- k2q_csr: vendored k2q_csr_common/op_kernel -> */op_kernel/common
DEBUG [2026-10-09 18:06:19] -- [quant_lightning_indexer_v2_metadata] Found aicpu sources: /ws/source/vllm-ascend/csrc/attention/quant_lightning_indexer_v2_metadata/op_kernel_aicpu/quant_lightning_indexer_v2_metadata_aicpu.cpp, ascend dir: /usr/local/Ascend/cann-9.1.0, ophsot name: ophost_transformer
DEBUG [2026-10-09 18:06:19] -- [sparse_flash_mla_metadata] Found aicpu sources: /ws/source/vllm-ascend/csrc/attention/sparse_flash_mla_metadata/op_kernel_aicpu/sparse_flash_mla_metadata_aicpu.cpp, ascend dir: /usr/local/Ascend/cann-9.1.0, ophsot name: ophost_transformer
DEBUG [2026-10-09 18:06:19] -- Detected architecture: ARM64
DEBUG [2026-10-09 18:06:19] -- End building custom package.
DEBUG [2026-10-09 18:06:19] -- create aclnn master header file: /ws/source/vllm-ascend/csrc/build/aclnn_ops_transformer_custom.h
DEBUG [2026-10-09 18:06:19] -- no operator info to generate
DEBUG [2026-10-09 18:06:19] -- Linking cust_aicpu_kernels with ARM toolchain: /usr/local/Ascend/cann-9.1.0/toolkit/toolchain/hcc/bin/aarch64-target-linux-gnu-g++
DEBUG [2026-10-09 18:06:19] -- Objects: $<TARGET_OBJECTS:quant_lightning_indexer_v2_metadata_obj>;$<TARGET_OBJECTS:sparse_attn_sharedkv_metadata_obj>;$<TARGET_OBJECTS:sparse_flash_mla_metadata_obj>;$<TARGET_OBJECTS:store_kv_block_metadata_obj>;$<TARGET_OBJECTS:vllm_quant_lightning_indexer_metadata_obj>
DEBUG [2026-10-09 18:06:19] -- Output: /ws/source/vllm-ascend/csrc/build/libtransformer_aicpu_kernels.so
DEBUG [2026-10-09 18:06:19] -- Configuring done (11.4s)
DEBUG [2026-10-09 18:06:19] -- Generating done (0.3s)
DEBUG [2026-10-09 18:06:19] -- Build files have been written to: /ws/source/vllm-ascend/csrc/build
DEBUG [2026-10-09 18:06:19] [1/69] Building CXX object gmm/grouped_matmul_swiglu_quant/op_host/CMakeFiles/ophost_transformer_tiling_obj.dir/__/__/__/moe/chunk_gated_delta_rule_fwd_h/op_host/chunk_gated_delta_rule_fwd_h_tiling.cpp.o
DEBUG [2026-10-09 18:06:19] /ws/source/vllm-ascend/csrc/moe/chunk_gated_delta_rule_fwd_h/op_host/chunk_gated_delta_rule_fwd_h_tiling.cpp: In function ‘void optiling::ChunkGatedDeltaRuleFwdHTilingDataPrint(gert::TilingContext*, ChunkGatedDeltaRuleFwdHTilingData&)’:
DEBUG [2026-10-09 18:06:19] /ws/source/vllm-ascend/csrc/moe/chunk_gated_delta_rule_fwd_h/op_host/chunk_gated_delta_rule_fwd_h_tiling.cpp:59:10: warning: unused variable ‘nodeName’ [-Wunused-variable]
DEBUG [2026-10-09 18:06:19]    59 |     auto nodeName = context->GetNodeName();
DEBUG [2026-10-09 18:06:19]       |          ^~~~~~~~
DEBUG [2026-10-09 18:06:19] /ws/source/vllm-ascend/csrc/moe/chunk_gated_delta_rule_fwd_h/op_host/chunk_gated_delta_rule_fwd_h_tiling.cpp:57:117: warning: unused parameter ‘tiling’ [-Wunused-parameter]
DEBUG [2026-10-09 18:06:19]    57 | static void ChunkGatedDeltaRuleFwdHTilingDataPrint(gert::TilingContext *context, ChunkGatedDeltaRuleFwdHTilingData &tiling)
DEBUG [2026-10-09 18:06:19]       |                                                                                  ~~~~~~~~~~~~~~~~~~~~~~~~~~~~~~~~~~~^~~~~~
DEBUG [2026-10-09 18:06:19] [2/69] Building CXX object gmm/grouped_matmul_swiglu_quant/op_host/CMakeFiles/ophost_transformer_tiling_obj.dir/__/__/__/moe/chunk_fwd_o/op_host/chunk_fwd_o_tiling.cpp.o
DEBUG [2026-10-09 18:06:19] /ws/source/vllm-ascend/csrc/moe/chunk_fwd_o/op_host/chunk_fwd_o_tiling.cpp: In function ‘void optiling::ChunkFwdOTilingDataPrint(gert::TilingContext*, ChunkFwdOTilingData&)’:
DEBUG [2026-10-09 18:06:19] /ws/source/vllm-ascend/csrc/moe/chunk_fwd_o/op_host/chunk_fwd_o_tiling.cpp:40:10: warning: unused variable ‘nodeName’ [-Wunused-variable]
DEBUG [2026-10-09 18:06:19]    40 |     auto nodeName = context->GetNodeName();
DEBUG [2026-10-09 18:06:19]       |          ^~~~~~~~
DEBUG [2026-10-09 18:06:19] /ws/source/vllm-ascend/csrc/moe/chunk_fwd_o/op_host/chunk_fwd_o_tiling.cpp:38:89: warning: unused parameter ‘tiling’ [-Wunused-parameter]
DEBUG [2026-10-09 18:06:19]    38 | static void ChunkFwdOTilingDataPrint(gert::TilingContext *context, ChunkFwdOTilingData &tiling)
DEBUG [2026-10-09 18:06:19]       |                                                                    ~~~~~~~~~~~~~~~~~~~~~^~~~~~
DEBUG [2026-10-09 18:06:19] /ws/source/vllm-ascend/csrc/moe/chunk_fwd_o/op_host/chunk_fwd_o_tiling.cpp: In function ‘ge::graphStatus optiling::Tiling4ChunkFwdO(gert::TilingContext*)’:
DEBUG [2026-10-09 18:06:19] /ws/source/vllm-ascend/csrc/moe/chunk_fwd_o/op_host/chunk_fwd_o_tiling.cpp:82:19: warning: conversion from ‘double’ to ‘float’ may change value [-Wfloat-conversion]
DEBUG [2026-10-09 18:06:19]    82 |     float scale = *(attrPtr->GetAttrPointer<double>(ATTR_SCALE_IDX));
DEBUG [2026-10-09 18:06:19]       |                   ^~~~~~~~~~~~~~~~~~~~~~~~~~~~~~~~~~~~~~~~~~~~~~~~~~
DEBUG [2026-10-09 18:06:19] [3/69] Building CXX object gmm/grouped_matmul_swiglu_quant/op_host/CMakeFiles/ophost_transformer_tiling_obj.dir/__/__/__/moe/hc_post/op_host/hc_post_tiling.cpp.o
DEBUG [2026-10-09 18:06:19] /ws/source/vllm-ascend/csrc/moe/hc_post/op_host/hc_post_tiling.cpp: In function ‘ge::graphStatus optiling::TilingPrepare4HcPost(gert::TilingParseContext*)’:
DEBUG [2026-10-09 18:06:19] /ws/source/vllm-ascend/csrc/moe/hc_post/op_host/hc_post_tiling.cpp:222:64: warning: unused parameter ‘context’ [-Wunused-parameter]
DEBUG [2026-10-09 18:06:19]   222 | ge::graphStatus TilingPrepare4HcPost(gert::TilingParseContext* context)
DEBUG [2026-10-09 18:06:19]       |                                      ~~~~~~~~~~~~~~~~~~~~~~~~~~^~~~~~~
DEBUG [2026-10-09 18:06:19] [4/69] Building CXX object gmm/grouped_matmul_swiglu_quant/op_host/CMakeFiles/ophost_transformer_tiling_obj.dir/__/__/__/moe/moe_gating_top_k/op_host/moe_gating_top_k_tiling_base.cpp.o
DEBUG [2026-10-09 18:06:19] [5/69] Building CXX object gmm/grouped_matmul_swiglu_quant/op_host/CMakeFiles/ophost_transformer_tiling_obj.dir/__/__/grouped_matmul_swiglu_quant_weight_nz_tensor_list/op_host/grouped_matmul_swiglu_quant_weight_nz_tensor_list_tiling.cpp.o
DEBUG [2026-10-09 18:06:19] [6/69] Building CXX object gmm/grouped_matmul_swiglu_quant/op_host/CMakeFiles/ophost_transformer_tiling_obj.dir/__/__/__/moe/hc_pre/op_host/hc_pre_tiling.cpp.o
DEBUG [2026-10-09 18:06:19] In file included from /ws/source/vllm-ascend/csrc/moe/hc_pre/op_host/hc_pre_tiling.cpp:18:
DEBUG [2026-10-09 18:06:19] /ws/source/vllm-ascend/csrc/moe/hc_pre/op_host/hc_pre_tiling_arch35.h: In member function ‘ge::graphStatus optiling::HcPreTilingRegbase::HcPreTilingRegbase::CalcRegbaseOpTiling()’:
DEBUG [2026-10-09 18:06:19] /ws/source/vllm-ascend/csrc/moe/hc_pre/op_host/hc_pre_tiling_arch35.h:279:27: warning: conversion from ‘double’ to ‘float’ may change value [-Wfloat-conversion]
DEBUG [2026-10-09 18:06:19]   279 |     tilingData_.set_hcEps(hcEps_);
DEBUG [2026-10-09 18:06:19]       |                           ^~~~~~
DEBUG [2026-10-09 18:06:19] /ws/source/vllm-ascend/csrc/moe/hc_pre/op_host/hc_pre_tiling_arch35.h:280:29: warning: conversion from ‘double’ to ‘float’ may change value [-Wfloat-conversion]
DEBUG [2026-10-09 18:06:19]   280 |     tilingData_.set_normEps(normEps_);
DEBUG [2026-10-09 18:06:19]       |                             ^~~~~~~~
DEBUG [2026-10-09 18:06:19] /ws/source/vllm-ascend/csrc/moe/hc_pre/op_host/hc_pre_tiling_arch35.h: In member function ‘ge::graphStatus optiling::HcPreTilingRegbase::HcPreTilingRegbase::CalcMKSplitCorePart2Tiling()’:
DEBUG [2026-10-09 18:06:19] /ws/source/vllm-ascend/csrc/moe/hc_pre/op_host/hc_pre_tiling_arch35.h:394:27: warning: conversion from ‘double’ to ‘float’ may change value [-Wfloat-conversion]
DEBUG [2026-10-09 18:06:19]   394 |     tilingData_.set_hcEps(hcEps_);
DEBUG [2026-10-09 18:06:19]       |                           ^~~~~~
DEBUG [2026-10-09 18:06:19] /ws/source/vllm-ascend/csrc/moe/hc_pre/op_host/hc_pre_tiling_arch35.h:395:29: warning: conversion from ‘double’ to ‘float’ may change value [-Wfloat-conversion]
DEBUG [2026-10-09 18:06:19]   395 |     tilingData_.set_normEps(normEps_);
DEBUG [2026-10-09 18:06:19]       |                             ^~~~~~~~
DEBUG [2026-10-09 18:06:19] /ws/source/vllm-ascend/csrc/moe/hc_pre/op_host/hc_pre_tiling.cpp: In member function ‘ge::graphStatus optiling::HcPreTiling::CalcMKSplitCoreMembasePart2Tiling()’:
DEBUG [2026-10-09 18:06:19] /ws/source/vllm-ascend/csrc/moe/hc_pre/op_host/hc_pre_tiling.cpp:274:27: warning: conversion from ‘double’ to ‘float’ may change value [-Wfloat-conversion]
DEBUG [2026-10-09 18:06:19]   274 |     tilingData_.set_hcEps(hcEps_);
DEBUG [2026-10-09 18:06:19]       |                           ^~~~~~
DEBUG [2026-10-09 18:06:19] /ws/source/vllm-ascend/csrc/moe/hc_pre/op_host/hc_pre_tiling.cpp:275:29: warning: conversion from ‘double’ to ‘float’ may change value [-Wfloat-conversion]
DEBUG [2026-10-09 18:06:19]   275 |     tilingData_.set_normEps(normEps_);
DEBUG [2026-10-09 18:06:19]       |                             ^~~~~~~~
DEBUG [2026-10-09 18:06:19] [7/69] Building CXX object gmm/grouped_matmul_swiglu_quant/op_host/CMakeFiles/ophost_transformer_tiling_obj.dir/grouped_matmul_swiglu_quant_tiling.cpp.o
DEBUG [2026-10-09 18:06:19] In file included from /ws/source/vllm-ascend/csrc/common/include/tiling_base/tiling_base.h:22,
DEBUG [2026-10-09 18:06:19]                  from /ws/source/vllm-ascend/csrc/gmm/grouped_matmul_swiglu_quant/op_host/grouped_matmul_swiglu_quant_tiling.cpp:20:
DEBUG [2026-10-09 18:06:19] /ws/source/vllm-ascend/csrc/common/include/tiling_base/error_log.h:10: warning: "OP_LOGI" redefined
DEBUG [2026-10-09 18:06:19]    10 | #define OP_LOGI(opname, ...)
DEBUG [2026-10-09 18:06:19]       | 
DEBUG [2026-10-09 18:06:19] In file included from /ws/source/vllm-ascend/csrc/gmm/grouped_matmul_swiglu_quant/op_host/grouped_matmul_swiglu_quant_tiling.cpp:18:
DEBUG [2026-10-09 18:06:19] /usr/local/Ascend/cann-9.1.0/aarch64-linux/include/op_common/log/log.h:1118: note: this is the location of the previous definition
DEBUG [2026-10-09 18:06:19]  1118 | #define OP_LOGI(opName, ...) D_OP_LOGI(Ops::Base::GetOpInfo(opName), __VA_ARGS__)
DEBUG [2026-10-09 18:06:19]       | 
DEBUG [2026-10-09 18:06:19] /ws/source/vllm-ascend/csrc/common/include/tiling_base/error_log.h:11: warning: "OP_LOGD" redefined
DEBUG [2026-10-09 18:06:19]    11 | #define OP_LOGD(opname, ...)
DEBUG [2026-10-09 18:06:19]       | 
DEBUG [2026-10-09 18:06:19] /usr/local/Ascend/cann-9.1.0/aarch64-linux/include/op_common/log/log.h:1126: note: this is the location of the previous definition
DEBUG [2026-10-09 18:06:19]  1126 | #define OP_LOGD(opName, ...) D_OP_LOGD(Ops::Base::GetOpInfo(opName), __VA_ARGS__)
DEBUG [2026-10-09 18:06:19]       | 
DEBUG [2026-10-09 18:06:19] /ws/source/vllm-ascend/csrc/common/include/tiling_base/error_log.h:13: warning: "OP_LOGW" redefined
DEBUG [2026-10-09 18:06:19]    13 | #define OP_LOGW(opname, ...)       \
DEBUG [2026-10-09 18:06:19]       | 
DEBUG [2026-10-09 18:06:19] /usr/local/Ascend/cann-9.1.0/aarch64-linux/include/op_common/log/log.h:1119: note: this is the location of the previous definition
DEBUG [2026-10-09 18:06:19]  1119 | #define OP_LOGW(opName, ...) D_OP_LOGW(Ops::Base::GetOpInfo(opName), __VA_ARGS__)
DEBUG [2026-10-09 18:06:19]       | 
DEBUG [2026-10-09 18:06:19] /ws/source/vllm-ascend/csrc/common/include/tiling_base/error_log.h:21: warning: "OP_LOGE_WITHOUT_REPORT" redefined
DEBUG [2026-10-09 18:06:19]    21 | #define OP_LOGE_WITHOUT_REPORT(opname, ...) \
DEBUG [2026-10-09 18:06:19]       | 
DEBUG [2026-10-09 18:06:19] /usr/local/Ascend/cann-9.1.0/aarch64-linux/include/op_common/log/log.h:1120: note: this is the location of the previous definition
DEBUG [2026-10-09 18:06:19]  1120 | #define OP_LOGE_WITHOUT_REPORT(opName, ...) OP_LOGE_LIBOPAPI_REPORT(opName, __VA_ARGS__)
DEBUG [2026-10-09 18:06:19]       | 
DEBUG [2026-10-09 18:06:19] /ws/source/vllm-ascend/csrc/common/include/tiling_base/error_log.h:29: warning: "OP_LOGE" redefined
DEBUG [2026-10-09 18:06:19]    29 | #define OP_LOGE(opname, ...)       \
DEBUG [2026-10-09 18:06:19]       | 
DEBUG [2026-10-09 18:06:19] /usr/local/Ascend/cann-9.1.0/aarch64-linux/include/op_common/log/log.h:1121: note: this is the location of the previous definition
DEBUG [2026-10-09 18:06:19]  1121 | #define OP_LOGE(opName, ...)                            \
DEBUG [2026-10-09 18:06:19]       | 
DEBUG [2026-10-09 18:06:19] /ws/source/vllm-ascend/csrc/common/include/tiling_base/error_log.h:44: warning: "OP_CHECK_IF" redefined
DEBUG [2026-10-09 18:06:19]    44 | #define OP_CHECK_IF(cond, log_func, expr) \
DEBUG [2026-10-09 18:06:19]       | 
DEBUG [2026-10-09 18:06:19] /usr/local/Ascend/cann-9.1.0/aarch64-linux/include/op_common/log/log.h:1127: note: this is the location of the previous definition
DEBUG [2026-10-09 18:06:19]  1127 | #define OP_CHECK_IF(condition, log, return_expr) \
DEBUG [2026-10-09 18:06:19]       | 
DEBUG [2026-10-09 18:06:19] /ws/source/vllm-ascend/csrc/common/include/tiling_base/error_log.h:60: warning: "OP_CHECK_NULL_WITH_CONTEXT" redefined
DEBUG [2026-10-09 18:06:19]    60 | #define OP_CHECK_NULL_WITH_CONTEXT(context, ptr)                 \
DEBUG [2026-10-09 18:06:19]       | 
DEBUG [2026-10-09 18:06:19] /usr/local/Ascend/cann-9.1.0/aarch64-linux/include/op_common/log/log.h:1134: note: this is the location of the previous definition
DEBUG [2026-10-09 18:06:19]  1134 | #define OP_CHECK_NULL_WITH_CONTEXT(context, ptr)                                                           \
DEBUG [2026-10-09 18:06:19]       | 
DEBUG [2026-10-09 18:06:19] /usr/local/Ascend/cann-9.1.0/aarch64-linux/include/op_common/log/log.h:45:9: warning: redundant redeclaration of ‘int32_t CheckLogLevel(int32_t, int32_t)’ in same scope [-Wredundant-decls]
DEBUG [2026-10-09 18:06:19]    45 | int32_t CheckLogLevel(int32_t moduleId, int32_t logLevel);
DEBUG [2026-10-09 18:06:19]       |         ^~~~~~~~~~~~~
DEBUG [2026-10-09 18:06:19] In file included from <command-line>:
DEBUG [2026-10-09 18:06:19] /ws/source/vllm-ascend/csrc/common/include/cann_compat.h:24:9: note: previous declaration of ‘int32_t CheckLogLevel(int32_t, int32_t)’
DEBUG [2026-10-09 18:06:19]    24 | int32_t CheckLogLevel(int32_t moduleId, int32_t logLevel);
DEBUG [2026-10-09 18:06:19]       |         ^~~~~~~~~~~~~
DEBUG [2026-10-09 18:06:19] /usr/local/Ascend/cann-9.1.0/aarch64-linux/include/op_common/log/log.h:46:6: warning: redundant redeclaration of ‘void DlogRecord(int32_t, int32_t, const char*, ...)’ in same scope [-Wredundant-decls]
DEBUG [2026-10-09 18:06:19]    46 | void DlogRecord(int32_t moduleId, int32_t level, const char* fmt, ...);
DEBUG [2026-10-09 18:06:19]       |      ^~~~~~~~~~
DEBUG [2026-10-09 18:06:19] /ws/source/vllm-ascend/csrc/common/include/cann_compat.h:25:6: note: previous declaration of ‘void DlogRecord(int32_t, int32_t, const char*, ...)’
DEBUG [2026-10-09 18:06:19]    25 | void DlogRecord(int32_t moduleId, int32_t level, const char *fmt, ...);
DEBUG [2026-10-09 18:06:19]       |      ^~~~~~~~~~
DEBUG [2026-10-09 18:06:19] /ws/source/vllm-ascend/csrc/gmm/grouped_matmul_swiglu_quant/op_host/grouped_matmul_swiglu_quant_tiling.cpp: In function ‘ge::graphStatus optiling::TilingGMMSwigluQuant(gert::TilingContext*)’:
DEBUG [2026-10-09 18:06:19] /ws/source/vllm-ascend/csrc/gmm/grouped_matmul_swiglu_quant/op_host/grouped_matmul_swiglu_quant_tiling.cpp:145:34: warning: declaration of ‘limitedPtr’ shadows a previous local [-Wshadow]
DEBUG [2026-10-09 18:06:19]   145 |         } else if (const double *limitedPtr = attrs->GetAttrPointer<double>(ATTR_INDEX_LIMITED)) {
DEBUG [2026-10-09 18:06:19]       |                                  ^~~~~~~~~~
DEBUG [2026-10-09 18:06:19] /ws/source/vllm-ascend/csrc/gmm/grouped_matmul_swiglu_quant/op_host/grouped_matmul_swiglu_quant_tiling.cpp:143:26: note: shadowed declaration is here
DEBUG [2026-10-09 18:06:19]   143 |         if (const float *limitedPtr = attrs->GetAttrPointer<float>(ATTR_INDEX_LIMITED)) {
DEBUG [2026-10-09 18:06:19]       |                          ^~~~~~~~~~
DEBUG [2026-10-09 18:06:19] [8/69] Building CXX object gmm/grouped_matmul_swiglu_quant/op_host/CMakeFiles/ophost_transformer_tiling_obj.dir/__/__/grouped_matmul_swiglu_quant_v2/op_host/grouped_matmul_swiglu_quant_v2_fusion_tiling.cpp.o
DEBUG [2026-10-09 18:06:19] In file included from /ws/source/vllm-ascend/csrc/common/include/err/ops_err.h:19,
DEBUG [2026-10-09 18:06:19]                  from /ws/source/vllm-ascend/csrc/gmm/grouped_matmul_swiglu_quant_v2/op_host/grouped_matmul_swiglu_quant_v2_fusion_tiling.h:20,
DEBUG [2026-10-09 18:06:19]                  from /ws/source/vllm-ascend/csrc/gmm/grouped_matmul_swiglu_quant_v2/op_host/grouped_matmul_swiglu_quant_v2_fusion_tiling.cpp:15:
DEBUG [2026-10-09 18:06:19] /usr/local/Ascend/cann-9.1.0/aarch64-linux/include/op_common/log/log.h:1118: warning: "OP_LOGI" redefined
DEBUG [2026-10-09 18:06:19]  1118 | #define OP_LOGI(opName, ...) D_OP_LOGI(Ops::Base::GetOpInfo(opName), __VA_ARGS__)
DEBUG [2026-10-09 18:06:19]       | 
DEBUG [2026-10-09 18:06:19] In file included from /ws/source/vllm-ascend/csrc/common/include/tiling_base/tiling_base.h:22,
DEBUG [2026-10-09 18:06:19]                  from /ws/source/vllm-ascend/csrc/gmm/grouped_matmul_swiglu_quant_v2/op_host/grouped_matmul_swiglu_quant_v2_tiling.h:19,
DEBUG [2026-10-09 18:06:19]                  from /ws/source/vllm-ascend/csrc/gmm/grouped_matmul_swiglu_quant_v2/op_host/grouped_matmul_swiglu_quant_v2_fusion_tiling.h:18:
DEBUG [2026-10-09 18:06:19] /ws/source/vllm-ascend/csrc/common/include/tiling_base/error_log.h:10: note: this is the location of the previous definition
DEBUG [2026-10-09 18:06:19]    10 | #define OP_LOGI(opname, ...)
DEBUG [2026-10-09 18:06:19]       | 
DEBUG [2026-10-09 18:06:19] /usr/local/Ascend/cann-9.1.0/aarch64-linux/include/op_common/log/log.h:1119: warning: "OP_LOGW" redefined
DEBUG [2026-10-09 18:06:19]  1119 | #define OP_LOGW(opName, ...) D_OP_LOGW(Ops::Base::GetOpInfo(opName), __VA_ARGS__)
DEBUG [2026-10-09 18:06:19]       | 
DEBUG [2026-10-09 18:06:19] /ws/source/vllm-ascend/csrc/common/include/tiling_base/error_log.h:13: note: this is the location of the previous definition
DEBUG [2026-10-09 18:06:19]    13 | #define OP_LOGW(opname, ...)       \
DEBUG [2026-10-09 18:06:19]       | 
DEBUG [2026-10-09 18:06:19] /usr/local/Ascend/cann-9.1.0/aarch64-linux/include/op_common/log/log.h:1120: warning: "OP_LOGE_WITHOUT_REPORT" redefined
DEBUG [2026-10-09 18:06:19]  1120 | #define OP_LOGE_WITHOUT_REPORT(opName, ...) OP_LOGE_LIBOPAPI_REPORT(opName, __VA_ARGS__)
DEBUG [2026-10-09 18:06:19]       | 
DEBUG [2026-10-09 18:06:19] /ws/source/vllm-ascend/csrc/common/include/tiling_base/error_log.h:21: note: this is the location of the previous definition
DEBUG [2026-10-09 18:06:19]    21 | #define OP_LOGE_WITHOUT_REPORT(opname, ...) \
DEBUG [2026-10-09 18:06:19]       | 
DEBUG [2026-10-09 18:06:19] /usr/local/Ascend/cann-9.1.0/aarch64-linux/include/op_common/log/log.h:1121: warning: "OP_LOGE" redefined
DEBUG [2026-10-09 18:06:19]  1121 | #define OP_LOGE(opName, ...)                            \
DEBUG [2026-10-09 18:06:19]       | 
DEBUG [2026-10-09 18:06:19] /ws/source/vllm-ascend/csrc/common/include/tiling_base/error_log.h:29: note: this is the location of the previous definition
DEBUG [2026-10-09 18:06:19]    29 | #define OP_LOGE(opname, ...)       \
DEBUG [2026-10-09 18:06:19]       | 
DEBUG [2026-10-09 18:06:19] /usr/local/Ascend/cann-9.1.0/aarch64-linux/include/op_common/log/log.h:1126: warning: "OP_LOGD" redefined
DEBUG [2026-10-09 18:06:19]  1126 | #define OP_LOGD(opName, ...) D_OP_LOGD(Ops::Base::GetOpInfo(opName), __VA_ARGS__)
DEBUG [2026-10-09 18:06:19]       | 
DEBUG [2026-10-09 18:06:19] /ws/source/vllm-ascend/csrc/common/include/tiling_base/error_log.h:11: note: this is the location of the previous definition
DEBUG [2026-10-09 18:06:19]    11 | #define OP_LOGD(opname, ...)
DEBUG [2026-10-09 18:06:19]       | 
DEBUG [2026-10-09 18:06:19] /usr/local/Ascend/cann-9.1.0/aarch64-linux/include/op_common/log/log.h:1127: warning: "OP_CHECK_IF" redefined
DEBUG [2026-10-09 18:06:19]  1127 | #define OP_CHECK_IF(condition, log, return_expr) \
DEBUG [2026-10-09 18:06:19]       | 
DEBUG [2026-10-09 18:06:19] /ws/source/vllm-ascend/csrc/common/include/tiling_base/error_log.h:44: note: this is the location of the previous definition
DEBUG [2026-10-09 18:06:19]    44 | #define OP_CHECK_IF(cond, log_func, expr) \
DEBUG [2026-10-09 18:06:19]       | 
DEBUG [2026-10-09 18:06:19] /usr/local/Ascend/cann-9.1.0/aarch64-linux/include/op_common/log/log.h:1134: warning: "OP_CHECK_NULL_WITH_CONTEXT" redefined
DEBUG [2026-10-09 18:06:19]  1134 | #define OP_CHECK_NULL_WITH_CONTEXT(context, ptr)                                                           \
DEBUG [2026-10-09 18:06:19]       | 
DEBUG [2026-10-09 18:06:19] /ws/source/vllm-ascend/csrc/common/include/tiling_base/error_log.h:60: note: this is the location of the previous definition
DEBUG [2026-10-09 18:06:19]    60 | #define OP_CHECK_NULL_WITH_CONTEXT(context, ptr)                 \
DEBUG [2026-10-09 18:06:19]       | 
DEBUG [2026-10-09 18:06:19] /usr/local/Ascend/cann-9.1.0/aarch64-linux/include/op_common/log/log.h:45:9: warning: redundant redeclaration of ‘int32_t CheckLogLevel(int32_t, int32_t)’ in same scope [-Wredundant-decls]
DEBUG [2026-10-09 18:06:19]    45 | int32_t CheckLogLevel(int32_t moduleId, int32_t logLevel);
DEBUG [2026-10-09 18:06:19]       |         ^~~~~~~~~~~~~
DEBUG [2026-10-09 18:06:19] In file included from <command-line>:
DEBUG [2026-10-09 18:06:19] /ws/source/vllm-ascend/csrc/common/include/cann_compat.h:24:9: note: previous declaration of ‘int32_t CheckLogLevel(int32_t, int32_t)’
DEBUG [2026-10-09 18:06:19]    24 | int32_t CheckLogLevel(int32_t moduleId, int32_t logLevel);
DEBUG [2026-10-09 18:06:19]       |         ^~~~~~~~~~~~~
DEBUG [2026-10-09 18:06:19] /usr/local/Ascend/cann-9.1.0/aarch64-linux/include/op_common/log/log.h:46:6: warning: redundant redeclaration of ‘void DlogRecord(int32_t, int32_t, const char*, ...)’ in same scope [-Wredundant-decls]
DEBUG [2026-10-09 18:06:19]    46 | void DlogRecord(int32_t moduleId, int32_t level, const char* fmt, ...);
DEBUG [2026-10-09 18:06:19]       |      ^~~~~~~~~~
DEBUG [2026-10-09 18:06:19] /ws/source/vllm-ascend/csrc/common/include/cann_compat.h:25:6: note: previous declaration of ‘void DlogRecord(int32_t, int32_t, const char*, ...)’
DEBUG [2026-10-09 18:06:19]    25 | void DlogRecord(int32_t moduleId, int32_t level, const char *fmt, ...);
DEBUG [2026-10-09 18:06:19]       |      ^~~~~~~~~~
DEBUG [2026-10-09 18:06:19] /ws/source/vllm-ascend/csrc/gmm/grouped_matmul_swiglu_quant_v2/op_host/grouped_matmul_swiglu_quant_v2_fusion_tiling.cpp: In member function ‘ge::graphStatus optiling::GroupedMatmulSwigluQuantV2Tiling::GroupedMatmulSwigluQuantV2FusionTiling::ParseInputAndAttr()’:
DEBUG [2026-10-09 18:06:19] /ws/source/vllm-ascend/csrc/gmm/grouped_matmul_swiglu_quant_v2/op_host/grouped_matmul_swiglu_quant_v2_fusion_tiling.cpp:81:33: warning: conversion from ‘double’ to ‘float’ may change value [-Wfloat-conversion]
DEBUG [2026-10-09 18:06:19]    81 |     tilingData_.set_swigluLimit(swigluLimt_);
DEBUG [2026-10-09 18:06:19]       |                                 ^~~~~~~~~~~
DEBUG [2026-10-09 18:06:19] [9/69] Building CXX object gmm/grouped_matmul_swiglu_quant/op_host/CMakeFiles/ophost_transformer_tiling_obj.dir/__/__/__/moe/moe_gating_top_k/op_host/moe_gating_top_k_tiling_arch35.cpp.o
DEBUG [2026-10-09 18:06:19] [10/69] Building CXX object gmm/grouped_matmul_swiglu_quant/op_host/CMakeFiles/ophost_transformer_tiling_obj.dir/__/__/grouped_matmul_swiglu_quant_v2/op_host/grouped_matmul_swiglu_quant_v2_base_tiling.cpp.o
DEBUG [2026-10-09 18:06:19] In file included from /ws/source/vllm-ascend/csrc/common/include/err/ops_err.h:19,
DEBUG [2026-10-09 18:06:19]                  from /ws/source/vllm-ascend/csrc/gmm/grouped_matmul_swiglu_quant_v2/op_host/grouped_matmul_swiglu_quant_v2_base_tiling.h:20,
DEBUG [2026-10-09 18:06:19]                  from /ws/source/vllm-ascend/csrc/gmm/grouped_matmul_swiglu_quant_v2/op_host/grouped_matmul_swiglu_quant_v2_base_tiling.cpp:15:
DEBUG [2026-10-09 18:06:19] /usr/local/Ascend/cann-9.1.0/aarch64-linux/include/op_common/log/log.h:1118: warning: "OP_LOGI" redefined
DEBUG [2026-10-09 18:06:19]  1118 | #define OP_LOGI(opName, ...) D_OP_LOGI(Ops::Base::GetOpInfo(opName), __VA_ARGS__)
DEBUG [2026-10-09 18:06:19]       | 
DEBUG [2026-10-09 18:06:19] In file included from /ws/source/vllm-ascend/csrc/common/include/tiling_base/tiling_base.h:22,
DEBUG [2026-10-09 18:06:19]                  from /ws/source/vllm-ascend/csrc/gmm/grouped_matmul_swiglu_quant_v2/op_host/grouped_matmul_swiglu_quant_v2_tiling.h:19,
DEBUG [2026-10-09 18:06:19]                  from /ws/source/vllm-ascend/csrc/gmm/grouped_matmul_swiglu_quant_v2/op_host/grouped_matmul_swiglu_quant_v2_base_tiling.h:18:
DEBUG [2026-10-09 18:06:19] /ws/source/vllm-ascend/csrc/common/include/tiling_base/error_log.h:10: note: this is the location of the previous definition
DEBUG [2026-10-09 18:06:19]    10 | #define OP_LOGI(opname, ...)
DEBUG [2026-10-09 18:06:19]       | 
DEBUG [2026-10-09 18:06:19] /usr/local/Ascend/cann-9.1.0/aarch64-linux/include/op_common/log/log.h:1119: warning: "OP_LOGW" redefined
DEBUG [2026-10-09 18:06:19]  1119 | #define OP_LOGW(opName, ...) D_OP_LOGW(Ops::Base::GetOpInfo(opName), __VA_ARGS__)
DEBUG [2026-10-09 18:06:19]       | 
DEBUG [2026-10-09 18:06:19] /ws/source/vllm-ascend/csrc/common/include/tiling_base/error_log.h:13: note: this is the location of the previous definition
DEBUG [2026-10-09 18:06:19]    13 | #define OP_LOGW(opname, ...)       \
DEBUG [2026-10-09 18:06:19]       | 
DEBUG [2026-10-09 18:06:19] /usr/local/Ascend/cann-9.1.0/aarch64-linux/include/op_common/log/log.h:1120: warning: "OP_LOGE_WITHOUT_REPORT" redefined
DEBUG [2026-10-09 18:06:19]  1120 | #define OP_LOGE_WITHOUT_REPORT(opName, ...) OP_LOGE_LIBOPAPI_REPORT(opName, __VA_ARGS__)
DEBUG [2026-10-09 18:06:19]       | 
DEBUG [2026-10-09 18:06:19] /ws/source/vllm-ascend/csrc/common/include/tiling_base/error_log.h:21: note: this is the location of the previous definition
DEBUG [2026-10-09 18:06:19]    21 | #define OP_LOGE_WITHOUT_REPORT(opname, ...) \
DEBUG [2026-10-09 18:06:19]       | 
DEBUG [2026-10-09 18:06:19] /usr/local/Ascend/cann-9.1.0/aarch64-linux/include/op_common/log/log.h:1121: warning: "OP_LOGE" redefined
DEBUG [2026-10-09 18:06:19]  1121 | #define OP_LOGE(opName, ...)                            \
DEBUG [2026-10-09 18:06:19]       | 
DEBUG [2026-10-09 18:06:19] /ws/source/vllm-ascend/csrc/common/include/tiling_base/error_log.h:29: note: this is the location of the previous definition
DEBUG [2026-10-09 18:06:19]    29 | #define OP_LOGE(opname, ...)       \
DEBUG [2026-10-09 18:06:19]       | 
DEBUG [2026-10-09 18:06:19] /usr/local/Ascend/cann-9.1.0/aarch64-linux/include/op_common/log/log.h:1126: warning: "OP_LOGD" redefined
DEBUG [2026-10-09 18:06:19]  1126 | #define OP_LOGD(opName, ...) D_OP_LOGD(Ops::Base::GetOpInfo(opName), __VA_ARGS__)
DEBUG [2026-10-09 18:06:19]       | 
DEBUG [2026-10-09 18:06:19] /ws/source/vllm-ascend/csrc/common/include/tiling_base/error_log.h:11: note: this is the location of the previous definition
DEBUG [2026-10-09 18:06:19]    11 | #define OP_LOGD(opname, ...)
DEBUG [2026-10-09 18:06:19]       | 
DEBUG [2026-10-09 18:06:19] /usr/local/Ascend/cann-9.1.0/aarch64-linux/include/op_common/log/log.h:1127: warning: "OP_CHECK_IF" redefined
DEBUG [2026-10-09 18:06:19]  1127 | #define OP_CHECK_IF(condition, log, return_expr) \
DEBUG [2026-10-09 18:06:19]       | 
DEBUG [2026-10-09 18:06:19] /ws/source/vllm-ascend/csrc/common/include/tiling_base/error_log.h:44: note: this is the location of the previous definition
DEBUG [2026-10-09 18:06:19]    44 | #define OP_CHECK_IF(cond, log_func, expr) \
DEBUG [2026-10-09 18:06:19]       | 
DEBUG [2026-10-09 18:06:19] /usr/local/Ascend/cann-9.1.0/aarch64-linux/include/op_common/log/log.h:1134: warning: "OP_CHECK_NULL_WITH_CONTEXT" redefined
DEBUG [2026-10-09 18:06:19]  1134 | #define OP_CHECK_NULL_WITH_CONTEXT(context, ptr)                                                           \
DEBUG [2026-10-09 18:06:19]       | 
DEBUG [2026-10-09 18:06:19] /ws/source/vllm-ascend/csrc/common/include/tiling_base/error_log.h:60: note: this is the location of the previous definition
DEBUG [2026-10-09 18:06:19]    60 | #define OP_CHECK_NULL_WITH_CONTEXT(context, ptr)                 \
DEBUG [2026-10-09 18:06:19]       | 
DEBUG [2026-10-09 18:06:19] /usr/local/Ascend/cann-9.1.0/aarch64-linux/include/op_common/log/log.h:45:9: warning: redundant redeclaration of ‘int32_t CheckLogLevel(int32_t, int32_t)’ in same scope [-Wredundant-decls]
DEBUG [2026-10-09 18:06:19]    45 | int32_t CheckLogLevel(int32_t moduleId, int32_t logLevel);
DEBUG [2026-10-09 18:06:19]       |         ^~~~~~~~~~~~~
DEBUG [2026-10-09 18:06:19] In file included from <command-line>:
DEBUG [2026-10-09 18:06:19] /ws/source/vllm-ascend/csrc/common/include/cann_compat.h:24:9: note: previous declaration of ‘int32_t CheckLogLevel(int32_t, int32_t)’
DEBUG [2026-10-09 18:06:19]    24 | int32_t CheckLogLevel(int32_t moduleId, int32_t logLevel);
DEBUG [2026-10-09 18:06:19]       |         ^~~~~~~~~~~~~
DEBUG [2026-10-09 18:06:19] /usr/local/Ascend/cann-9.1.0/aarch64-linux/include/op_common/log/log.h:46:6: warning: redundant redeclaration of ‘void DlogRecord(int32_t, int32_t, const char*, ...)’ in same scope [-Wredundant-decls]
DEBUG [2026-10-09 18:06:19]    46 | void DlogRecord(int32_t moduleId, int32_t level, const char* fmt, ...);
DEBUG [2026-10-09 18:06:19]       |      ^~~~~~~~~~
DEBUG [2026-10-09 18:06:19] /ws/source/vllm-ascend/csrc/common/include/cann_compat.h:25:6: note: previous declaration of ‘void DlogRecord(int32_t, int32_t, const char*, ...)’
DEBUG [2026-10-09 18:06:19]    25 | void DlogRecord(int32_t moduleId, int32_t level, const char *fmt, ...);
DEBUG [2026-10-09 18:06:19]       |      ^~~~~~~~~~
DEBUG [2026-10-09 18:06:19] /ws/source/vllm-ascend/csrc/gmm/grouped_matmul_swiglu_quant_v2/op_host/grouped_matmul_swiglu_quant_v2_base_tiling.cpp: In member function ‘ge::graphStatus optiling::GroupedMatmulSwigluQuantV2Tiling::GroupedMatmulSwigluQuantV2BaseTiling::ParseInputAndAttr()’:
DEBUG [2026-10-09 18:06:19] /ws/source/vllm-ascend/csrc/gmm/grouped_matmul_swiglu_quant_v2/op_host/grouped_matmul_swiglu_quant_v2_base_tiling.cpp:175:60: warning: conversion from ‘double’ to ‘float’ may change value [-Wfloat-conversion]
DEBUG [2026-10-09 18:06:19]   175 |     tilingData_.gmmSwigluQuantV2BaseParams.set_swigluLimit(swigluLimt_);
DEBUG [2026-10-09 18:06:19]       |                                                            ^~~~~~~~~~~
DEBUG [2026-10-09 18:06:19] [11/69] Building CXX object gmm/grouped_matmul_swiglu_quant/op_host/CMakeFiles/ophost_transformer_tiling_obj.dir/__/__/__/moe/moe_gating_top_k/op_host/moe_gating_top_k_tiling.cpp.o
DEBUG [2026-10-09 18:06:19] [12/69] Building CXX object gmm/grouped_matmul_swiglu_quant/op_host/CMakeFiles/ophost_transformer_tiling_obj.dir/__/__/grouped_matmul_swiglu_quant_v2/op_host/grouped_matmul_swiglu_quant_v2_tiling.cpp.o
DEBUG [2026-10-09 18:06:19] In file included from /ws/source/vllm-ascend/csrc/gmm/grouped_matmul_swiglu_quant_v2/op_host/grouped_matmul_swiglu_quant_v2_tiling.cpp:20:
DEBUG [2026-10-09 18:06:19] /usr/local/Ascend/cann-9.1.0/aarch64-linux/include/op_common/log/log.h:1118: warning: "OP_LOGI" redefined
DEBUG [2026-10-09 18:06:19]  1118 | #define OP_LOGI(opName, ...) D_OP_LOGI(Ops::Base::GetOpInfo(opName), __VA_ARGS__)
DEBUG [2026-10-09 18:06:19]       | 
DEBUG [2026-10-09 18:06:19] In file included from /ws/source/vllm-ascend/csrc/common/include/tiling_base/tiling_base.h:22,
DEBUG [2026-10-09 18:06:19]                  from /ws/source/vllm-ascend/csrc/gmm/grouped_matmul_swiglu_quant_v2/op_host/grouped_matmul_swiglu_quant_v2_tiling.h:19,
DEBUG [2026-10-09 18:06:19]                  from /ws/source/vllm-ascend/csrc/gmm/grouped_matmul_swiglu_quant_v2/op_host/grouped_matmul_swiglu_quant_v2_tiling.cpp:16:
DEBUG [2026-10-09 18:06:19] /ws/source/vllm-ascend/csrc/common/include/tiling_base/error_log.h:10: note: this is the location of the previous definition
DEBUG [2026-10-09 18:06:19]    10 | #define OP_LOGI(opname, ...)
DEBUG [2026-10-09 18:06:19]       | 
DEBUG [2026-10-09 18:06:19] /usr/local/Ascend/cann-9.1.0/aarch64-linux/include/op_common/log/log.h:1119: warning: "OP_LOGW" redefined
DEBUG [2026-10-09 18:06:19]  1119 | #define OP_LOGW(opName, ...) D_OP_LOGW(Ops::Base::GetOpInfo(opName), __VA_ARGS__)
DEBUG [2026-10-09 18:06:19]       | 
DEBUG [2026-10-09 18:06:19] /ws/source/vllm-ascend/csrc/common/include/tiling_base/error_log.h:13: note: this is the location of the previous definition
DEBUG [2026-10-09 18:06:19]    13 | #define OP_LOGW(opname, ...)       \
DEBUG [2026-10-09 18:06:19]       | 
DEBUG [2026-10-09 18:06:19] /usr/local/Ascend/cann-9.1.0/aarch64-linux/include/op_common/log/log.h:1120: warning: "OP_LOGE_WITHOUT_REPORT" redefined
DEBUG [2026-10-09 18:06:19]  1120 | #define OP_LOGE_WITHOUT_REPORT(opName, ...) OP_LOGE_LIBOPAPI_REPORT(opName, __VA_ARGS__)
DEBUG [2026-10-09 18:06:19]       | 
DEBUG [2026-10-09 18:06:19] /ws/source/vllm-ascend/csrc/common/include/tiling_base/error_log.h:21: note: this is the location of the previous definition
DEBUG [2026-10-09 18:06:19]    21 | #define OP_LOGE_WITHOUT_REPORT(opname, ...) \
DEBUG [2026-10-09 18:06:19]       | 
DEBUG [2026-10-09 18:06:19] /usr/local/Ascend/cann-9.1.0/aarch64-linux/include/op_common/log/log.h:1121: warning: "OP_LOGE" redefined
DEBUG [2026-10-09 18:06:19]  1121 | #define OP_LOGE(opName, ...)                            \
DEBUG [2026-10-09 18:06:19]       | 
DEBUG [2026-10-09 18:06:19] /ws/source/vllm-ascend/csrc/common/include/tiling_base/error_log.h:29: note: this is the location of the previous definition
DEBUG [2026-10-09 18:06:19]    29 | #define OP_LOGE(opname, ...)       \
DEBUG [2026-10-09 18:06:19]       | 
DEBUG [2026-10-09 18:06:19] /usr/local/Ascend/cann-9.1.0/aarch64-linux/include/op_common/log/log.h:1126: warning: "OP_LOGD" redefined
DEBUG [2026-10-09 18:06:19]  1126 | #define OP_LOGD(opName, ...) D_OP_LOGD(Ops::Base::GetOpInfo(opName), __VA_ARGS__)
DEBUG [2026-10-09 18:06:19]       | 
DEBUG [2026-10-09 18:06:19] /ws/source/vllm-ascend/csrc/common/include/tiling_base/error_log.h:11: note: this is the location of the previous definition
DEBUG [2026-10-09 18:06:19]    11 | #define OP_LOGD(opname, ...)
DEBUG [2026-10-09 18:06:19]       | 
DEBUG [2026-10-09 18:06:19] /usr/local/Ascend/cann-9.1.0/aarch64-linux/include/op_common/log/log.h:1127: warning: "OP_CHECK_IF" redefined
DEBUG [2026-10-09 18:06:19]  1127 | #define OP_CHECK_IF(condition, log, return_expr) \
DEBUG [2026-10-09 18:06:19]       | 
DEBUG [2026-10-09 18:06:19] /ws/source/vllm-ascend/csrc/common/include/tiling_base/error_log.h:44: note: this is the location of the previous definition
DEBUG [2026-10-09 18:06:19]    44 | #define OP_CHECK_IF(cond, log_func, expr) \
DEBUG [2026-10-09 18:06:19]       | 
DEBUG [2026-10-09 18:06:19] /usr/local/Ascend/cann-9.1.0/aarch64-linux/include/op_common/log/log.h:1134: warning: "OP_CHECK_NULL_WITH_CONTEXT" redefined
DEBUG [2026-10-09 18:06:19]  1134 | #define OP_CHECK_NULL_WITH_CONTEXT(context, ptr)                                                           \
DEBUG [2026-10-09 18:06:19]       | 
DEBUG [2026-10-09 18:06:19] /ws/source/vllm-ascend/csrc/common/include/tiling_base/error_log.h:60: note: this is the location of the previous definition
DEBUG [2026-10-09 18:06:19]    60 | #define OP_CHECK_NULL_WITH_CONTEXT(context, ptr)                 \
DEBUG [2026-10-09 18:06:19]       | 
DEBUG [2026-10-09 18:06:19] /usr/local/Ascend/cann-9.1.0/aarch64-linux/include/op_common/log/log.h:45:9: warning: redundant redeclaration of ‘int32_t CheckLogLevel(int32_t, int32_t)’ in same scope [-Wredundant-decls]
DEBUG [2026-10-09 18:06:19]    45 | int32_t CheckLogLevel(int32_t moduleId, int32_t logLevel);
DEBUG [2026-10-09 18:06:19]       |         ^~~~~~~~~~~~~
DEBUG [2026-10-09 18:06:19] In file included from <command-line>:
DEBUG [2026-10-09 18:06:19] /ws/source/vllm-ascend/csrc/common/include/cann_compat.h:24:9: note: previous declaration of ‘int32_t CheckLogLevel(int32_t, int32_t)’
DEBUG [2026-10-09 18:06:19]    24 | int32_t CheckLogLevel(int32_t moduleId, int32_t logLevel);
DEBUG [2026-10-09 18:06:19]       |         ^~~~~~~~~~~~~
DEBUG [2026-10-09 18:06:19] /usr/local/Ascend/cann-9.1.0/aarch64-linux/include/op_common/log/log.h:46:6: warning: redundant redeclaration of ‘void DlogRecord(int32_t, int32_t, const char*, ...)’ in same scope [-Wredundant-decls]
DEBUG [2026-10-09 18:06:19]    46 | void DlogRecord(int32_t moduleId, int32_t level, const char* fmt, ...);
DEBUG [2026-10-09 18:06:19]       |      ^~~~~~~~~~
DEBUG [2026-10-09 18:06:19] /ws/source/vllm-ascend/csrc/common/include/cann_compat.h:25:6: note: previous declaration of ‘void DlogRecord(int32_t, int32_t, const char*, ...)’
DEBUG [2026-10-09 18:06:19]    25 | void DlogRecord(int32_t moduleId, int32_t level, const char *fmt, ...);
DEBUG [2026-10-09 18:06:19]       |      ^~~~~~~~~~
DEBUG [2026-10-09 18:06:19] [13/69] Building CXX object gmm/grouped_matmul_swiglu_quant/op_host/CMakeFiles/ophost_transformer_tiling_obj.dir/__/__/__/moe/dequant_situ_quant/op_host/dequant_situ_quant_tiling.cpp.o
DEBUG [2026-10-09 18:06:19] In file included from /ws/source/vllm-ascend/csrc/moe/dequant_situ_quant/op_host/dequant_situ_quant_tiling.h:23,
DEBUG [2026-10-09 18:06:19]                  from /ws/source/vllm-ascend/csrc/moe/dequant_situ_quant/op_host/dequant_situ_quant_tiling.cpp:22:
DEBUG [2026-10-09 18:06:19] /usr/local/Ascend/cann-9.1.0/aarch64-linux/include/op_common/log/log.h:45:9: warning: redundant redeclaration of ‘int32_t CheckLogLevel(int32_t, int32_t)’ in same scope [-Wredundant-decls]
DEBUG [2026-10-09 18:06:19]    45 | int32_t CheckLogLevel(int32_t moduleId, int32_t logLevel);
DEBUG [2026-10-09 18:06:19]       |         ^~~~~~~~~~~~~
DEBUG [2026-10-09 18:06:19] In file included from <command-line>:
DEBUG [2026-10-09 18:06:19] /ws/source/vllm-ascend/csrc/common/include/cann_compat.h:24:9: note: previous declaration of ‘int32_t CheckLogLevel(int32_t, int32_t)’
DEBUG [2026-10-09 18:06:19]    24 | int32_t CheckLogLevel(int32_t moduleId, int32_t logLevel);
DEBUG [2026-10-09 18:06:19]       |         ^~~~~~~~~~~~~
DEBUG [2026-10-09 18:06:19] /usr/local/Ascend/cann-9.1.0/aarch64-linux/include/op_common/log/log.h:46:6: warning: redundant redeclaration of ‘void DlogRecord(int32_t, int32_t, const char*, ...)’ in same scope [-Wredundant-decls]
DEBUG [2026-10-09 18:06:19]    46 | void DlogRecord(int32_t moduleId, int32_t level, const char* fmt, ...);
DEBUG [2026-10-09 18:06:19]       |      ^~~~~~~~~~
DEBUG [2026-10-09 18:06:19] /ws/source/vllm-ascend/csrc/common/include/cann_compat.h:25:6: note: previous declaration of ‘void DlogRecord(int32_t, int32_t, const char*, ...)’
DEBUG [2026-10-09 18:06:19]    25 | void DlogRecord(int32_t moduleId, int32_t level, const char *fmt, ...);
DEBUG [2026-10-09 18:06:19]       |      ^~~~~~~~~~
DEBUG [2026-10-09 18:06:19] /ws/source/vllm-ascend/csrc/moe/dequant_situ_quant/op_host/dequant_situ_quant_tiling.cpp: In member function ‘bool optiling::DequantSituQuantTiling::SetAttrs(const gert::RuntimeAttrs*)’:
DEBUG [2026-10-09 18:06:19] /ws/source/vllm-ascend/csrc/moe/dequant_situ_quant/op_host/dequant_situ_quant_tiling.cpp:118:22: warning: comparing floating-point with ‘==’ or ‘!=’ is unsafe [-Wfloat-equal]
DEBUG [2026-10-09 18:06:19]   118 |     OP_CHECK_IF(beta == 0.0f, OP_LOGE(context_->GetNodeName(), "beta must not be 0"), return false);
DEBUG [2026-10-09 18:06:19]       |                 ~~~~~^~~~~~~
DEBUG [2026-10-09 18:06:19] /usr/local/Ascend/cann-9.1.0/aarch64-linux/include/op_common/log/log.h:1115:39: note: in definition of macro ‘unlikely’
DEBUG [2026-10-09 18:06:19]  1115 | #define unlikely(x) __builtin_expect((x), 0)
DEBUG [2026-10-09 18:06:19]       |                                       ^
DEBUG [2026-10-09 18:06:19] /ws/source/vllm-ascend/csrc/moe/dequant_situ_quant/op_host/dequant_situ_quant_tiling.cpp:118:5: note: in expansion of macro ‘OP_CHECK_IF’
DEBUG [2026-10-09 18:06:19]   118 |     OP_CHECK_IF(beta == 0.0f, OP_LOGE(context_->GetNodeName(), "beta must not be 0"), return false);
DEBUG [2026-10-09 18:06:19]       |     ^~~~~~~~~~~
DEBUG [2026-10-09 18:06:19] /ws/source/vllm-ascend/csrc/moe/dequant_situ_quant/op_host/dequant_situ_quant_tiling.cpp: In member function ‘ge::graphStatus optiling::DequantSituQuantTiling::CheckInputShapesInt8(int64_t, int64_t, int64_t)’:
DEBUG [2026-10-09 18:06:19] /ws/source/vllm-ascend/csrc/moe/dequant_situ_quant/op_host/dequant_situ_quant_tiling.cpp:144:102: warning: declaration of ‘outDimy’ shadows a member of ‘optiling::DequantSituQuantTiling’ [-Wshadow]
DEBUG [2026-10-09 18:06:19]   144 | ge::graphStatus DequantSituQuantTiling::CheckInputShapesInt8(int64_t dimNum, int64_t inDimy, int64_t outDimy)
DEBUG [2026-10-09 18:06:19]       |                                                                                              ~~~~~~~~^~~~~~~
DEBUG [2026-10-09 18:06:19] /ws/source/vllm-ascend/csrc/moe/dequant_situ_quant/op_host/dequant_situ_quant_tiling.h:135:13: note: shadowed declaration is here
DEBUG [2026-10-09 18:06:19]   135 |     int64_t outDimy = 0;
DEBUG [2026-10-09 18:06:19]       |             ^~~~~~~
DEBUG [2026-10-09 18:06:19] /ws/source/vllm-ascend/csrc/moe/dequant_situ_quant/op_host/dequant_situ_quant_tiling.cpp:144:86: warning: declaration of ‘inDimy’ shadows a member of ‘optiling::DequantSituQuantTiling’ [-Wshadow]
DEBUG [2026-10-09 18:06:19]   144 | ge::graphStatus DequantSituQuantTiling::CheckInputShapesInt8(int64_t dimNum, int64_t inDimy, int64_t outDimy)
DEBUG [2026-10-09 18:06:19]       |                                                                              ~~~~~~~~^~~~~~
DEBUG [2026-10-09 18:06:19] /ws/source/vllm-ascend/csrc/moe/dequant_situ_quant/op_host/dequant_situ_quant_tiling.h:134:13: note: shadowed declaration is here
DEBUG [2026-10-09 18:06:19]   134 |     int64_t inDimy = 0;
DEBUG [2026-10-09 18:06:19]       |             ^~~~~~
DEBUG [2026-10-09 18:06:19] /ws/source/vllm-ascend/csrc/moe/dequant_situ_quant/op_host/dequant_situ_quant_tiling.cpp: In member function ‘bool optiling::DequantSituQuantTiling::CalcUbMaxTileLen(uint64_t, uint32_t&)’:
DEBUG [2026-10-09 18:06:19] /ws/source/vllm-ascend/csrc/moe/dequant_situ_quant/op_host/dequant_situ_quant_tiling.cpp:495:80: warning: declaration of ‘maxTileLen’ shadows a member of ‘optiling::DequantSituQuantTiling’ [-Wshadow]
DEBUG [2026-10-09 18:06:19]   495 | bool DequantSituQuantTiling::CalcUbMaxTileLen(const uint64_t ubSize, uint32_t& maxTileLen)
DEBUG [2026-10-09 18:06:19]       |                                                                      ~~~~~~~~~~^~~~~~~~~~
DEBUG [2026-10-09 18:06:19] /ws/source/vllm-ascend/csrc/moe/dequant_situ_quant/op_host/dequant_situ_quant_tiling.h:118:14: note: shadowed declaration is here
DEBUG [2026-10-09 18:06:19]   118 |     uint32_t maxTileLen = 0;
DEBUG [2026-10-09 18:06:19]       |              ^~~~~~~~~~
DEBUG [2026-10-09 18:06:19] /ws/source/vllm-ascend/csrc/moe/dequant_situ_quant/op_host/dequant_situ_quant_tiling.cpp: In member function ‘bool optiling::DequantSituQuantTiling::CalcOptBaseShape(uint32_t)’:
DEBUG [2026-10-09 18:06:19] /ws/source/vllm-ascend/csrc/moe/dequant_situ_quant/op_host/dequant_situ_quant_tiling.cpp:513:56: warning: declaration of ‘maxTileLen’ shadows a member of ‘optiling::DequantSituQuantTiling’ [-Wshadow]
DEBUG [2026-10-09 18:06:19]   513 | bool DequantSituQuantTiling::CalcOptBaseShape(uint32_t maxTileLen)
DEBUG [2026-10-09 18:06:19]       |                                               ~~~~~~~~~^~~~~~~~~~
DEBUG [2026-10-09 18:06:19] /ws/source/vllm-ascend/csrc/moe/dequant_situ_quant/op_host/dequant_situ_quant_tiling.h:118:14: note: shadowed declaration is here
DEBUG [2026-10-09 18:06:19]   118 |     uint32_t maxTileLen = 0;
DEBUG [2026-10-09 18:06:19]       |              ^~~~~~~~~~
DEBUG [2026-10-09 18:06:19] /ws/source/vllm-ascend/csrc/moe/dequant_situ_quant/op_host/dequant_situ_quant_tiling.cpp: In member function ‘bool optiling::DequantSituQuantTiling::CalcTiling(uint32_t, uint64_t)’:
DEBUG [2026-10-09 18:06:19] /ws/source/vllm-ascend/csrc/moe/dequant_situ_quant/op_host/dequant_situ_quant_tiling.cpp:540:56: warning: unused parameter ‘totalCores’ [-Wunused-parameter]
DEBUG [2026-10-09 18:06:19]   540 | bool DequantSituQuantTiling::CalcTiling(const uint32_t totalCores, const uint64_t ubSize)
DEBUG [2026-10-09 18:06:19]       |                                         ~~~~~~~~~~~~~~~^~~~~~~~~~
DEBUG [2026-10-09 18:06:19] [14/69] Building CXX object gmm/grouped_matmul_swiglu_quant/op_host/CMakeFiles/ophost_transformer_tiling_obj.dir/__/__/__/moe/dequant_swiglu_quant/op_host/dequant_swiglu_quant_tiling_base.cpp.o
DEBUG [2026-10-09 18:06:19] In file included from /ws/source/vllm-ascend/csrc/moe/dequant_swiglu_quant/op_host/swi_glu_tiling.h:21,
DEBUG [2026-10-09 18:06:19]                  from /ws/source/vllm-ascend/csrc/moe/dequant_swiglu_quant/op_host/dequant_swiglu_quant_tiling_base.cpp:19:
DEBUG [2026-10-09 18:06:19] /usr/local/Ascend/cann-9.1.0/aarch64-linux/include/op_common/log/log.h:45:9: warning: redundant redeclaration of ‘int32_t CheckLogLevel(int32_t, int32_t)’ in same scope [-Wredundant-decls]
DEBUG [2026-10-09 18:06:19]    45 | int32_t CheckLogLevel(int32_t moduleId, int32_t logLevel);
DEBUG [2026-10-09 18:06:19]       |         ^~~~~~~~~~~~~
DEBUG [2026-10-09 18:06:19] In file included from <command-line>:
DEBUG [2026-10-09 18:06:19] /ws/source/vllm-ascend/csrc/common/include/cann_compat.h:24:9: note: previous declaration of ‘int32_t CheckLogLevel(int32_t, int32_t)’
DEBUG [2026-10-09 18:06:19]    24 | int32_t CheckLogLevel(int32_t moduleId, int32_t logLevel);
DEBUG [2026-10-09 18:06:19]       |         ^~~~~~~~~~~~~
DEBUG [2026-10-09 18:06:19] /usr/local/Ascend/cann-9.1.0/aarch64-linux/include/op_common/log/log.h:46:6: warning: redundant redeclaration of ‘void DlogRecord(int32_t, int32_t, const char*, ...)’ in same scope [-Wredundant-decls]
DEBUG [2026-10-09 18:06:19]    46 | void DlogRecord(int32_t moduleId, int32_t level, const char* fmt, ...);
DEBUG [2026-10-09 18:06:19]       |      ^~~~~~~~~~
DEBUG [2026-10-09 18:06:19] /ws/source/vllm-ascend/csrc/common/include/cann_compat.h:25:6: note: previous declaration of ‘void DlogRecord(int32_t, int32_t, const char*, ...)’
DEBUG [2026-10-09 18:06:19]    25 | void DlogRecord(int32_t moduleId, int32_t level, const char *fmt, ...);
DEBUG [2026-10-09 18:06:19]       |      ^~~~~~~~~~
DEBUG [2026-10-09 18:06:19] In file included from /ws/source/vllm-ascend/csrc/moe/dequant_swiglu_quant/op_host/dequant_swiglu_quant_proto.h:17,
DEBUG [2026-10-09 18:06:19]                  from /ws/source/vllm-ascend/csrc/moe/dequant_swiglu_quant/op_host/dequant_swiglu_quant_tiling.h:29,
DEBUG [2026-10-09 18:06:19]                  from /ws/source/vllm-ascend/csrc/moe/dequant_swiglu_quant/op_host/dequant_swiglu_quant_tiling_base.cpp:21:
DEBUG [2026-10-09 18:06:19] /ws/source/vllm-ascend/csrc/moe/dequant_swiglu_quant/op_host/dequant_swiglu_quant_proto.h: In member function ‘ge::Operator::OpFloat ge::op::DequantSwigluQuant::get_attr_glu_alpha() const’:
DEBUG [2026-10-09 18:06:19] /ws/source/vllm-ascend/csrc/moe/dequant_swiglu_quant/op_host/dequant_swiglu_quant_proto.h:91:29: warning: conversion from ‘double’ to ‘ge::Operator::OpFloat’ {aka ‘float’} changes value from ‘1.702e+0’ to ‘1.70200002e+0’ [-Wfloat-conversion]
DEBUG [2026-10-09 18:06:19]    91 |     .ATTR(glu_alpha, Float, 1.702)
DEBUG [2026-10-09 18:06:19]       |                             ^~~~~
DEBUG [2026-10-09 18:06:19] /ws/source/vllm-ascend/csrc/moe/dequant_swiglu_quant/op_host/dequant_swiglu_quant_tiling.h: At global scope:
DEBUG [2026-10-09 18:06:19] /ws/source/vllm-ascend/csrc/moe/dequant_swiglu_quant/op_host/dequant_swiglu_quant_tiling.h:383:23: warning: conversion from ‘double’ to ‘float’ changes value from ‘1.702e+0’ to ‘1.70200002e+0f’ [-Wfloat-conversion]
DEBUG [2026-10-09 18:06:19]   383 |     float gluAlpha_ = 1.702;
DEBUG [2026-10-09 18:06:19]       |                       ^~~~~
DEBUG [2026-10-09 18:06:19] [15/69] Building CXX object gmm/grouped_matmul_swiglu_quant/op_host/CMakeFiles/ophost_transformer_tiling_obj.dir/__/__/__/moe/scatter_nd_update_sk/op_host/scatter_nd_update_sk_tiling.cpp.o
DEBUG [2026-10-09 18:06:19] In file included from /ws/source/vllm-ascend/csrc/moe/scatter_nd_update_sk/op_host/scatter_nd_update_sk_tiling.cpp:16:
DEBUG [2026-10-09 18:06:19] /usr/local/Ascend/cann-9.1.0/aarch64-linux/include/op_common/log/log.h:45:9: warning: redundant redeclaration of ‘int32_t CheckLogLevel(int32_t, int32_t)’ in same scope [-Wredundant-decls]
DEBUG [2026-10-09 18:06:19]    45 | int32_t CheckLogLevel(int32_t moduleId, int32_t logLevel);
DEBUG [2026-10-09 18:06:19]       |         ^~~~~~~~~~~~~
DEBUG [2026-10-09 18:06:19] In file included from <command-line>:
DEBUG [2026-10-09 18:06:19] /ws/source/vllm-ascend/csrc/common/include/cann_compat.h:24:9: note: previous declaration of ‘int32_t CheckLogLevel(int32_t, int32_t)’
DEBUG [2026-10-09 18:06:19]    24 | int32_t CheckLogLevel(int32_t moduleId, int32_t logLevel);
DEBUG [2026-10-09 18:06:19]       |         ^~~~~~~~~~~~~
DEBUG [2026-10-09 18:06:19] /usr/local/Ascend/cann-9.1.0/aarch64-linux/include/op_common/log/log.h:46:6: warning: redundant redeclaration of ‘void DlogRecord(int32_t, int32_t, const char*, ...)’ in same scope [-Wredundant-decls]
DEBUG [2026-10-09 18:06:19]    46 | void DlogRecord(int32_t moduleId, int32_t level, const char* fmt, ...);
DEBUG [2026-10-09 18:06:19]       |      ^~~~~~~~~~
DEBUG [2026-10-09 18:06:19] /ws/source/vllm-ascend/csrc/common/include/cann_compat.h:25:6: note: previous declaration of ‘void DlogRecord(int32_t, int32_t, const char*, ...)’
DEBUG [2026-10-09 18:06:19]    25 | void DlogRecord(int32_t moduleId, int32_t level, const char *fmt, ...);
DEBUG [2026-10-09 18:06:19]       |      ^~~~~~~~~~
DEBUG [2026-10-09 18:06:19] [16/69] Building CXX object gmm/grouped_matmul_swiglu_quant/op_host/CMakeFiles/ophost_transformer_tiling_obj.dir/__/__/__/moe/dequant_swiglu_quant/op_host/dequant_swiglu_quant_tiling.cpp.o
DEBUG [2026-10-09 18:06:19] In file included from /ws/source/vllm-ascend/csrc/moe/dequant_swiglu_quant/op_host/dequant_swiglu_quant_tiling.h:24,
DEBUG [2026-10-09 18:06:19]                  from /ws/source/vllm-ascend/csrc/moe/dequant_swiglu_quant/op_host/dequant_swiglu_quant_tiling.cpp:16:
DEBUG [2026-10-09 18:06:19] /usr/local/Ascend/cann-9.1.0/aarch64-linux/include/op_common/log/log.h:45:9: warning: redundant redeclaration of ‘int32_t CheckLogLevel(int32_t, int32_t)’ in same scope [-Wredundant-decls]
DEBUG [2026-10-09 18:06:19]    45 | int32_t CheckLogLevel(int32_t moduleId, int32_t logLevel);
DEBUG [2026-10-09 18:06:19]       |         ^~~~~~~~~~~~~
DEBUG [2026-10-09 18:06:19] In file included from <command-line>:
DEBUG [2026-10-09 18:06:19] /ws/source/vllm-ascend/csrc/common/include/cann_compat.h:24:9: note: previous declaration of ‘int32_t CheckLogLevel(int32_t, int32_t)’
DEBUG [2026-10-09 18:06:19]    24 | int32_t CheckLogLevel(int32_t moduleId, int32_t logLevel);
DEBUG [2026-10-09 18:06:19]       |         ^~~~~~~~~~~~~
DEBUG [2026-10-09 18:06:19] /usr/local/Ascend/cann-9.1.0/aarch64-linux/include/op_common/log/log.h:46:6: warning: redundant redeclaration of ‘void DlogRecord(int32_t, int32_t, const char*, ...)’ in same scope [-Wredundant-decls]
DEBUG [2026-10-09 18:06:19]    46 | void DlogRecord(int32_t moduleId, int32_t level, const char* fmt, ...);
DEBUG [2026-10-09 18:06:19]       |      ^~~~~~~~~~
DEBUG [2026-10-09 18:06:19] /ws/source/vllm-ascend/csrc/common/include/cann_compat.h:25:6: note: previous declaration of ‘void DlogRecord(int32_t, int32_t, const char*, ...)’
DEBUG [2026-10-09 18:06:19]    25 | void DlogRecord(int32_t moduleId, int32_t level, const char *fmt, ...);
DEBUG [2026-10-09 18:06:19]       |      ^~~~~~~~~~
DEBUG [2026-10-09 18:06:19] In file included from /ws/source/vllm-ascend/csrc/moe/dequant_swiglu_quant/op_host/dequant_swiglu_quant_proto.h:17,
DEBUG [2026-10-09 18:06:19]                  from /ws/source/vllm-ascend/csrc/moe/dequant_swiglu_quant/op_host/dequant_swiglu_quant_tiling.h:29:
DEBUG [2026-10-09 18:06:19] /ws/source/vllm-ascend/csrc/moe/dequant_swiglu_quant/op_host/dequant_swiglu_quant_proto.h: In member function ‘ge::Operator::OpFloat ge::op::DequantSwigluQuant::get_attr_glu_alpha() const’:
DEBUG [2026-10-09 18:06:19] /ws/source/vllm-ascend/csrc/moe/dequant_swiglu_quant/op_host/dequant_swiglu_quant_proto.h:91:29: warning: conversion from ‘double’ to ‘ge::Operator::OpFloat’ {aka ‘float’} changes value from ‘1.702e+0’ to ‘1.70200002e+0’ [-Wfloat-conversion]
DEBUG [2026-10-09 18:06:19]    91 |     .ATTR(glu_alpha, Float, 1.702)
DEBUG [2026-10-09 18:06:19]       |                             ^~~~~
DEBUG [2026-10-09 18:06:19] /ws/source/vllm-ascend/csrc/moe/dequant_swiglu_quant/op_host/dequant_swiglu_quant_tiling.h: At global scope:
DEBUG [2026-10-09 18:06:19] /ws/source/vllm-ascend/csrc/moe/dequant_swiglu_quant/op_host/dequant_swiglu_quant_tiling.h:383:23: warning: conversion from ‘double’ to ‘float’ changes value from ‘1.702e+0’ to ‘1.70200002e+0f’ [-Wfloat-conversion]
DEBUG [2026-10-09 18:06:19]   383 |     float gluAlpha_ = 1.702;
DEBUG [2026-10-09 18:06:19]       |                       ^~~~~
DEBUG [2026-10-09 18:06:19] /ws/source/vllm-ascend/csrc/moe/dequant_swiglu_quant/op_host/dequant_swiglu_quant_tiling.cpp:78:37: warning: conversion from ‘double’ to ‘float’ changes value from ‘1.702e+0’ to ‘1.70200002e+0f’ [-Wfloat-conversion]
DEBUG [2026-10-09 18:06:19]    78 | constexpr float GLU_ALPHA_DEFAULT = 1.702;
DEBUG [2026-10-09 18:06:19]       |                                     ^~~~~
DEBUG [2026-10-09 18:06:19] [17/69] Building CXX object gmm/grouped_matmul_swiglu_quant/op_host/CMakeFiles/ophost_transformer_tiling_obj.dir/__/__/__/attention/inplace_partial_rotary_mul/op_host/rope_regbase_tiling_ab.cpp.o
DEBUG [2026-10-09 18:06:19] In file included from /ws/source/vllm-ascend/csrc/attention/inplace_partial_rotary_mul/op_host/rope_regbase_tiling_ab.cpp:16:
DEBUG [2026-10-09 18:06:19] /ws/source/vllm-ascend/csrc/attention/inplace_partial_rotary_mul/op_host/inplace_partial_rotary_mul_tiling.h:221:7: warning: ‘class optiling::RopeRegBaseTilingClass’ has virtual functions and accessible non-virtual destructor [-Wnon-virtual-dtor]
DEBUG [2026-10-09 18:06:19]   221 | class RopeRegBaseTilingClass {
DEBUG [2026-10-09 18:06:19]       |       ^~~~~~~~~~~~~~~~~~~~~~
DEBUG [2026-10-09 18:06:19] /ws/source/vllm-ascend/csrc/attention/inplace_partial_rotary_mul/op_host/inplace_partial_rotary_mul_tiling.h:350:7: warning: base class ‘class optiling::RopeRegBaseTilingClass’ has accessible non-virtual destructor [-Wnon-virtual-dtor]
DEBUG [2026-10-09 18:06:19]   350 | class RopeRegBaseTilingClassAAndB : public RopeRegBaseTilingClass {
DEBUG [2026-10-09 18:06:19]       |       ^~~~~~~~~~~~~~~~~~~~~~~~~~~
DEBUG [2026-10-09 18:06:19] /ws/source/vllm-ascend/csrc/attention/inplace_partial_rotary_mul/op_host/inplace_partial_rotary_mul_tiling.h:350:7: warning: ‘class optiling::RopeRegBaseTilingClassAAndB’ has virtual functions and accessible non-virtual destructor [-Wnon-virtual-dtor]
DEBUG [2026-10-09 18:06:19] /ws/source/vllm-ascend/csrc/attention/inplace_partial_rotary_mul/op_host/inplace_partial_rotary_mul_tiling.h:385:7: warning: base class ‘class optiling::RopeRegBaseTilingClass’ has accessible non-virtual destructor [-Wnon-virtual-dtor]
DEBUG [2026-10-09 18:06:19]   385 | class RopeRegBaseTilingClassAB : public RopeRegBaseTilingClass {
DEBUG [2026-10-09 18:06:19]       |       ^~~~~~~~~~~~~~~~~~~~~~~~
DEBUG [2026-10-09 18:06:19] /ws/source/vllm-ascend/csrc/attention/inplace_partial_rotary_mul/op_host/inplace_partial_rotary_mul_tiling.h:385:7: warning: ‘class optiling::RopeRegBaseTilingClassAB’ has virtual functions and accessible non-virtual destructor [-Wnon-virtual-dtor]
DEBUG [2026-10-09 18:06:19] /ws/source/vllm-ascend/csrc/attention/inplace_partial_rotary_mul/op_host/inplace_partial_rotary_mul_tiling.h:409:7: warning: base class ‘class optiling::RopeRegBaseTilingClass’ has accessible non-virtual destructor [-Wnon-virtual-dtor]
DEBUG [2026-10-09 18:06:19]   409 | class RopeRegBaseTilingClassABAAndBA : public RopeRegBaseTilingClass {
DEBUG [2026-10-09 18:06:19]       |       ^~~~~~~~~~~~~~~~~~~~~~~~~~~~~~
DEBUG [2026-10-09 18:06:19] /ws/source/vllm-ascend/csrc/attention/inplace_partial_rotary_mul/op_host/inplace_partial_rotary_mul_tiling.h:409:7: warning: ‘class optiling::RopeRegBaseTilingClassABAAndBA’ has virtual functions and accessible non-virtual destructor [-Wnon-virtual-dtor]
DEBUG [2026-10-09 18:06:19] /ws/source/vllm-ascend/csrc/attention/inplace_partial_rotary_mul/op_host/inplace_partial_rotary_mul_tiling.h:443:7: warning: base class ‘class optiling::RopeRegBaseTilingClass’ has accessible non-virtual destructor [-Wnon-virtual-dtor]
DEBUG [2026-10-09 18:06:19]   443 | class RopeRegBaseTilingClassBAB : public RopeRegBaseTilingClass {
DEBUG [2026-10-09 18:06:19]       |       ^~~~~~~~~~~~~~~~~~~~~~~~~
DEBUG [2026-10-09 18:06:19] /ws/source/vllm-ascend/csrc/attention/inplace_partial_rotary_mul/op_host/inplace_partial_rotary_mul_tiling.h:443:7: warning: ‘class optiling::RopeRegBaseTilingClassBAB’ has virtual functions and accessible non-virtual destructor [-Wnon-virtual-dtor]
DEBUG [2026-10-09 18:06:19] /ws/source/vllm-ascend/csrc/attention/inplace_partial_rotary_mul/op_host/inplace_partial_rotary_mul_tiling.h: In constructor ‘optiling::RopeRegBaseTilingClassBAB::RopeRegBaseTilingClassBAB(gert::TilingContext*)’:
DEBUG [2026-10-09 18:06:19] /ws/source/vllm-ascend/csrc/attention/inplace_partial_rotary_mul/op_host/inplace_partial_rotary_mul_tiling.h:445:61: warning: declaration of ‘context_’ shadows a member of ‘optiling::RopeRegBaseTilingClassBAB’ [-Wshadow]
DEBUG [2026-10-09 18:06:19]   445 |     explicit RopeRegBaseTilingClassBAB(gert::TilingContext *context_) : RopeRegBaseTilingClass(context_)
DEBUG [2026-10-09 18:06:19]       |                                        ~~~~~~~~~~~~~~~~~~~~~^~~~~~~~
DEBUG [2026-10-09 18:06:19] /ws/source/vllm-ascend/csrc/attention/inplace_partial_rotary_mul/op_host/inplace_partial_rotary_mul_tiling.h:337:26: note: shadowed declaration is here
DEBUG [2026-10-09 18:06:19]   337 |     gert::TilingContext* context_ = nullptr;
DEBUG [2026-10-09 18:06:19]       |                          ^~~~~~~~
DEBUG [2026-10-09 18:06:19] /ws/source/vllm-ascend/csrc/attention/inplace_partial_rotary_mul/op_host/inplace_partial_rotary_mul_tiling.h: In constructor ‘optiling::RopeRegBaseTilingClassBAB::RopeRegBaseTilingClassBAB(gert::TilingContext*)’:
DEBUG [2026-10-09 18:06:19] /ws/source/vllm-ascend/csrc/attention/inplace_partial_rotary_mul/op_host/inplace_partial_rotary_mul_tiling.h:445:61: warning: declaration of ‘context_’ shadows a member of ‘optiling::RopeRegBaseTilingClassBAB’ [-Wshadow]
DEBUG [2026-10-09 18:06:19]   445 |     explicit RopeRegBaseTilingClassBAB(gert::TilingContext *context_) : RopeRegBaseTilingClass(context_)
DEBUG [2026-10-09 18:06:19]       |                                        ~~~~~~~~~~~~~~~~~~~~~^~~~~~~~
DEBUG [2026-10-09 18:06:19] /ws/source/vllm-ascend/csrc/attention/inplace_partial_rotary_mul/op_host/inplace_partial_rotary_mul_tiling.h:337:26: note: shadowed declaration is here
DEBUG [2026-10-09 18:06:19]   337 |     gert::TilingContext* context_ = nullptr;
DEBUG [2026-10-09 18:06:19]       |                          ^~~~~~~~
DEBUG [2026-10-09 18:06:19] /ws/source/vllm-ascend/csrc/attention/inplace_partial_rotary_mul/op_host/inplace_partial_rotary_mul_tiling.h: In constructor ‘optiling::RopeRegBaseTilingClassBAB::RopeRegBaseTilingClassBAB(gert::TilingContext*)’:
DEBUG [2026-10-09 18:06:19] /ws/source/vllm-ascend/csrc/attention/inplace_partial_rotary_mul/op_host/inplace_partial_rotary_mul_tiling.h:445:61: warning: declaration of ‘context_’ shadows a member of ‘optiling::RopeRegBaseTilingClassBAB’ [-Wshadow]
DEBUG [2026-10-09 18:06:19]   445 |     explicit RopeRegBaseTilingClassBAB(gert::TilingContext *context_) : RopeRegBaseTilingClass(context_)
DEBUG [2026-10-09 18:06:19]       |                                        ~~~~~~~~~~~~~~~~~~~~~^~~~~~~~
DEBUG [2026-10-09 18:06:19] /ws/source/vllm-ascend/csrc/attention/inplace_partial_rotary_mul/op_host/inplace_partial_rotary_mul_tiling.h:337:26: note: shadowed declaration is here
DEBUG [2026-10-09 18:06:19]   337 |     gert::TilingContext* context_ = nullptr;
DEBUG [2026-10-09 18:06:19]       |                          ^~~~~~~~
DEBUG [2026-10-09 18:06:19] In file included from /ws/source/vllm-ascend/csrc/utils/inc/log/ops_log.h:18,
DEBUG [2026-10-09 18:06:19]                  from /ws/source/vllm-ascend/csrc/utils/inc/error/ops_error.h:18,
DEBUG [2026-10-09 18:06:19]                  from /ws/source/vllm-ascend/csrc/attention/inplace_partial_rotary_mul/op_host/inplace_partial_rotary_mul_tiling.h:27:
DEBUG [2026-10-09 18:06:19] /ws/source/vllm-ascend/csrc/attention/inplace_partial_rotary_mul/op_host/rope_regbase_tiling_ab.cpp: In member function ‘virtual ge::graphStatus optiling::RopeRegBaseTilingClassAB::PostTiling()’:
DEBUG [2026-10-09 18:06:19] /ws/source/vllm-ascend/csrc/utils/inc/log/inner/dfx_base.h:120:17: warning: format ‘%ld’ expects argument of type ‘long int’, but argument 28 has type ‘uint64_t’ {aka ‘long unsigned int’} [-Wformat=]
DEBUG [2026-10-09 18:06:19]   120 |                 "[%s:%d][%s]%s[%s][%lu] OpName:[%s] " #FMT,                                                     \
DEBUG [2026-10-09 18:06:19] /ws/source/vllm-ascend/csrc/utils/inc/log/inner/dfx_base.h:149:44: note: in expansion of macro ‘OPS_LOG_STUB’
DEBUG [2026-10-09 18:06:19]   149 | #define OPS_LOG_STUB_I(OPS_DESC, FMT, ...) OPS_LOG_STUB(OP, DLOG_INFO, OPS_DESC, FMT, ##__VA_ARGS__)
DEBUG [2026-10-09 18:06:19]       |                                            ^~~~~~~~~~~~
DEBUG [2026-10-09 18:06:19] /ws/source/vllm-ascend/csrc/utils/inc/log/ops_log.h:22:34: note: in expansion of macro ‘OPS_LOG_STUB_I’
DEBUG [2026-10-09 18:06:19]    22 | #define OPS_LOG_I(OPS_DESC, ...) OPS_LOG_STUB_I(OPS_DESC, __VA_ARGS__)
DEBUG [2026-10-09 18:06:19]       |                                  ^~~~~~~~~~~~~~
DEBUG [2026-10-09 18:06:19] /ws/source/vllm-ascend/csrc/attention/inplace_partial_rotary_mul/op_host/rope_regbase_tiling_ab.cpp:139:5: note: in expansion of macro ‘OPS_LOG_I’
DEBUG [2026-10-09 18:06:19]   139 |     OPS_LOG_I(context_->GetNodeName(),
DEBUG [2026-10-09 18:06:19]       |     ^~~~~~~~~
DEBUG [2026-10-09 18:06:19] [18/69] Building CXX object gmm/grouped_matmul_swiglu_quant/op_host/CMakeFiles/ophost_transformer_tiling_obj.dir/__/__/__/attention/inplace_partial_rotary_mul/op_host/rope_regbase_tiling_a_and_b.cpp.o
DEBUG [2026-10-09 18:06:19] In file included from /ws/source/vllm-ascend/csrc/attention/inplace_partial_rotary_mul/op_host/rope_regbase_tiling_a_and_b.cpp:15:
DEBUG [2026-10-09 18:06:19] /ws/source/vllm-ascend/csrc/attention/inplace_partial_rotary_mul/op_host/inplace_partial_rotary_mul_tiling.h:221:7: warning: ‘class optiling::RopeRegBaseTilingClass’ has virtual functions and accessible non-virtual destructor [-Wnon-virtual-dtor]
DEBUG [2026-10-09 18:06:19]   221 | class RopeRegBaseTilingClass {
DEBUG [2026-10-09 18:06:19]       |       ^~~~~~~~~~~~~~~~~~~~~~
DEBUG [2026-10-09 18:06:19] /ws/source/vllm-ascend/csrc/attention/inplace_partial_rotary_mul/op_host/inplace_partial_rotary_mul_tiling.h:350:7: warning: base class ‘class optiling::RopeRegBaseTilingClass’ has accessible non-virtual destructor [-Wnon-virtual-dtor]
DEBUG [2026-10-09 18:06:19]   350 | class RopeRegBaseTilingClassAAndB : public RopeRegBaseTilingClass {
DEBUG [2026-10-09 18:06:19]       |       ^~~~~~~~~~~~~~~~~~~~~~~~~~~
DEBUG [2026-10-09 18:06:19] /ws/source/vllm-ascend/csrc/attention/inplace_partial_rotary_mul/op_host/inplace_partial_rotary_mul_tiling.h:350:7: warning: ‘class optiling::RopeRegBaseTilingClassAAndB’ has virtual functions and accessible non-virtual destructor [-Wnon-virtual-dtor]
DEBUG [2026-10-09 18:06:19] /ws/source/vllm-ascend/csrc/attention/inplace_partial_rotary_mul/op_host/inplace_partial_rotary_mul_tiling.h:385:7: warning: base class ‘class optiling::RopeRegBaseTilingClass’ has accessible non-virtual destructor [-Wnon-virtual-dtor]
DEBUG [2026-10-09 18:06:19]   385 | class RopeRegBaseTilingClassAB : public RopeRegBaseTilingClass {
DEBUG [2026-10-09 18:06:19]       |       ^~~~~~~~~~~~~~~~~~~~~~~~
DEBUG [2026-10-09 18:06:19] /ws/source/vllm-ascend/csrc/attention/inplace_partial_rotary_mul/op_host/inplace_partial_rotary_mul_tiling.h:385:7: warning: ‘class optiling::RopeRegBaseTilingClassAB’ has virtual functions and accessible non-virtual destructor [-Wnon-virtual-dtor]
DEBUG [2026-10-09 18:06:19] /ws/source/vllm-ascend/csrc/attention/inplace_partial_rotary_mul/op_host/inplace_partial_rotary_mul_tiling.h:409:7: warning: base class ‘class optiling::RopeRegBaseTilingClass’ has accessible non-virtual destructor [-Wnon-virtual-dtor]
DEBUG [2026-10-09 18:06:19]   409 | class RopeRegBaseTilingClassABAAndBA : public RopeRegBaseTilingClass {
DEBUG [2026-10-09 18:06:19]       |       ^~~~~~~~~~~~~~~~~~~~~~~~~~~~~~
DEBUG [2026-10-09 18:06:19] /ws/source/vllm-ascend/csrc/attention/inplace_partial_rotary_mul/op_host/inplace_partial_rotary_mul_tiling.h:409:7: warning: ‘class optiling::RopeRegBaseTilingClassABAAndBA’ has virtual functions and accessible non-virtual destructor [-Wnon-virtual-dtor]
DEBUG [2026-10-09 18:06:19] /ws/source/vllm-ascend/csrc/attention/inplace_partial_rotary_mul/op_host/inplace_partial_rotary_mul_tiling.h:443:7: warning: base class ‘class optiling::RopeRegBaseTilingClass’ has accessible non-virtual destructor [-Wnon-virtual-dtor]
DEBUG [2026-10-09 18:06:19]   443 | class RopeRegBaseTilingClassBAB : public RopeRegBaseTilingClass {
DEBUG [2026-10-09 18:06:19]       |       ^~~~~~~~~~~~~~~~~~~~~~~~~
DEBUG [2026-10-09 18:06:19] /ws/source/vllm-ascend/csrc/attention/inplace_partial_rotary_mul/op_host/inplace_partial_rotary_mul_tiling.h:443:7: warning: ‘class optiling::RopeRegBaseTilingClassBAB’ has virtual functions and accessible non-virtual destructor [-Wnon-virtual-dtor]
DEBUG [2026-10-09 18:06:19] /ws/source/vllm-ascend/csrc/attention/inplace_partial_rotary_mul/op_host/inplace_partial_rotary_mul_tiling.h: In constructor ‘optiling::RopeRegBaseTilingClassBAB::RopeRegBaseTilingClassBAB(gert::TilingContext*)’:
DEBUG [2026-10-09 18:06:19] /ws/source/vllm-ascend/csrc/attention/inplace_partial_rotary_mul/op_host/inplace_partial_rotary_mul_tiling.h:445:61: warning: declaration of ‘context_’ shadows a member of ‘optiling::RopeRegBaseTilingClassBAB’ [-Wshadow]
DEBUG [2026-10-09 18:06:19]   445 |     explicit RopeRegBaseTilingClassBAB(gert::TilingContext *context_) : RopeRegBaseTilingClass(context_)
DEBUG [2026-10-09 18:06:19]       |                                        ~~~~~~~~~~~~~~~~~~~~~^~~~~~~~
DEBUG [2026-10-09 18:06:19] /ws/source/vllm-ascend/csrc/attention/inplace_partial_rotary_mul/op_host/inplace_partial_rotary_mul_tiling.h:337:26: note: shadowed declaration is here
DEBUG [2026-10-09 18:06:19]   337 |     gert::TilingContext* context_ = nullptr;
DEBUG [2026-10-09 18:06:19]       |                          ^~~~~~~~
DEBUG [2026-10-09 18:06:19] /ws/source/vllm-ascend/csrc/attention/inplace_partial_rotary_mul/op_host/inplace_partial_rotary_mul_tiling.h: In constructor ‘optiling::RopeRegBaseTilingClassBAB::RopeRegBaseTilingClassBAB(gert::TilingContext*)’:
DEBUG [2026-10-09 18:06:19] /ws/source/vllm-ascend/csrc/attention/inplace_partial_rotary_mul/op_host/inplace_partial_rotary_mul_tiling.h:445:61: warning: declaration of ‘context_’ shadows a member of ‘optiling::RopeRegBaseTilingClassBAB’ [-Wshadow]
DEBUG [2026-10-09 18:06:19]   445 |     explicit RopeRegBaseTilingClassBAB(gert::TilingContext *context_) : RopeRegBaseTilingClass(context_)
DEBUG [2026-10-09 18:06:19]       |                                        ~~~~~~~~~~~~~~~~~~~~~^~~~~~~~
DEBUG [2026-10-09 18:06:19] /ws/source/vllm-ascend/csrc/attention/inplace_partial_rotary_mul/op_host/inplace_partial_rotary_mul_tiling.h:337:26: note: shadowed declaration is here
DEBUG [2026-10-09 18:06:19]   337 |     gert::TilingContext* context_ = nullptr;
DEBUG [2026-10-09 18:06:19]       |                          ^~~~~~~~
DEBUG [2026-10-09 18:06:19] /ws/source/vllm-ascend/csrc/attention/inplace_partial_rotary_mul/op_host/inplace_partial_rotary_mul_tiling.h: In constructor ‘optiling::RopeRegBaseTilingClassBAB::RopeRegBaseTilingClassBAB(gert::TilingContext*)’:
DEBUG [2026-10-09 18:06:19] /ws/source/vllm-ascend/csrc/attention/inplace_partial_rotary_mul/op_host/inplace_partial_rotary_mul_tiling.h:445:61: warning: declaration of ‘context_’ shadows a member of ‘optiling::RopeRegBaseTilingClassBAB’ [-Wshadow]
DEBUG [2026-10-09 18:06:19]   445 |     explicit RopeRegBaseTilingClassBAB(gert::TilingContext *context_) : RopeRegBaseTilingClass(context_)
DEBUG [2026-10-09 18:06:19]       |                                        ~~~~~~~~~~~~~~~~~~~~~^~~~~~~~
DEBUG [2026-10-09 18:06:19] /ws/source/vllm-ascend/csrc/attention/inplace_partial_rotary_mul/op_host/inplace_partial_rotary_mul_tiling.h:337:26: note: shadowed declaration is here
DEBUG [2026-10-09 18:06:19]   337 |     gert::TilingContext* context_ = nullptr;
DEBUG [2026-10-09 18:06:19]       |                          ^~~~~~~~
DEBUG [2026-10-09 18:06:19] In file included from /ws/source/vllm-ascend/csrc/utils/inc/log/ops_log.h:18,
DEBUG [2026-10-09 18:06:19]                  from /ws/source/vllm-ascend/csrc/utils/inc/error/ops_error.h:18,
DEBUG [2026-10-09 18:06:19]                  from /ws/source/vllm-ascend/csrc/attention/inplace_partial_rotary_mul/op_host/inplace_partial_rotary_mul_tiling.h:27:
DEBUG [2026-10-09 18:06:19] /ws/source/vllm-ascend/csrc/attention/inplace_partial_rotary_mul/op_host/rope_regbase_tiling_a_and_b.cpp: In member function ‘void optiling::RopeRegBaseTilingClassAAndB::SetTilingData()’:
DEBUG [2026-10-09 18:06:19] /ws/source/vllm-ascend/csrc/utils/inc/log/inner/dfx_base.h:120:17: warning: format ‘%ld’ expects argument of type ‘long int’, but argument 31 has type ‘uint64_t’ {aka ‘long unsigned int’} [-Wformat=]
DEBUG [2026-10-09 18:06:19]   120 |                 "[%s:%d][%s]%s[%s][%lu] OpName:[%s] " #FMT,                                                     \
DEBUG [2026-10-09 18:06:19] /ws/source/vllm-ascend/csrc/utils/inc/log/inner/dfx_base.h:149:44: note: in expansion of macro ‘OPS_LOG_STUB’
DEBUG [2026-10-09 18:06:19]   149 | #define OPS_LOG_STUB_I(OPS_DESC, FMT, ...) OPS_LOG_STUB(OP, DLOG_INFO, OPS_DESC, FMT, ##__VA_ARGS__)
DEBUG [2026-10-09 18:06:19]       |                                            ^~~~~~~~~~~~
DEBUG [2026-10-09 18:06:19] /ws/source/vllm-ascend/csrc/utils/inc/log/ops_log.h:22:34: note: in expansion of macro ‘OPS_LOG_STUB_I’
DEBUG [2026-10-09 18:06:19]    22 | #define OPS_LOG_I(OPS_DESC, ...) OPS_LOG_STUB_I(OPS_DESC, __VA_ARGS__)
DEBUG [2026-10-09 18:06:19]       |                                  ^~~~~~~~~~~~~~
DEBUG [2026-10-09 18:06:19] /ws/source/vllm-ascend/csrc/attention/inplace_partial_rotary_mul/op_host/rope_regbase_tiling_a_and_b.cpp:155:5: note: in expansion of macro ‘OPS_LOG_I’
DEBUG [2026-10-09 18:06:19]   155 |     OPS_LOG_I(context_->GetNodeName(),
DEBUG [2026-10-09 18:06:19]       |     ^~~~~~~~~
DEBUG [2026-10-09 18:06:19] [19/69] Building CXX object gmm/grouped_matmul_swiglu_quant/op_host/CMakeFiles/ophost_transformer_tiling_obj.dir/__/__/__/attention/inplace_partial_rotary_mul/op_host/rope_regbase_tiling_aba_and_ba.cpp.o
DEBUG [2026-10-09 18:06:19] In file included from /ws/source/vllm-ascend/csrc/attention/inplace_partial_rotary_mul/op_host/rope_regbase_tiling_aba_and_ba.cpp:15:
DEBUG [2026-10-09 18:06:19] /ws/source/vllm-ascend/csrc/attention/inplace_partial_rotary_mul/op_host/inplace_partial_rotary_mul_tiling.h:221:7: warning: ‘class optiling::RopeRegBaseTilingClass’ has virtual functions and accessible non-virtual destructor [-Wnon-virtual-dtor]
DEBUG [2026-10-09 18:06:19]   221 | class RopeRegBaseTilingClass {
DEBUG [2026-10-09 18:06:19]       |       ^~~~~~~~~~~~~~~~~~~~~~
DEBUG [2026-10-09 18:06:19] /ws/source/vllm-ascend/csrc/attention/inplace_partial_rotary_mul/op_host/inplace_partial_rotary_mul_tiling.h:350:7: warning: base class ‘class optiling::RopeRegBaseTilingClass’ has accessible non-virtual destructor [-Wnon-virtual-dtor]
DEBUG [2026-10-09 18:06:19]   350 | class RopeRegBaseTilingClassAAndB : public RopeRegBaseTilingClass {
DEBUG [2026-10-09 18:06:19]       |       ^~~~~~~~~~~~~~~~~~~~~~~~~~~
DEBUG [2026-10-09 18:06:19] /ws/source/vllm-ascend/csrc/attention/inplace_partial_rotary_mul/op_host/inplace_partial_rotary_mul_tiling.h:350:7: warning: ‘class optiling::RopeRegBaseTilingClassAAndB’ has virtual functions and accessible non-virtual destructor [-Wnon-virtual-dtor]
DEBUG [2026-10-09 18:06:19] /ws/source/vllm-ascend/csrc/attention/inplace_partial_rotary_mul/op_host/inplace_partial_rotary_mul_tiling.h:385:7: warning: base class ‘class optiling::RopeRegBaseTilingClass’ has accessible non-virtual destructor [-Wnon-virtual-dtor]
DEBUG [2026-10-09 18:06:19]   385 | class RopeRegBaseTilingClassAB : public RopeRegBaseTilingClass {
DEBUG [2026-10-09 18:06:19]       |       ^~~~~~~~~~~~~~~~~~~~~~~~
DEBUG [2026-10-09 18:06:19] /ws/source/vllm-ascend/csrc/attention/inplace_partial_rotary_mul/op_host/inplace_partial_rotary_mul_tiling.h:385:7: warning: ‘class optiling::RopeRegBaseTilingClassAB’ has virtual functions and accessible non-virtual destructor [-Wnon-virtual-dtor]
DEBUG [2026-10-09 18:06:19] /ws/source/vllm-ascend/csrc/attention/inplace_partial_rotary_mul/op_host/inplace_partial_rotary_mul_tiling.h:409:7: warning: base class ‘class optiling::RopeRegBaseTilingClass’ has accessible non-virtual destructor [-Wnon-virtual-dtor]
DEBUG [2026-10-09 18:06:19]   409 | class RopeRegBaseTilingClassABAAndBA : public RopeRegBaseTilingClass {
DEBUG [2026-10-09 18:06:19]       |       ^~~~~~~~~~~~~~~~~~~~~~~~~~~~~~
DEBUG [2026-10-09 18:06:19] /ws/source/vllm-ascend/csrc/attention/inplace_partial_rotary_mul/op_host/inplace_partial_rotary_mul_tiling.h:409:7: warning: ‘class optiling::RopeRegBaseTilingClassABAAndBA’ has virtual functions and accessible non-virtual destructor [-Wnon-virtual-dtor]
DEBUG [2026-10-09 18:06:19] /ws/source/vllm-ascend/csrc/attention/inplace_partial_rotary_mul/op_host/inplace_partial_rotary_mul_tiling.h:443:7: warning: base class ‘class optiling::RopeRegBaseTilingClass’ has accessible non-virtual destructor [-Wnon-virtual-dtor]
DEBUG [2026-10-09 18:06:19]   443 | class RopeRegBaseTilingClassBAB : public RopeRegBaseTilingClass {
DEBUG [2026-10-09 18:06:19]       |       ^~~~~~~~~~~~~~~~~~~~~~~~~
DEBUG [2026-10-09 18:06:19] /ws/source/vllm-ascend/csrc/attention/inplace_partial_rotary_mul/op_host/inplace_partial_rotary_mul_tiling.h:443:7: warning: ‘class optiling::RopeRegBaseTilingClassBAB’ has virtual functions and accessible non-virtual destructor [-Wnon-virtual-dtor]
DEBUG [2026-10-09 18:06:19] /ws/source/vllm-ascend/csrc/attention/inplace_partial_rotary_mul/op_host/inplace_partial_rotary_mul_tiling.h: In constructor ‘optiling::RopeRegBaseTilingClassBAB::RopeRegBaseTilingClassBAB(gert::TilingContext*)’:
DEBUG [2026-10-09 18:06:19] /ws/source/vllm-ascend/csrc/attention/inplace_partial_rotary_mul/op_host/inplace_partial_rotary_mul_tiling.h:445:61: warning: declaration of ‘context_’ shadows a member of ‘optiling::RopeRegBaseTilingClassBAB’ [-Wshadow]
DEBUG [2026-10-09 18:06:19]   445 |     explicit RopeRegBaseTilingClassBAB(gert::TilingContext *context_) : RopeRegBaseTilingClass(context_)
DEBUG [2026-10-09 18:06:19]       |                                        ~~~~~~~~~~~~~~~~~~~~~^~~~~~~~
DEBUG [2026-10-09 18:06:19] /ws/source/vllm-ascend/csrc/attention/inplace_partial_rotary_mul/op_host/inplace_partial_rotary_mul_tiling.h:337:26: note: shadowed declaration is here
DEBUG [2026-10-09 18:06:19]   337 |     gert::TilingContext* context_ = nullptr;
DEBUG [2026-10-09 18:06:19]       |                          ^~~~~~~~
DEBUG [2026-10-09 18:06:19] /ws/source/vllm-ascend/csrc/attention/inplace_partial_rotary_mul/op_host/inplace_partial_rotary_mul_tiling.h: In constructor ‘optiling::RopeRegBaseTilingClassBAB::RopeRegBaseTilingClassBAB(gert::TilingContext*)’:
DEBUG [2026-10-09 18:06:19] /ws/source/vllm-ascend/csrc/attention/inplace_partial_rotary_mul/op_host/inplace_partial_rotary_mul_tiling.h:445:61: warning: declaration of ‘context_’ shadows a member of ‘optiling::RopeRegBaseTilingClassBAB’ [-Wshadow]
DEBUG [2026-10-09 18:06:19]   445 |     explicit RopeRegBaseTilingClassBAB(gert::TilingContext *context_) : RopeRegBaseTilingClass(context_)
DEBUG [2026-10-09 18:06:19]       |                                        ~~~~~~~~~~~~~~~~~~~~~^~~~~~~~
DEBUG [2026-10-09 18:06:19] /ws/source/vllm-ascend/csrc/attention/inplace_partial_rotary_mul/op_host/inplace_partial_rotary_mul_tiling.h:337:26: note: shadowed declaration is here
DEBUG [2026-10-09 18:06:19]   337 |     gert::TilingContext* context_ = nullptr;
DEBUG [2026-10-09 18:06:19]       |                          ^~~~~~~~
DEBUG [2026-10-09 18:06:19] /ws/source/vllm-ascend/csrc/attention/inplace_partial_rotary_mul/op_host/inplace_partial_rotary_mul_tiling.h: In constructor ‘optiling::RopeRegBaseTilingClassBAB::RopeRegBaseTilingClassBAB(gert::TilingContext*)’:
DEBUG [2026-10-09 18:06:19] /ws/source/vllm-ascend/csrc/attention/inplace_partial_rotary_mul/op_host/inplace_partial_rotary_mul_tiling.h:445:61: warning: declaration of ‘context_’ shadows a member of ‘optiling::RopeRegBaseTilingClassBAB’ [-Wshadow]
DEBUG [2026-10-09 18:06:19]   445 |     explicit RopeRegBaseTilingClassBAB(gert::TilingContext *context_) : RopeRegBaseTilingClass(context_)
DEBUG [2026-10-09 18:06:19]       |                                        ~~~~~~~~~~~~~~~~~~~~~^~~~~~~~
DEBUG [2026-10-09 18:06:19] /ws/source/vllm-ascend/csrc/attention/inplace_partial_rotary_mul/op_host/inplace_partial_rotary_mul_tiling.h:337:26: note: shadowed declaration is here
DEBUG [2026-10-09 18:06:19]   337 |     gert::TilingContext* context_ = nullptr;
DEBUG [2026-10-09 18:06:19]       |                          ^~~~~~~~
DEBUG [2026-10-09 18:06:19] In file included from /ws/source/vllm-ascend/csrc/utils/inc/log/ops_log.h:18,
DEBUG [2026-10-09 18:06:19]                  from /ws/source/vllm-ascend/csrc/utils/inc/error/ops_error.h:18,
DEBUG [2026-10-09 18:06:19]                  from /ws/source/vllm-ascend/csrc/attention/inplace_partial_rotary_mul/op_host/inplace_partial_rotary_mul_tiling.h:27:
DEBUG [2026-10-09 18:06:19] /ws/source/vllm-ascend/csrc/attention/inplace_partial_rotary_mul/op_host/rope_regbase_tiling_aba_and_ba.cpp: In member function ‘void optiling::RopeRegBaseTilingClassABAAndBA::SetTilingData()’:
DEBUG [2026-10-09 18:06:19] /ws/source/vllm-ascend/csrc/utils/inc/log/inner/dfx_base.h:120:17: warning: format ‘%ld’ expects argument of type ‘long int’, but argument 31 has type ‘uint64_t’ {aka ‘long unsigned int’} [-Wformat=]
DEBUG [2026-10-09 18:06:19]   120 |                 "[%s:%d][%s]%s[%s][%lu] OpName:[%s] " #FMT,                                                     \
DEBUG [2026-10-09 18:06:19] /ws/source/vllm-ascend/csrc/utils/inc/log/inner/dfx_base.h:149:44: note: in expansion of macro ‘OPS_LOG_STUB’
DEBUG [2026-10-09 18:06:19]   149 | #define OPS_LOG_STUB_I(OPS_DESC, FMT, ...) OPS_LOG_STUB(OP, DLOG_INFO, OPS_DESC, FMT, ##__VA_ARGS__)
DEBUG [2026-10-09 18:06:19]       |                                            ^~~~~~~~~~~~
DEBUG [2026-10-09 18:06:19] /ws/source/vllm-ascend/csrc/utils/inc/log/ops_log.h:22:34: note: in expansion of macro ‘OPS_LOG_STUB_I’
DEBUG [2026-10-09 18:06:19]    22 | #define OPS_LOG_I(OPS_DESC, ...) OPS_LOG_STUB_I(OPS_DESC, __VA_ARGS__)
DEBUG [2026-10-09 18:06:19]       |                                  ^~~~~~~~~~~~~~
DEBUG [2026-10-09 18:06:19] /ws/source/vllm-ascend/csrc/attention/inplace_partial_rotary_mul/op_host/rope_regbase_tiling_aba_and_ba.cpp:181:5: note: in expansion of macro ‘OPS_LOG_I’
DEBUG [2026-10-09 18:06:19]   181 |     OPS_LOG_I(context_->GetNodeName(),
DEBUG [2026-10-09 18:06:19]       |     ^~~~~~~~~
DEBUG [2026-10-09 18:06:19] [20/69] Building CXX object gmm/grouped_matmul_swiglu_quant/op_host/CMakeFiles/ophost_transformer_tiling_obj.dir/__/__/__/attention/inplace_partial_rotary_mul/op_host/rope_regbase_tiling_bab.cpp.o
DEBUG [2026-10-09 18:06:19] In file included from /ws/source/vllm-ascend/csrc/attention/inplace_partial_rotary_mul/op_host/rope_regbase_tiling_bab.cpp:16:
DEBUG [2026-10-09 18:06:19] /ws/source/vllm-ascend/csrc/attention/inplace_partial_rotary_mul/op_host/inplace_partial_rotary_mul_tiling.h:221:7: warning: ‘class optiling::RopeRegBaseTilingClass’ has virtual functions and accessible non-virtual destructor [-Wnon-virtual-dtor]
DEBUG [2026-10-09 18:06:19]   221 | class RopeRegBaseTilingClass {
DEBUG [2026-10-09 18:06:19]       |       ^~~~~~~~~~~~~~~~~~~~~~
DEBUG [2026-10-09 18:06:19] /ws/source/vllm-ascend/csrc/attention/inplace_partial_rotary_mul/op_host/inplace_partial_rotary_mul_tiling.h:350:7: warning: base class ‘class optiling::RopeRegBaseTilingClass’ has accessible non-virtual destructor [-Wnon-virtual-dtor]
DEBUG [2026-10-09 18:06:19]   350 | class RopeRegBaseTilingClassAAndB : public RopeRegBaseTilingClass {
DEBUG [2026-10-09 18:06:19]       |       ^~~~~~~~~~~~~~~~~~~~~~~~~~~
DEBUG [2026-10-09 18:06:19] /ws/source/vllm-ascend/csrc/attention/inplace_partial_rotary_mul/op_host/inplace_partial_rotary_mul_tiling.h:350:7: warning: ‘class optiling::RopeRegBaseTilingClassAAndB’ has virtual functions and accessible non-virtual destructor [-Wnon-virtual-dtor]
DEBUG [2026-10-09 18:06:19] /ws/source/vllm-ascend/csrc/attention/inplace_partial_rotary_mul/op_host/inplace_partial_rotary_mul_tiling.h:385:7: warning: base class ‘class optiling::RopeRegBaseTilingClass’ has accessible non-virtual destructor [-Wnon-virtual-dtor]
DEBUG [2026-10-09 18:06:19]   385 | class RopeRegBaseTilingClassAB : public RopeRegBaseTilingClass {
DEBUG [2026-10-09 18:06:19]       |       ^~~~~~~~~~~~~~~~~~~~~~~~
DEBUG [2026-10-09 18:06:19] /ws/source/vllm-ascend/csrc/attention/inplace_partial_rotary_mul/op_host/inplace_partial_rotary_mul_tiling.h:385:7: warning: ‘class optiling::RopeRegBaseTilingClassAB’ has virtual functions and accessible non-virtual destructor [-Wnon-virtual-dtor]
DEBUG [2026-10-09 18:06:19] /ws/source/vllm-ascend/csrc/attention/inplace_partial_rotary_mul/op_host/inplace_partial_rotary_mul_tiling.h:409:7: warning: base class ‘class optiling::RopeRegBaseTilingClass’ has accessible non-virtual destructor [-Wnon-virtual-dtor]
DEBUG [2026-10-09 18:06:19]   409 | class RopeRegBaseTilingClassABAAndBA : public RopeRegBaseTilingClass {
DEBUG [2026-10-09 18:06:19]       |       ^~~~~~~~~~~~~~~~~~~~~~~~~~~~~~
DEBUG [2026-10-09 18:06:19] /ws/source/vllm-ascend/csrc/attention/inplace_partial_rotary_mul/op_host/inplace_partial_rotary_mul_tiling.h:409:7: warning: ‘class optiling::RopeRegBaseTilingClassABAAndBA’ has virtual functions and accessible non-virtual destructor [-Wnon-virtual-dtor]
DEBUG [2026-10-09 18:06:19] /ws/source/vllm-ascend/csrc/attention/inplace_partial_rotary_mul/op_host/inplace_partial_rotary_mul_tiling.h:443:7: warning: base class ‘class optiling::RopeRegBaseTilingClass’ has accessible non-virtual destructor [-Wnon-virtual-dtor]
DEBUG [2026-10-09 18:06:19]   443 | class RopeRegBaseTilingClassBAB : public RopeRegBaseTilingClass {
DEBUG [2026-10-09 18:06:19]       |       ^~~~~~~~~~~~~~~~~~~~~~~~~
DEBUG [2026-10-09 18:06:19] /ws/source/vllm-ascend/csrc/attention/inplace_partial_rotary_mul/op_host/inplace_partial_rotary_mul_tiling.h:443:7: warning: ‘class optiling::RopeRegBaseTilingClassBAB’ has virtual functions and accessible non-virtual destructor [-Wnon-virtual-dtor]
DEBUG [2026-10-09 18:06:19] /ws/source/vllm-ascend/csrc/attention/inplace_partial_rotary_mul/op_host/inplace_partial_rotary_mul_tiling.h: In constructor ‘optiling::RopeRegBaseTilingClassBAB::RopeRegBaseTilingClassBAB(gert::TilingContext*)’:
DEBUG [2026-10-09 18:06:19] /ws/source/vllm-ascend/csrc/attention/inplace_partial_rotary_mul/op_host/inplace_partial_rotary_mul_tiling.h:445:61: warning: declaration of ‘context_’ shadows a member of ‘optiling::RopeRegBaseTilingClassBAB’ [-Wshadow]
DEBUG [2026-10-09 18:06:19]   445 |     explicit RopeRegBaseTilingClassBAB(gert::TilingContext *context_) : RopeRegBaseTilingClass(context_)
DEBUG [2026-10-09 18:06:19]       |                                        ~~~~~~~~~~~~~~~~~~~~~^~~~~~~~
DEBUG [2026-10-09 18:06:19] /ws/source/vllm-ascend/csrc/attention/inplace_partial_rotary_mul/op_host/inplace_partial_rotary_mul_tiling.h:337:26: note: shadowed declaration is here
DEBUG [2026-10-09 18:06:19]   337 |     gert::TilingContext* context_ = nullptr;
DEBUG [2026-10-09 18:06:19]       |                          ^~~~~~~~
DEBUG [2026-10-09 18:06:19] /ws/source/vllm-ascend/csrc/attention/inplace_partial_rotary_mul/op_host/inplace_partial_rotary_mul_tiling.h: In constructor ‘optiling::RopeRegBaseTilingClassBAB::RopeRegBaseTilingClassBAB(gert::TilingContext*)’:
DEBUG [2026-10-09 18:06:19] /ws/source/vllm-ascend/csrc/attention/inplace_partial_rotary_mul/op_host/inplace_partial_rotary_mul_tiling.h:445:61: warning: declaration of ‘context_’ shadows a member of ‘optiling::RopeRegBaseTilingClassBAB’ [-Wshadow]
DEBUG [2026-10-09 18:06:19]   445 |     explicit RopeRegBaseTilingClassBAB(gert::TilingContext *context_) : RopeRegBaseTilingClass(context_)
DEBUG [2026-10-09 18:06:19]       |                                        ~~~~~~~~~~~~~~~~~~~~~^~~~~~~~
DEBUG [2026-10-09 18:06:19] /ws/source/vllm-ascend/csrc/attention/inplace_partial_rotary_mul/op_host/inplace_partial_rotary_mul_tiling.h:337:26: note: shadowed declaration is here
DEBUG [2026-10-09 18:06:19]   337 |     gert::TilingContext* context_ = nullptr;
DEBUG [2026-10-09 18:06:19]       |                          ^~~~~~~~
DEBUG [2026-10-09 18:06:19] /ws/source/vllm-ascend/csrc/attention/inplace_partial_rotary_mul/op_host/inplace_partial_rotary_mul_tiling.h: In constructor ‘optiling::RopeRegBaseTilingClassBAB::RopeRegBaseTilingClassBAB(gert::TilingContext*)’:
DEBUG [2026-10-09 18:06:19] /ws/source/vllm-ascend/csrc/attention/inplace_partial_rotary_mul/op_host/inplace_partial_rotary_mul_tiling.h:445:61: warning: declaration of ‘context_’ shadows a member of ‘optiling::RopeRegBaseTilingClassBAB’ [-Wshadow]
DEBUG [2026-10-09 18:06:19]   445 |     explicit RopeRegBaseTilingClassBAB(gert::TilingContext *context_) : RopeRegBaseTilingClass(context_)
DEBUG [2026-10-09 18:06:19]       |                                        ~~~~~~~~~~~~~~~~~~~~~^~~~~~~~
DEBUG [2026-10-09 18:06:19] /ws/source/vllm-ascend/csrc/attention/inplace_partial_rotary_mul/op_host/inplace_partial_rotary_mul_tiling.h:337:26: note: shadowed declaration is here
DEBUG [2026-10-09 18:06:19]   337 |     gert::TilingContext* context_ = nullptr;
DEBUG [2026-10-09 18:06:19]       |                          ^~~~~~~~
DEBUG [2026-10-09 18:06:19] In file included from /ws/source/vllm-ascend/csrc/utils/inc/log/ops_log.h:18,
DEBUG [2026-10-09 18:06:19]                  from /ws/source/vllm-ascend/csrc/utils/inc/error/ops_error.h:18,
DEBUG [2026-10-09 18:06:19]                  from /ws/source/vllm-ascend/csrc/attention/inplace_partial_rotary_mul/op_host/inplace_partial_rotary_mul_tiling.h:27:
DEBUG [2026-10-09 18:06:19] /ws/source/vllm-ascend/csrc/attention/inplace_partial_rotary_mul/op_host/rope_regbase_tiling_bab.cpp: In member function ‘void optiling::RopeRegBaseTilingClassBAB::PrintTilingData()’:
DEBUG [2026-10-09 18:06:19] /ws/source/vllm-ascend/csrc/utils/inc/log/inner/dfx_base.h:120:17: warning: format ‘%ld’ expects argument of type ‘long int’, but argument 32 has type ‘uint64_t’ {aka ‘long unsigned int’} [-Wformat=]
DEBUG [2026-10-09 18:06:19]   120 |                 "[%s:%d][%s]%s[%s][%lu] OpName:[%s] " #FMT,                                                     \
DEBUG [2026-10-09 18:06:19] /ws/source/vllm-ascend/csrc/utils/inc/log/inner/dfx_base.h:149:44: note: in expansion of macro ‘OPS_LOG_STUB’
DEBUG [2026-10-09 18:06:19]   149 | #define OPS_LOG_STUB_I(OPS_DESC, FMT, ...) OPS_LOG_STUB(OP, DLOG_INFO, OPS_DESC, FMT, ##__VA_ARGS__)
DEBUG [2026-10-09 18:06:19]       |                                            ^~~~~~~~~~~~
DEBUG [2026-10-09 18:06:19] /ws/source/vllm-ascend/csrc/utils/inc/log/ops_log.h:22:34: note: in expansion of macro ‘OPS_LOG_STUB_I’
DEBUG [2026-10-09 18:06:19]    22 | #define OPS_LOG_I(OPS_DESC, ...) OPS_LOG_STUB_I(OPS_DESC, __VA_ARGS__)
DEBUG [2026-10-09 18:06:19]       |                                  ^~~~~~~~~~~~~~
DEBUG [2026-10-09 18:06:19] /ws/source/vllm-ascend/csrc/attention/inplace_partial_rotary_mul/op_host/rope_regbase_tiling_bab.cpp:133:5: note: in expansion of macro ‘OPS_LOG_I’
DEBUG [2026-10-09 18:06:19]   133 |     OPS_LOG_I(context_->GetNodeName(),
DEBUG [2026-10-09 18:06:19]       |     ^~~~~~~~~
DEBUG [2026-10-09 18:06:19] [21/69] Building CXX object gmm/grouped_matmul_swiglu_quant/op_host/CMakeFiles/ophost_transformer_tiling_obj.dir/__/__/__/attention/inplace_partial_rotary_mul/op_host/inplace_partial_rotary_mul_a3_tiling.cpp.o
DEBUG [2026-10-09 18:06:19] In file included from /ws/source/vllm-ascend/csrc/attention/inplace_partial_rotary_mul/op_host/inplace_partial_rotary_mul_a3_tiling.cpp:22:
DEBUG [2026-10-09 18:06:19] /ws/source/vllm-ascend/csrc/attention/inplace_partial_rotary_mul/op_host/inplace_partial_rotary_mul_tiling.h:221:7: warning: ‘class optiling::RopeRegBaseTilingClass’ has virtual functions and accessible non-virtual destructor [-Wnon-virtual-dtor]
DEBUG [2026-10-09 18:06:19]   221 | class RopeRegBaseTilingClass {
DEBUG [2026-10-09 18:06:19]       |       ^~~~~~~~~~~~~~~~~~~~~~
DEBUG [2026-10-09 18:06:19] /ws/source/vllm-ascend/csrc/attention/inplace_partial_rotary_mul/op_host/inplace_partial_rotary_mul_tiling.h:350:7: warning: base class ‘class optiling::RopeRegBaseTilingClass’ has accessible non-virtual destructor [-Wnon-virtual-dtor]
DEBUG [2026-10-09 18:06:19]   350 | class RopeRegBaseTilingClassAAndB : public RopeRegBaseTilingClass {
DEBUG [2026-10-09 18:06:19]       |       ^~~~~~~~~~~~~~~~~~~~~~~~~~~
DEBUG [2026-10-09 18:06:19] /ws/source/vllm-ascend/csrc/attention/inplace_partial_rotary_mul/op_host/inplace_partial_rotary_mul_tiling.h:350:7: warning: ‘class optiling::RopeRegBaseTilingClassAAndB’ has virtual functions and accessible non-virtual destructor [-Wnon-virtual-dtor]
DEBUG [2026-10-09 18:06:19] /ws/source/vllm-ascend/csrc/attention/inplace_partial_rotary_mul/op_host/inplace_partial_rotary_mul_tiling.h:385:7: warning: base class ‘class optiling::RopeRegBaseTilingClass’ has accessible non-virtual destructor [-Wnon-virtual-dtor]
DEBUG [2026-10-09 18:06:19]   385 | class RopeRegBaseTilingClassAB : public RopeRegBaseTilingClass {
DEBUG [2026-10-09 18:06:19]       |       ^~~~~~~~~~~~~~~~~~~~~~~~
DEBUG [2026-10-09 18:06:19] /ws/source/vllm-ascend/csrc/attention/inplace_partial_rotary_mul/op_host/inplace_partial_rotary_mul_tiling.h:385:7: warning: ‘class optiling::RopeRegBaseTilingClassAB’ has virtual functions and accessible non-virtual destructor [-Wnon-virtual-dtor]
DEBUG [2026-10-09 18:06:19] /ws/source/vllm-ascend/csrc/attention/inplace_partial_rotary_mul/op_host/inplace_partial_rotary_mul_tiling.h:409:7: warning: base class ‘class optiling::RopeRegBaseTilingClass’ has accessible non-virtual destructor [-Wnon-virtual-dtor]
DEBUG [2026-10-09 18:06:19]   409 | class RopeRegBaseTilingClassABAAndBA : public RopeRegBaseTilingClass {
DEBUG [2026-10-09 18:06:19]       |       ^~~~~~~~~~~~~~~~~~~~~~~~~~~~~~
DEBUG [2026-10-09 18:06:19] /ws/source/vllm-ascend/csrc/attention/inplace_partial_rotary_mul/op_host/inplace_partial_rotary_mul_tiling.h:409:7: warning: ‘class optiling::RopeRegBaseTilingClassABAAndBA’ has virtual functions and accessible non-virtual destructor [-Wnon-virtual-dtor]
DEBUG [2026-10-09 18:06:19] /ws/source/vllm-ascend/csrc/attention/inplace_partial_rotary_mul/op_host/inplace_partial_rotary_mul_tiling.h:443:7: warning: base class ‘class optiling::RopeRegBaseTilingClass’ has accessible non-virtual destructor [-Wnon-virtual-dtor]
DEBUG [2026-10-09 18:06:19]   443 | class RopeRegBaseTilingClassBAB : public RopeRegBaseTilingClass {
DEBUG [2026-10-09 18:06:19]       |       ^~~~~~~~~~~~~~~~~~~~~~~~~
DEBUG [2026-10-09 18:06:19] /ws/source/vllm-ascend/csrc/attention/inplace_partial_rotary_mul/op_host/inplace_partial_rotary_mul_tiling.h:443:7: warning: ‘class optiling::RopeRegBaseTilingClassBAB’ has virtual functions and accessible non-virtual destructor [-Wnon-virtual-dtor]
DEBUG [2026-10-09 18:06:19] /ws/source/vllm-ascend/csrc/attention/inplace_partial_rotary_mul/op_host/inplace_partial_rotary_mul_tiling.h: In constructor ‘optiling::RopeRegBaseTilingClassBAB::RopeRegBaseTilingClassBAB(gert::TilingContext*)’:
DEBUG [2026-10-09 18:06:19] /ws/source/vllm-ascend/csrc/attention/inplace_partial_rotary_mul/op_host/inplace_partial_rotary_mul_tiling.h:445:61: warning: declaration of ‘context_’ shadows a member of ‘optiling::RopeRegBaseTilingClassBAB’ [-Wshadow]
DEBUG [2026-10-09 18:06:19]   445 |     explicit RopeRegBaseTilingClassBAB(gert::TilingContext *context_) : RopeRegBaseTilingClass(context_)
DEBUG [2026-10-09 18:06:19]       |                                        ~~~~~~~~~~~~~~~~~~~~~^~~~~~~~
DEBUG [2026-10-09 18:06:19] /ws/source/vllm-ascend/csrc/attention/inplace_partial_rotary_mul/op_host/inplace_partial_rotary_mul_tiling.h:337:26: note: shadowed declaration is here
DEBUG [2026-10-09 18:06:19]   337 |     gert::TilingContext* context_ = nullptr;
DEBUG [2026-10-09 18:06:19]       |                          ^~~~~~~~
DEBUG [2026-10-09 18:06:19] /ws/source/vllm-ascend/csrc/attention/inplace_partial_rotary_mul/op_host/inplace_partial_rotary_mul_tiling.h: In constructor ‘optiling::RopeRegBaseTilingClassBAB::RopeRegBaseTilingClassBAB(gert::TilingContext*)’:
DEBUG [2026-10-09 18:06:19] /ws/source/vllm-ascend/csrc/attention/inplace_partial_rotary_mul/op_host/inplace_partial_rotary_mul_tiling.h:445:61: warning: declaration of ‘context_’ shadows a member of ‘optiling::RopeRegBaseTilingClassBAB’ [-Wshadow]
DEBUG [2026-10-09 18:06:19]   445 |     explicit RopeRegBaseTilingClassBAB(gert::TilingContext *context_) : RopeRegBaseTilingClass(context_)
DEBUG [2026-10-09 18:06:19]       |                                        ~~~~~~~~~~~~~~~~~~~~~^~~~~~~~
DEBUG [2026-10-09 18:06:19] /ws/source/vllm-ascend/csrc/attention/inplace_partial_rotary_mul/op_host/inplace_partial_rotary_mul_tiling.h:337:26: note: shadowed declaration is here
DEBUG [2026-10-09 18:06:19]   337 |     gert::TilingContext* context_ = nullptr;
DEBUG [2026-10-09 18:06:19]       |                          ^~~~~~~~
DEBUG [2026-10-09 18:06:19] /ws/source/vllm-ascend/csrc/attention/inplace_partial_rotary_mul/op_host/inplace_partial_rotary_mul_tiling.h: In constructor ‘optiling::RopeRegBaseTilingClassBAB::RopeRegBaseTilingClassBAB(gert::TilingContext*)’:
DEBUG [2026-10-09 18:06:19] /ws/source/vllm-ascend/csrc/attention/inplace_partial_rotary_mul/op_host/inplace_partial_rotary_mul_tiling.h:445:61: warning: declaration of ‘context_’ shadows a member of ‘optiling::RopeRegBaseTilingClassBAB’ [-Wshadow]
DEBUG [2026-10-09 18:06:19]   445 |     explicit RopeRegBaseTilingClassBAB(gert::TilingContext *context_) : RopeRegBaseTilingClass(context_)
DEBUG [2026-10-09 18:06:19]       |                                        ~~~~~~~~~~~~~~~~~~~~~^~~~~~~~
DEBUG [2026-10-09 18:06:19] /ws/source/vllm-ascend/csrc/attention/inplace_partial_rotary_mul/op_host/inplace_partial_rotary_mul_tiling.h:337:26: note: shadowed declaration is here
DEBUG [2026-10-09 18:06:19]   337 |     gert::TilingContext* context_ = nullptr;
DEBUG [2026-10-09 18:06:19]       |                          ^~~~~~~~
DEBUG [2026-10-09 18:06:19] In file included from /ws/source/vllm-ascend/csrc/utils/inc/log/ops_log.h:18,
DEBUG [2026-10-09 18:06:19]                  from /ws/source/vllm-ascend/csrc/utils/inc/error/ops_error.h:18,
DEBUG [2026-10-09 18:06:19]                  from /ws/source/vllm-ascend/csrc/attention/inplace_partial_rotary_mul/op_host/inplace_partial_rotary_mul_tiling.h:27:
DEBUG [2026-10-09 18:06:19] /ws/source/vllm-ascend/csrc/attention/inplace_partial_rotary_mul/op_host/inplace_partial_rotary_mul_a3_tiling.cpp: In member function ‘ge::graphStatus optiling::InplacePartialRotaryMulTiling::CheckInput()’:
DEBUG [2026-10-09 18:06:19] /ws/source/vllm-ascend/csrc/utils/inc/log/inner/dfx_base.h:120:17: warning: format ‘%d’ expects argument of type ‘int’, but argument 12 has type ‘int64_t’ {aka ‘long int’} [-Wformat=]
DEBUG [2026-10-09 18:06:19]   120 |                 "[%s:%d][%s]%s[%s][%lu] OpName:[%s] " #FMT,                                                     \
DEBUG [2026-10-09 18:06:19] /ws/source/vllm-ascend/csrc/utils/inc/log/inner/dfx_base.h:138:9: note: in expansion of macro ‘OPS_LOG_STUB’
DEBUG [2026-10-09 18:06:19]   138 |         OPS_LOG_STUB(OP, DLOG_ERROR, OPS_DESC, FMT, ##__VA_ARGS__);                                                    \
DEBUG [2026-10-09 18:06:19]       |         ^~~~~~~~~~~~
DEBUG [2026-10-09 18:06:19] /ws/source/vllm-ascend/csrc/utils/inc/log/ops_log.h:24:34: note: in expansion of macro ‘OPS_INNER_ERR_STUB’
DEBUG [2026-10-09 18:06:19]    24 | #define OPS_LOG_E(OPS_DESC, ...) OPS_INNER_ERR_STUB("EZ9999", OPS_DESC, __VA_ARGS__)
DEBUG [2026-10-09 18:06:19]       |                                  ^~~~~~~~~~~~~~~~~~
DEBUG [2026-10-09 18:06:19] /ws/source/vllm-ascend/csrc/attention/inplace_partial_rotary_mul/op_host/inplace_partial_rotary_mul_a3_tiling.cpp:291:13: note: in expansion of macro ‘OPS_LOG_E’
DEBUG [2026-10-09 18:06:19]   291 |             OPS_LOG_E(context_->GetNodeName(), "i is %d r1dim is %ld, r2dim is %ld, not equal",i,r1dim,r2dim);
DEBUG [2026-10-09 18:06:19]       |             ^~~~~~~~~
DEBUG [2026-10-09 18:06:19] In file included from /ws/source/vllm-ascend/csrc/utils/inc/log/inner/dfx_base.h:25:
DEBUG [2026-10-09 18:06:19] /ws/source/vllm-ascend/csrc/attention/inplace_partial_rotary_mul/op_host/inplace_partial_rotary_mul_a3_tiling.cpp:291:48: warning: format ‘%d’ expects argument of type ‘int’, but argument 6 has type ‘int64_t’ {aka ‘long int’} [-Wformat=]
DEBUG [2026-10-09 18:06:19]   291 |             OPS_LOG_E(context_->GetNodeName(), "i is %d r1dim is %ld, r2dim is %ld, not equal",i,r1dim,r2dim);
DEBUG [2026-10-09 18:06:19]       |                                                                                                ~
DEBUG [2026-10-09 18:06:19]       |                                                                                                |
DEBUG [2026-10-09 18:06:19]       |                                                                                                int64_t {aka long int}
DEBUG [2026-10-09 18:06:19] /ws/source/vllm-ascend/csrc/utils/inc/log/ops_log.h:24:34: note: in expansion of macro ‘OPS_INNER_ERR_STUB’
DEBUG [2026-10-09 18:06:19]    24 | #define OPS_LOG_E(OPS_DESC, ...) OPS_INNER_ERR_STUB("EZ9999", OPS_DESC, __VA_ARGS__)
DEBUG [2026-10-09 18:06:19]       |                                  ^~~~~~~~~~~~~~~~~~
DEBUG [2026-10-09 18:06:19] /ws/source/vllm-ascend/csrc/attention/inplace_partial_rotary_mul/op_host/inplace_partial_rotary_mul_a3_tiling.cpp:291:13: note: in expansion of macro ‘OPS_LOG_E’
DEBUG [2026-10-09 18:06:19]   291 |             OPS_LOG_E(context_->GetNodeName(), "i is %d r1dim is %ld, r2dim is %ld, not equal",i,r1dim,r2dim);
DEBUG [2026-10-09 18:06:19]       |             ^~~~~~~~~
DEBUG [2026-10-09 18:06:19] /ws/source/vllm-ascend/csrc/attention/inplace_partial_rotary_mul/op_host/inplace_partial_rotary_mul_a3_tiling.cpp:280:10: warning: variable ‘inputShape’ set but not used [-Wunused-but-set-variable]
DEBUG [2026-10-09 18:06:19]   280 |     auto inputShape = xInput->GetStorageShape();
DEBUG [2026-10-09 18:06:19]       |          ^~~~~~~~~~
DEBUG [2026-10-09 18:06:19] /ws/source/vllm-ascend/csrc/attention/inplace_partial_rotary_mul/op_host/inplace_partial_rotary_mul_a3_tiling.cpp:324:13: warning: unused variable ‘r1Dim2’ [-Wunused-variable]
DEBUG [2026-10-09 18:06:19]   324 |     int64_t r1Dim2 = inputR1Shape.GetDim(2);
DEBUG [2026-10-09 18:06:19]       |             ^~~~~~
DEBUG [2026-10-09 18:06:19] /ws/source/vllm-ascend/csrc/attention/inplace_partial_rotary_mul/op_host/inplace_partial_rotary_mul_a3_tiling.cpp:325:13: warning: unused variable ‘xDim1’ [-Wunused-variable]
DEBUG [2026-10-09 18:06:19]   325 |     int64_t xDim1 = xShape.GetDim(1);
DEBUG [2026-10-09 18:06:19]       |             ^~~~~
DEBUG [2026-10-09 18:06:19] /ws/source/vllm-ascend/csrc/attention/inplace_partial_rotary_mul/op_host/inplace_partial_rotary_mul_a3_tiling.cpp:326:13: warning: unused variable ‘xDim2’ [-Wunused-variable]
DEBUG [2026-10-09 18:06:19]   326 |     int64_t xDim2 = xShape.GetDim(2);
DEBUG [2026-10-09 18:06:19]       |             ^~~~~
DEBUG [2026-10-09 18:06:19] /ws/source/vllm-ascend/csrc/attention/inplace_partial_rotary_mul/op_host/inplace_partial_rotary_mul_a3_tiling.cpp: In member function ‘ge::graphStatus optiling::InplacePartialRotaryMulTiling::TilingSplitN(int64_t, int64_t, int64_t, ge::DataType)’:
DEBUG [2026-10-09 18:06:19] /ws/source/vllm-ascend/csrc/attention/inplace_partial_rotary_mul/op_host/inplace_partial_rotary_mul_a3_tiling.cpp:364:41: warning: narrowing conversion of ‘numHeads’ from ‘int64_t’ {aka ‘long int’} to ‘uint32_t’ {aka ‘unsigned int’} [-Wnarrowing]
DEBUG [2026-10-09 18:06:19]   364 |     uint32_t ubCalcNNum{1}, ubCalcNLoop{numHeads}, ubCalcNTail{0};
DEBUG [2026-10-09 18:06:19]       |                                         ^~~~~~~~
DEBUG [2026-10-09 18:06:19] [22/69] Building CXX object gmm/grouped_matmul_swiglu_quant/op_host/CMakeFiles/ophost_transformer_tiling_obj.dir/__/__/__/attention/inplace_partial_rotary_mul/op_host/inplace_partial_rotary_mul_tiling.cpp.o
DEBUG [2026-10-09 18:06:19] In file included from /ws/source/vllm-ascend/csrc/attention/inplace_partial_rotary_mul/op_host/inplace_partial_rotary_mul_tiling.cpp:15:
DEBUG [2026-10-09 18:06:19] /ws/source/vllm-ascend/csrc/attention/inplace_partial_rotary_mul/op_host/inplace_partial_rotary_mul_tiling.h:221:7: warning: ‘class optiling::RopeRegBaseTilingClass’ has virtual functions and accessible non-virtual destructor [-Wnon-virtual-dtor]
DEBUG [2026-10-09 18:06:19]   221 | class RopeRegBaseTilingClass {
DEBUG [2026-10-09 18:06:19]       |       ^~~~~~~~~~~~~~~~~~~~~~
DEBUG [2026-10-09 18:06:19] /ws/source/vllm-ascend/csrc/attention/inplace_partial_rotary_mul/op_host/inplace_partial_rotary_mul_tiling.h:350:7: warning: base class ‘class optiling::RopeRegBaseTilingClass’ has accessible non-virtual destructor [-Wnon-virtual-dtor]
DEBUG [2026-10-09 18:06:19]   350 | class RopeRegBaseTilingClassAAndB : public RopeRegBaseTilingClass {
DEBUG [2026-10-09 18:06:19]       |       ^~~~~~~~~~~~~~~~~~~~~~~~~~~
DEBUG [2026-10-09 18:06:19] /ws/source/vllm-ascend/csrc/attention/inplace_partial_rotary_mul/op_host/inplace_partial_rotary_mul_tiling.h:350:7: warning: ‘class optiling::RopeRegBaseTilingClassAAndB’ has virtual functions and accessible non-virtual destructor [-Wnon-virtual-dtor]
DEBUG [2026-10-09 18:06:19] /ws/source/vllm-ascend/csrc/attention/inplace_partial_rotary_mul/op_host/inplace_partial_rotary_mul_tiling.h:385:7: warning: base class ‘class optiling::RopeRegBaseTilingClass’ has accessible non-virtual destructor [-Wnon-virtual-dtor]
DEBUG [2026-10-09 18:06:19]   385 | class RopeRegBaseTilingClassAB : public RopeRegBaseTilingClass {
DEBUG [2026-10-09 18:06:19]       |       ^~~~~~~~~~~~~~~~~~~~~~~~
DEBUG [2026-10-09 18:06:19] /ws/source/vllm-ascend/csrc/attention/inplace_partial_rotary_mul/op_host/inplace_partial_rotary_mul_tiling.h:385:7: warning: ‘class optiling::RopeRegBaseTilingClassAB’ has virtual functions and accessible non-virtual destructor [-Wnon-virtual-dtor]
DEBUG [2026-10-09 18:06:19] /ws/source/vllm-ascend/csrc/attention/inplace_partial_rotary_mul/op_host/inplace_partial_rotary_mul_tiling.h:409:7: warning: base class ‘class optiling::RopeRegBaseTilingClass’ has accessible non-virtual destructor [-Wnon-virtual-dtor]
DEBUG [2026-10-09 18:06:19]   409 | class RopeRegBaseTilingClassABAAndBA : public RopeRegBaseTilingClass {
DEBUG [2026-10-09 18:06:19]       |       ^~~~~~~~~~~~~~~~~~~~~~~~~~~~~~
DEBUG [2026-10-09 18:06:19] /ws/source/vllm-ascend/csrc/attention/inplace_partial_rotary_mul/op_host/inplace_partial_rotary_mul_tiling.h:409:7: warning: ‘class optiling::RopeRegBaseTilingClassABAAndBA’ has virtual functions and accessible non-virtual destructor [-Wnon-virtual-dtor]
DEBUG [2026-10-09 18:06:19] /ws/source/vllm-ascend/csrc/attention/inplace_partial_rotary_mul/op_host/inplace_partial_rotary_mul_tiling.h:443:7: warning: base class ‘class optiling::RopeRegBaseTilingClass’ has accessible non-virtual destructor [-Wnon-virtual-dtor]
DEBUG [2026-10-09 18:06:19]   443 | class RopeRegBaseTilingClassBAB : public RopeRegBaseTilingClass {
DEBUG [2026-10-09 18:06:19]       |       ^~~~~~~~~~~~~~~~~~~~~~~~~
DEBUG [2026-10-09 18:06:19] /ws/source/vllm-ascend/csrc/attention/inplace_partial_rotary_mul/op_host/inplace_partial_rotary_mul_tiling.h:443:7: warning: ‘class optiling::RopeRegBaseTilingClassBAB’ has virtual functions and accessible non-virtual destructor [-Wnon-virtual-dtor]
DEBUG [2026-10-09 18:06:19] /ws/source/vllm-ascend/csrc/attention/inplace_partial_rotary_mul/op_host/inplace_partial_rotary_mul_tiling.h: In constructor ‘optiling::RopeRegBaseTilingClassBAB::RopeRegBaseTilingClassBAB(gert::TilingContext*)’:
DEBUG [2026-10-09 18:06:19] /ws/source/vllm-ascend/csrc/attention/inplace_partial_rotary_mul/op_host/inplace_partial_rotary_mul_tiling.h:445:61: warning: declaration of ‘context_’ shadows a member of ‘optiling::RopeRegBaseTilingClassBAB’ [-Wshadow]
DEBUG [2026-10-09 18:06:19]   445 |     explicit RopeRegBaseTilingClassBAB(gert::TilingContext *context_) : RopeRegBaseTilingClass(context_)
DEBUG [2026-10-09 18:06:19]       |                                        ~~~~~~~~~~~~~~~~~~~~~^~~~~~~~
DEBUG [2026-10-09 18:06:19] /ws/source/vllm-ascend/csrc/attention/inplace_partial_rotary_mul/op_host/inplace_partial_rotary_mul_tiling.h:337:26: note: shadowed declaration is here
DEBUG [2026-10-09 18:06:19]   337 |     gert::TilingContext* context_ = nullptr;
DEBUG [2026-10-09 18:06:19]       |                          ^~~~~~~~
DEBUG [2026-10-09 18:06:19] /ws/source/vllm-ascend/csrc/attention/inplace_partial_rotary_mul/op_host/inplace_partial_rotary_mul_tiling.h: In constructor ‘optiling::RopeRegBaseTilingClassBAB::RopeRegBaseTilingClassBAB(gert::TilingContext*)’:
DEBUG [2026-10-09 18:06:19] /ws/source/vllm-ascend/csrc/attention/inplace_partial_rotary_mul/op_host/inplace_partial_rotary_mul_tiling.h:445:61: warning: declaration of ‘context_’ shadows a member of ‘optiling::RopeRegBaseTilingClassBAB’ [-Wshadow]
DEBUG [2026-10-09 18:06:19]   445 |     explicit RopeRegBaseTilingClassBAB(gert::TilingContext *context_) : RopeRegBaseTilingClass(context_)
DEBUG [2026-10-09 18:06:19]       |                                        ~~~~~~~~~~~~~~~~~~~~~^~~~~~~~
DEBUG [2026-10-09 18:06:19] /ws/source/vllm-ascend/csrc/attention/inplace_partial_rotary_mul/op_host/inplace_partial_rotary_mul_tiling.h:337:26: note: shadowed declaration is here
DEBUG [2026-10-09 18:06:19]   337 |     gert::TilingContext* context_ = nullptr;
DEBUG [2026-10-09 18:06:19]       |                          ^~~~~~~~
DEBUG [2026-10-09 18:06:19] /ws/source/vllm-ascend/csrc/attention/inplace_partial_rotary_mul/op_host/inplace_partial_rotary_mul_tiling.h: In constructor ‘optiling::RopeRegBaseTilingClassBAB::RopeRegBaseTilingClassBAB(gert::TilingContext*)’:
DEBUG [2026-10-09 18:06:19] /ws/source/vllm-ascend/csrc/attention/inplace_partial_rotary_mul/op_host/inplace_partial_rotary_mul_tiling.h:445:61: warning: declaration of ‘context_’ shadows a member of ‘optiling::RopeRegBaseTilingClassBAB’ [-Wshadow]
DEBUG [2026-10-09 18:06:19]   445 |     explicit RopeRegBaseTilingClassBAB(gert::TilingContext *context_) : RopeRegBaseTilingClass(context_)
DEBUG [2026-10-09 18:06:19]       |                                        ~~~~~~~~~~~~~~~~~~~~~^~~~~~~~
DEBUG [2026-10-09 18:06:19] /ws/source/vllm-ascend/csrc/attention/inplace_partial_rotary_mul/op_host/inplace_partial_rotary_mul_tiling.h:337:26: note: shadowed declaration is here
DEBUG [2026-10-09 18:06:19]   337 |     gert::TilingContext* context_ = nullptr;
DEBUG [2026-10-09 18:06:19]       |                          ^~~~~~~~
DEBUG [2026-10-09 18:06:19] In file included from /ws/source/vllm-ascend/csrc/utils/inc/log/ops_log.h:18,
DEBUG [2026-10-09 18:06:19]                  from /ws/source/vllm-ascend/csrc/utils/inc/error/ops_error.h:18,
DEBUG [2026-10-09 18:06:19]                  from /ws/source/vllm-ascend/csrc/attention/inplace_partial_rotary_mul/op_host/inplace_partial_rotary_mul_tiling.h:27:
DEBUG [2026-10-09 18:06:19] /ws/source/vllm-ascend/csrc/attention/inplace_partial_rotary_mul/op_host/inplace_partial_rotary_mul_tiling.cpp: In member function ‘ge::graphStatus optiling::RotaryPosEmbeddingMembaseTilingClass::GetShapeAttrsInfo()’:
DEBUG [2026-10-09 18:06:19] /ws/source/vllm-ascend/csrc/utils/inc/log/inner/dfx_base.h:120:17: warning: format ‘%d’ expects argument of type ‘int’, but argument 12 has type ‘unsigned int’ [-Wformat=]
DEBUG [2026-10-09 18:06:19]   120 |                 "[%s:%d][%s]%s[%s][%lu] OpName:[%s] " #FMT,                                                     \
DEBUG [2026-10-09 18:06:19] /ws/source/vllm-ascend/csrc/utils/inc/log/inner/dfx_base.h:149:44: note: in expansion of macro ‘OPS_LOG_STUB’
DEBUG [2026-10-09 18:06:19]   149 | #define OPS_LOG_STUB_I(OPS_DESC, FMT, ...) OPS_LOG_STUB(OP, DLOG_INFO, OPS_DESC, FMT, ##__VA_ARGS__)
DEBUG [2026-10-09 18:06:19]       |                                            ^~~~~~~~~~~~
DEBUG [2026-10-09 18:06:19] /ws/source/vllm-ascend/csrc/utils/inc/log/ops_log.h:22:34: note: in expansion of macro ‘OPS_LOG_STUB_I’
DEBUG [2026-10-09 18:06:19]    22 | #define OPS_LOG_I(OPS_DESC, ...) OPS_LOG_STUB_I(OPS_DESC, __VA_ARGS__)
DEBUG [2026-10-09 18:06:19]       |                                  ^~~~~~~~~~~~~~
DEBUG [2026-10-09 18:06:19] /ws/source/vllm-ascend/csrc/attention/inplace_partial_rotary_mul/op_host/inplace_partial_rotary_mul_tiling.cpp:49:5: note: in expansion of macro ‘OPS_LOG_I’
DEBUG [2026-10-09 18:06:19]    49 |     OPS_LOG_I(context_->GetNodeName(), "[mode]: %d", inputMode);
DEBUG [2026-10-09 18:06:19]       |     ^~~~~~~~~
DEBUG [2026-10-09 18:06:19] [23/69] Building CXX object gmm/grouped_matmul_swiglu_quant/op_host/CMakeFiles/ophost_transformer_tiling_obj.dir/__/__/__/moe/moe_gating_top_k_hash/op_host/moe_gating_top_k_hash_tiling.cpp.o
DEBUG [2026-10-09 18:06:19] /ws/source/vllm-ascend/csrc/moe/moe_gating_top_k_hash/op_host/moe_gating_top_k_hash_tiling.cpp: In member function ‘ge::graphStatus optiling::MoeGatingTopKHashTilingBase::GetPlatformInfo()’:
DEBUG [2026-10-09 18:06:19] /ws/source/vllm-ascend/csrc/moe/moe_gating_top_k_hash/op_host/moe_gating_top_k_hash_tiling.cpp:479:14: warning: unused variable ‘ubSizePlatForm’ [-Wunused-variable]
DEBUG [2026-10-09 18:06:19]   479 |     uint64_t ubSizePlatForm;
DEBUG [2026-10-09 18:06:19]       |              ^~~~~~~~~~~~~~
DEBUG [2026-10-09 18:06:19] [24/69] Building CXX object gmm/grouped_matmul_swiglu_quant/op_host/CMakeFiles/ophost_transformer_tiling_obj.dir/__/__/__/attention/inplace_partial_rotary_mul/op_host/rope_regbase_tiling_base.cpp.o
DEBUG [2026-10-09 18:06:19] In file included from /ws/source/vllm-ascend/csrc/attention/inplace_partial_rotary_mul/op_host/rope_regbase_tiling_base.cpp:20:
DEBUG [2026-10-09 18:06:19] /ws/source/vllm-ascend/csrc/attention/inplace_partial_rotary_mul/op_host/inplace_partial_rotary_mul_tiling.h:221:7: warning: ‘class optiling::RopeRegBaseTilingClass’ has virtual functions and accessible non-virtual destructor [-Wnon-virtual-dtor]
DEBUG [2026-10-09 18:06:19]   221 | class RopeRegBaseTilingClass {
DEBUG [2026-10-09 18:06:19]       |       ^~~~~~~~~~~~~~~~~~~~~~
DEBUG [2026-10-09 18:06:19] /ws/source/vllm-ascend/csrc/attention/inplace_partial_rotary_mul/op_host/inplace_partial_rotary_mul_tiling.h:350:7: warning: base class ‘class optiling::RopeRegBaseTilingClass’ has accessible non-virtual destructor [-Wnon-virtual-dtor]
DEBUG [2026-10-09 18:06:19]   350 | class RopeRegBaseTilingClassAAndB : public RopeRegBaseTilingClass {
DEBUG [2026-10-09 18:06:19]       |       ^~~~~~~~~~~~~~~~~~~~~~~~~~~
DEBUG [2026-10-09 18:06:19] /ws/source/vllm-ascend/csrc/attention/inplace_partial_rotary_mul/op_host/inplace_partial_rotary_mul_tiling.h:350:7: warning: ‘class optiling::RopeRegBaseTilingClassAAndB’ has virtual functions and accessible non-virtual destructor [-Wnon-virtual-dtor]
DEBUG [2026-10-09 18:06:19] /ws/source/vllm-ascend/csrc/attention/inplace_partial_rotary_mul/op_host/inplace_partial_rotary_mul_tiling.h:385:7: warning: base class ‘class optiling::RopeRegBaseTilingClass’ has accessible non-virtual destructor [-Wnon-virtual-dtor]
DEBUG [2026-10-09 18:06:19]   385 | class RopeRegBaseTilingClassAB : public RopeRegBaseTilingClass {
DEBUG [2026-10-09 18:06:19]       |       ^~~~~~~~~~~~~~~~~~~~~~~~
DEBUG [2026-10-09 18:06:19] /ws/source/vllm-ascend/csrc/attention/inplace_partial_rotary_mul/op_host/inplace_partial_rotary_mul_tiling.h:385:7: warning: ‘class optiling::RopeRegBaseTilingClassAB’ has virtual functions and accessible non-virtual destructor [-Wnon-virtual-dtor]
DEBUG [2026-10-09 18:06:19] /ws/source/vllm-ascend/csrc/attention/inplace_partial_rotary_mul/op_host/inplace_partial_rotary_mul_tiling.h:409:7: warning: base class ‘class optiling::RopeRegBaseTilingClass’ has accessible non-virtual destructor [-Wnon-virtual-dtor]
DEBUG [2026-10-09 18:06:19]   409 | class RopeRegBaseTilingClassABAAndBA : public RopeRegBaseTilingClass {
DEBUG [2026-10-09 18:06:19]       |       ^~~~~~~~~~~~~~~~~~~~~~~~~~~~~~
DEBUG [2026-10-09 18:06:19] /ws/source/vllm-ascend/csrc/attention/inplace_partial_rotary_mul/op_host/inplace_partial_rotary_mul_tiling.h:409:7: warning: ‘class optiling::RopeRegBaseTilingClassABAAndBA’ has virtual functions and accessible non-virtual destructor [-Wnon-virtual-dtor]
DEBUG [2026-10-09 18:06:19] /ws/source/vllm-ascend/csrc/attention/inplace_partial_rotary_mul/op_host/inplace_partial_rotary_mul_tiling.h:443:7: warning: base class ‘class optiling::RopeRegBaseTilingClass’ has accessible non-virtual destructor [-Wnon-virtual-dtor]
DEBUG [2026-10-09 18:06:19]   443 | class RopeRegBaseTilingClassBAB : public RopeRegBaseTilingClass {
DEBUG [2026-10-09 18:06:19]       |       ^~~~~~~~~~~~~~~~~~~~~~~~~
DEBUG [2026-10-09 18:06:19] /ws/source/vllm-ascend/csrc/attention/inplace_partial_rotary_mul/op_host/inplace_partial_rotary_mul_tiling.h:443:7: warning: ‘class optiling::RopeRegBaseTilingClassBAB’ has virtual functions and accessible non-virtual destructor [-Wnon-virtual-dtor]
DEBUG [2026-10-09 18:06:19] /ws/source/vllm-ascend/csrc/attention/inplace_partial_rotary_mul/op_host/inplace_partial_rotary_mul_tiling.h: In constructor ‘optiling::RopeRegBaseTilingClassBAB::RopeRegBaseTilingClassBAB(gert::TilingContext*)’:
DEBUG [2026-10-09 18:06:19] /ws/source/vllm-ascend/csrc/attention/inplace_partial_rotary_mul/op_host/inplace_partial_rotary_mul_tiling.h:445:61: warning: declaration of ‘context_’ shadows a member of ‘optiling::RopeRegBaseTilingClassBAB’ [-Wshadow]
DEBUG [2026-10-09 18:06:19]   445 |     explicit RopeRegBaseTilingClassBAB(gert::TilingContext *context_) : RopeRegBaseTilingClass(context_)
DEBUG [2026-10-09 18:06:19]       |                                        ~~~~~~~~~~~~~~~~~~~~~^~~~~~~~
DEBUG [2026-10-09 18:06:19] /ws/source/vllm-ascend/csrc/attention/inplace_partial_rotary_mul/op_host/inplace_partial_rotary_mul_tiling.h:337:26: note: shadowed declaration is here
DEBUG [2026-10-09 18:06:19]   337 |     gert::TilingContext* context_ = nullptr;
DEBUG [2026-10-09 18:06:19]       |                          ^~~~~~~~
DEBUG [2026-10-09 18:06:19] /ws/source/vllm-ascend/csrc/attention/inplace_partial_rotary_mul/op_host/inplace_partial_rotary_mul_tiling.h: In constructor ‘optiling::RopeRegBaseTilingClassBAB::RopeRegBaseTilingClassBAB(gert::TilingContext*)’:
DEBUG [2026-10-09 18:06:19] /ws/source/vllm-ascend/csrc/attention/inplace_partial_rotary_mul/op_host/inplace_partial_rotary_mul_tiling.h:445:61: warning: declaration of ‘context_’ shadows a member of ‘optiling::RopeRegBaseTilingClassBAB’ [-Wshadow]
DEBUG [2026-10-09 18:06:19]   445 |     explicit RopeRegBaseTilingClassBAB(gert::TilingContext *context_) : RopeRegBaseTilingClass(context_)
DEBUG [2026-10-09 18:06:19]       |                                        ~~~~~~~~~~~~~~~~~~~~~^~~~~~~~
DEBUG [2026-10-09 18:06:19] /ws/source/vllm-ascend/csrc/attention/inplace_partial_rotary_mul/op_host/inplace_partial_rotary_mul_tiling.h:337:26: note: shadowed declaration is here
DEBUG [2026-10-09 18:06:19]   337 |     gert::TilingContext* context_ = nullptr;
DEBUG [2026-10-09 18:06:19]       |                          ^~~~~~~~
DEBUG [2026-10-09 18:06:19] /ws/source/vllm-ascend/csrc/attention/inplace_partial_rotary_mul/op_host/inplace_partial_rotary_mul_tiling.h: In constructor ‘optiling::RopeRegBaseTilingClassBAB::RopeRegBaseTilingClassBAB(gert::TilingContext*)’:
DEBUG [2026-10-09 18:06:19] /ws/source/vllm-ascend/csrc/attention/inplace_partial_rotary_mul/op_host/inplace_partial_rotary_mul_tiling.h:445:61: warning: declaration of ‘context_’ shadows a member of ‘optiling::RopeRegBaseTilingClassBAB’ [-Wshadow]
DEBUG [2026-10-09 18:06:19]   445 |     explicit RopeRegBaseTilingClassBAB(gert::TilingContext *context_) : RopeRegBaseTilingClass(context_)
DEBUG [2026-10-09 18:06:19]       |                                        ~~~~~~~~~~~~~~~~~~~~~^~~~~~~~
DEBUG [2026-10-09 18:06:19] /ws/source/vllm-ascend/csrc/attention/inplace_partial_rotary_mul/op_host/inplace_partial_rotary_mul_tiling.h:337:26: note: shadowed declaration is here
DEBUG [2026-10-09 18:06:19]   337 |     gert::TilingContext* context_ = nullptr;
DEBUG [2026-10-09 18:06:19]       |                          ^~~~~~~~
DEBUG [2026-10-09 18:06:19] [25/69] Building CXX object gmm/grouped_matmul_swiglu_quant/op_host/CMakeFiles/ophost_transformer_tiling_obj.dir/__/__/__/moe/dequant_swiglu_quant/op_host/dequant_swiglu_quant_tiling_arch35.cpp.o
DEBUG [2026-10-09 18:06:19] In file included from /ws/source/vllm-ascend/csrc/moe/dequant_swiglu_quant/op_host/dequant_swiglu_quant_tiling.h:24,
DEBUG [2026-10-09 18:06:19]                  from /ws/source/vllm-ascend/csrc/moe/dequant_swiglu_quant/op_host/dequant_swiglu_quant_tiling_arch35.cpp:17:
DEBUG [2026-10-09 18:06:19] /usr/local/Ascend/cann-9.1.0/aarch64-linux/include/op_common/log/log.h:45:9: warning: redundant redeclaration of ‘int32_t CheckLogLevel(int32_t, int32_t)’ in same scope [-Wredundant-decls]
DEBUG [2026-10-09 18:06:19]    45 | int32_t CheckLogLevel(int32_t moduleId, int32_t logLevel);
DEBUG [2026-10-09 18:06:19]       |         ^~~~~~~~~~~~~
DEBUG [2026-10-09 18:06:19] In file included from <command-line>:
DEBUG [2026-10-09 18:06:19] /ws/source/vllm-ascend/csrc/common/include/cann_compat.h:24:9: note: previous declaration of ‘int32_t CheckLogLevel(int32_t, int32_t)’
DEBUG [2026-10-09 18:06:19]    24 | int32_t CheckLogLevel(int32_t moduleId, int32_t logLevel);
DEBUG [2026-10-09 18:06:19]       |         ^~~~~~~~~~~~~
DEBUG [2026-10-09 18:06:19] /usr/local/Ascend/cann-9.1.0/aarch64-linux/include/op_common/log/log.h:46:6: warning: redundant redeclaration of ‘void DlogRecord(int32_t, int32_t, const char*, ...)’ in same scope [-Wredundant-decls]
DEBUG [2026-10-09 18:06:19]    46 | void DlogRecord(int32_t moduleId, int32_t level, const char* fmt, ...);
DEBUG [2026-10-09 18:06:19]       |      ^~~~~~~~~~
DEBUG [2026-10-09 18:06:19] /ws/source/vllm-ascend/csrc/common/include/cann_compat.h:25:6: note: previous declaration of ‘void DlogRecord(int32_t, int32_t, const char*, ...)’
DEBUG [2026-10-09 18:06:19]    25 | void DlogRecord(int32_t moduleId, int32_t level, const char *fmt, ...);
DEBUG [2026-10-09 18:06:19]       |      ^~~~~~~~~~
DEBUG [2026-10-09 18:06:19] In file included from /ws/source/vllm-ascend/csrc/moe/dequant_swiglu_quant/op_host/dequant_swiglu_quant_proto.h:17,
DEBUG [2026-10-09 18:06:19]                  from /ws/source/vllm-ascend/csrc/moe/dequant_swiglu_quant/op_host/dequant_swiglu_quant_tiling.h:29:
DEBUG [2026-10-09 18:06:19] /ws/source/vllm-ascend/csrc/moe/dequant_swiglu_quant/op_host/dequant_swiglu_quant_proto.h: In member function ‘ge::Operator::OpFloat ge::op::DequantSwigluQuant::get_attr_glu_alpha() const’:
DEBUG [2026-10-09 18:06:19] /ws/source/vllm-ascend/csrc/moe/dequant_swiglu_quant/op_host/dequant_swiglu_quant_proto.h:91:29: warning: conversion from ‘double’ to ‘ge::Operator::OpFloat’ {aka ‘float’} changes value from ‘1.702e+0’ to ‘1.70200002e+0’ [-Wfloat-conversion]
DEBUG [2026-10-09 18:06:19]    91 |     .ATTR(glu_alpha, Float, 1.702)
DEBUG [2026-10-09 18:06:19]       |                             ^~~~~
DEBUG [2026-10-09 18:06:19] /ws/source/vllm-ascend/csrc/moe/dequant_swiglu_quant/op_host/dequant_swiglu_quant_tiling.h: At global scope:
DEBUG [2026-10-09 18:06:19] /ws/source/vllm-ascend/csrc/moe/dequant_swiglu_quant/op_host/dequant_swiglu_quant_tiling.h:383:23: warning: conversion from ‘double’ to ‘float’ changes value from ‘1.702e+0’ to ‘1.70200002e+0f’ [-Wfloat-conversion]
DEBUG [2026-10-09 18:06:19]   383 |     float gluAlpha_ = 1.702;
DEBUG [2026-10-09 18:06:19]       |                       ^~~~~
DEBUG [2026-10-09 18:06:19] /ws/source/vllm-ascend/csrc/moe/dequant_swiglu_quant/op_host/dequant_swiglu_quant_tiling_arch35.cpp:73:37: warning: conversion from ‘double’ to ‘float’ changes value from ‘1.702e+0’ to ‘1.70200002e+0f’ [-Wfloat-conversion]
DEBUG [2026-10-09 18:06:19]    73 | constexpr float GLU_ALPHA_DEFAULT = 1.702;
DEBUG [2026-10-09 18:06:19]       |                                     ^~~~~
DEBUG [2026-10-09 18:06:19] /ws/source/vllm-ascend/csrc/moe/dequant_swiglu_quant/op_host/dequant_swiglu_quant_tiling_arch35.cpp: In member function ‘ge::graphStatus optiling::DequantSwigluQuantV35DskTiling::DoOpTilingNotFull()’:
DEBUG [2026-10-09 18:06:19] /ws/source/vllm-ascend/csrc/moe/dequant_swiglu_quant/op_host/dequant_swiglu_quant_tiling_arch35.cpp:858:26: warning: conversion from ‘double’ to ‘int64_t’ {aka ‘long int’} may change value [-Wfloat-conversion]
DEBUG [2026-10-09 18:06:19]   858 |     ubFactorDimy = ySize / 0.5; // 非全载模板，单核内一次循环处理4bit类型y的元素个数（单个元素0.5Byte）
DEBUG [2026-10-09 18:06:19]       |                    ~~~~~~^~~~~
DEBUG [2026-10-09 18:06:19] [26/69] Building CXX object gmm/grouped_matmul_swiglu_quant/op_host/CMakeFiles/ophost_transformer_tiling_obj.dir/__/__/__/attention/lightning_indexer/op_host/lightning_indexer_tiling.cpp.o
DEBUG [2026-10-09 18:06:19] In file included from /ws/source/vllm-ascend/csrc/common/include/err/ops_err.h:19,
DEBUG [2026-10-09 18:06:19]                  from /ws/source/vllm-ascend/csrc/attention/lightning_indexer/op_host/lightning_indexer_tiling.h:24,
DEBUG [2026-10-09 18:06:19]                  from /ws/source/vllm-ascend/csrc/attention/lightning_indexer/op_host/lightning_indexer_tiling.cpp:16:
DEBUG [2026-10-09 18:06:19] /usr/local/Ascend/cann-9.1.0/aarch64-linux/include/op_common/log/log.h:45:9: warning: redundant redeclaration of ‘int32_t CheckLogLevel(int32_t, int32_t)’ in same scope [-Wredundant-decls]
DEBUG [2026-10-09 18:06:19]    45 | int32_t CheckLogLevel(int32_t moduleId, int32_t logLevel);
DEBUG [2026-10-09 18:06:19]       |         ^~~~~~~~~~~~~
DEBUG [2026-10-09 18:06:19] In file included from <command-line>:
DEBUG [2026-10-09 18:06:19] /ws/source/vllm-ascend/csrc/common/include/cann_compat.h:24:9: note: previous declaration of ‘int32_t CheckLogLevel(int32_t, int32_t)’
DEBUG [2026-10-09 18:06:19]    24 | int32_t CheckLogLevel(int32_t moduleId, int32_t logLevel);
DEBUG [2026-10-09 18:06:19]       |         ^~~~~~~~~~~~~
DEBUG [2026-10-09 18:06:19] /usr/local/Ascend/cann-9.1.0/aarch64-linux/include/op_common/log/log.h:46:6: warning: redundant redeclaration of ‘void DlogRecord(int32_t, int32_t, const char*, ...)’ in same scope [-Wredundant-decls]
DEBUG [2026-10-09 18:06:19]    46 | void DlogRecord(int32_t moduleId, int32_t level, const char* fmt, ...);
DEBUG [2026-10-09 18:06:19]       |      ^~~~~~~~~~
DEBUG [2026-10-09 18:06:19] /ws/source/vllm-ascend/csrc/common/include/cann_compat.h:25:6: note: previous declaration of ‘void DlogRecord(int32_t, int32_t, const char*, ...)’
DEBUG [2026-10-09 18:06:19]    25 | void DlogRecord(int32_t moduleId, int32_t level, const char *fmt, ...);
DEBUG [2026-10-09 18:06:19]       |      ^~~~~~~~~~
DEBUG [2026-10-09 18:06:19] /ws/source/vllm-ascend/csrc/attention/lightning_indexer/op_host/lightning_indexer_tiling.cpp: In member function ‘ge::graphStatus optiling::LIInfoParser::ValidateInputShapesMatch()’:
DEBUG [2026-10-09 18:06:19] /ws/source/vllm-ascend/csrc/attention/lightning_indexer/op_host/lightning_indexer_tiling.cpp:652:33: warning: format ‘%u’ expects argument of type ‘unsigned int’, but argument 6 has type ‘int’ [-Wformat=]
DEBUG [2026-10-09 18:06:19]   652 |                OP_LOGE(opName_, "output sparse_indices shape last dim must be same as attr sparse_count,"
DEBUG [2026-10-09 18:06:19]   653 |                        "but now they are %u, %ld respectively.", *opParamInfo_.sparseCount,
DEBUG [2026-10-09 18:06:19]       |                                                                  ~~~~~~~~~~~~~~~~~~~~~~~~~
DEBUG [2026-10-09 18:06:19]       |                                                                  |
DEBUG [2026-10-09 18:06:19]       |                                                                  int
DEBUG [2026-10-09 18:06:19] /usr/local/Ascend/cann-9.1.0/aarch64-linux/include/op_common/log/log.h:1130:13: note: in definition of macro ‘OP_CHECK_IF’
DEBUG [2026-10-09 18:06:19]  1130 |             log;                                 \
DEBUG [2026-10-09 18:06:19]       |             ^~~
DEBUG [2026-10-09 18:06:19] /ws/source/vllm-ascend/csrc/attention/lightning_indexer/op_host/lightning_indexer_tiling.cpp:652:16: note: in expansion of macro ‘OP_LOGE’
DEBUG [2026-10-09 18:06:19]   652 |                OP_LOGE(opName_, "output sparse_indices shape last dim must be same as attr sparse_count,"
DEBUG [2026-10-09 18:06:19]       |                ^~~~~~~
DEBUG [2026-10-09 18:06:19] /ws/source/vllm-ascend/csrc/attention/lightning_indexer/op_host/lightning_indexer_tiling.cpp:653:43: note: format string is defined here
DEBUG [2026-10-09 18:06:19]   653 |                        "but now they are %u, %ld respectively.", *opParamInfo_.sparseCount,
DEBUG [2026-10-09 18:06:19]       |                                          ~^
DEBUG [2026-10-09 18:06:19]       |                                           |
DEBUG [2026-10-09 18:06:19]       |                                           unsigned int
DEBUG [2026-10-09 18:06:19]       |                                          %u
DEBUG [2026-10-09 18:06:19] /ws/source/vllm-ascend/csrc/attention/lightning_indexer/op_host/lightning_indexer_tiling.cpp:658:33: warning: format ‘%u’ expects argument of type ‘unsigned int’, but argument 6 has type ‘int’ [-Wformat=]
DEBUG [2026-10-09 18:06:19]   658 |                OP_LOGE(opName_, "output sparse_values shape last dim must be same as attr sparse_count,"
DEBUG [2026-10-09 18:06:19]   659 |                        "but now they are %u, %ld respectively.", *opParamInfo_.sparseCount,
DEBUG [2026-10-09 18:06:19]       |                                                                  ~~~~~~~~~~~~~~~~~~~~~~~~~
DEBUG [2026-10-09 18:06:19]       |                                                                  |
DEBUG [2026-10-09 18:06:19]       |                                                                  int
DEBUG [2026-10-09 18:06:19] /usr/local/Ascend/cann-9.1.0/aarch64-linux/include/op_common/log/log.h:1130:13: note: in definition of macro ‘OP_CHECK_IF’
DEBUG [2026-10-09 18:06:19]  1130 |             log;                                 \
DEBUG [2026-10-09 18:06:19]       |             ^~~
DEBUG [2026-10-09 18:06:19] /ws/source/vllm-ascend/csrc/attention/lightning_indexer/op_host/lightning_indexer_tiling.cpp:658:16: note: in expansion of macro ‘OP_LOGE’
DEBUG [2026-10-09 18:06:19]   658 |                OP_LOGE(opName_, "output sparse_values shape last dim must be same as attr sparse_count,"
DEBUG [2026-10-09 18:06:19]       |                ^~~~~~~
DEBUG [2026-10-09 18:06:19] /ws/source/vllm-ascend/csrc/attention/lightning_indexer/op_host/lightning_indexer_tiling.cpp:659:43: note: format string is defined here
DEBUG [2026-10-09 18:06:19]   659 |                        "but now they are %u, %ld respectively.", *opParamInfo_.sparseCount,
DEBUG [2026-10-09 18:06:19]       |                                          ~^
DEBUG [2026-10-09 18:06:19]       |                                           |
DEBUG [2026-10-09 18:06:19]       |                                           unsigned int
DEBUG [2026-10-09 18:06:19]       |                                          %u
DEBUG [2026-10-09 18:06:19] [27/69] Building CXX object gmm/grouped_matmul_swiglu_quant/op_host/CMakeFiles/ophost_transformer_tiling_obj.dir/__/__/__/attention/lightning_indexer_quant/op_host/lightning_indexer_quant_tiling.cpp.o
DEBUG [2026-10-09 18:06:19] In file included from /ws/source/vllm-ascend/csrc/utils/inc/log/ops_log.h:18,
DEBUG [2026-10-09 18:06:19]                  from /ws/source/vllm-ascend/csrc/utils/inc/error/ops_error.h:18,
DEBUG [2026-10-09 18:06:19]                  from /ws/source/vllm-ascend/csrc/attention/lightning_indexer_quant/op_host/lightning_indexer_quant_tiling.h:19,
DEBUG [2026-10-09 18:06:19]                  from /ws/source/vllm-ascend/csrc/attention/lightning_indexer_quant/op_host/lightning_indexer_quant_tiling.cpp:16:
DEBUG [2026-10-09 18:06:19] /ws/source/vllm-ascend/csrc/attention/lightning_indexer_quant/op_host/lightning_indexer_quant_tiling.cpp: In member function ‘ge::graphStatus optiling::LIQInfoParser::CheckAttrParaInfo()’:
DEBUG [2026-10-09 18:06:19] /ws/source/vllm-ascend/csrc/utils/inc/log/inner/dfx_base.h:120:17: warning: format ‘%u’ expects argument of type ‘unsigned int’, but argument 12 has type ‘int’ [-Wformat=]
DEBUG [2026-10-09 18:06:19]   120 |                 "[%s:%d][%s]%s[%s][%lu] OpName:[%s] " #FMT,                                                     \
DEBUG [2026-10-09 18:06:19] /ws/source/vllm-ascend/csrc/utils/inc/log/inner/dfx_base.h:131:13: note: in definition of macro ‘OPS_LOG_STUB_IF’
DEBUG [2026-10-09 18:06:19]   131 |             LOG_FUNC;                                                                                                  \
DEBUG [2026-10-09 18:06:19]       |             ^~~~~~~~
DEBUG [2026-10-09 18:06:19] /ws/source/vllm-ascend/csrc/attention/lightning_indexer_quant/op_host/lightning_indexer_quant_tiling.cpp:209:5: note: in expansion of macro ‘OPS_ERR_IF’
DEBUG [2026-10-09 18:06:19]   209 |     OPS_ERR_IF(!((*opParamInfo_.sparseMode == 0) || (*opParamInfo_.sparseMode == SPARSE_MODE_LOWER)),
DEBUG [2026-10-09 18:06:19]       |     ^~~~~~~~~~
DEBUG [2026-10-09 18:06:19] /ws/source/vllm-ascend/csrc/utils/inc/log/inner/dfx_base.h:138:9: note: in expansion of macro ‘OPS_LOG_STUB’
DEBUG [2026-10-09 18:06:19]   138 |         OPS_LOG_STUB(OP, DLOG_ERROR, OPS_DESC, FMT, ##__VA_ARGS__);                                                    \
DEBUG [2026-10-09 18:06:19]       |         ^~~~~~~~~~~~
DEBUG [2026-10-09 18:06:19] /ws/source/vllm-ascend/csrc/utils/inc/log/ops_log.h:24:34: note: in expansion of macro ‘OPS_INNER_ERR_STUB’
DEBUG [2026-10-09 18:06:19]    24 | #define OPS_LOG_E(OPS_DESC, ...) OPS_INNER_ERR_STUB("EZ9999", OPS_DESC, __VA_ARGS__)
DEBUG [2026-10-09 18:06:19]       |                                  ^~~~~~~~~~~~~~~~~~
DEBUG [2026-10-09 18:06:19] /ws/source/vllm-ascend/csrc/attention/lightning_indexer_quant/op_host/lightning_indexer_quant_tiling.cpp:210:16: note: in expansion of macro ‘OPS_LOG_E’
DEBUG [2026-10-09 18:06:19]   210 |                OPS_LOG_E(opName_, "input attr sparse_mode only supported 0 or 3, but now is %u.",
DEBUG [2026-10-09 18:06:19]       |                ^~~~~~~~~
DEBUG [2026-10-09 18:06:19] /ws/source/vllm-ascend/csrc/attention/lightning_indexer_quant/op_host/lightning_indexer_quant_tiling.cpp:210:35: warning: format ‘%u’ expects argument of type ‘unsigned int’, but argument 6 has type ‘int’ [-Wformat=]
DEBUG [2026-10-09 18:06:19]   210 |                OPS_LOG_E(opName_, "input attr sparse_mode only supported 0 or 3, but now is %u.",
DEBUG [2026-10-09 18:06:19]   211 |                          *opParamInfo_.sparseMode), return ge::GRAPH_FAILED);
DEBUG [2026-10-09 18:06:19]       |                          ~~~~~~~~~~~~~~~~~~~~~~~~
DEBUG [2026-10-09 18:06:19]       |                          |
DEBUG [2026-10-09 18:06:19]       |                          int
DEBUG [2026-10-09 18:06:19] /ws/source/vllm-ascend/csrc/utils/inc/log/inner/dfx_base.h:131:13: note: in definition of macro ‘OPS_LOG_STUB_IF’
DEBUG [2026-10-09 18:06:19]   131 |             LOG_FUNC;                                                                                                  \
DEBUG [2026-10-09 18:06:19]       |             ^~~~~~~~
DEBUG [2026-10-09 18:06:19] /ws/source/vllm-ascend/csrc/attention/lightning_indexer_quant/op_host/lightning_indexer_quant_tiling.cpp:209:5: note: in expansion of macro ‘OPS_ERR_IF’
DEBUG [2026-10-09 18:06:19]   209 |     OPS_ERR_IF(!((*opParamInfo_.sparseMode == 0) || (*opParamInfo_.sparseMode == SPARSE_MODE_LOWER)),
DEBUG [2026-10-09 18:06:19]       |     ^~~~~~~~~~
DEBUG [2026-10-09 18:06:19] /ws/source/vllm-ascend/csrc/utils/inc/log/ops_log.h:24:34: note: in expansion of macro ‘OPS_INNER_ERR_STUB’
DEBUG [2026-10-09 18:06:19]    24 | #define OPS_LOG_E(OPS_DESC, ...) OPS_INNER_ERR_STUB("EZ9999", OPS_DESC, __VA_ARGS__)
DEBUG [2026-10-09 18:06:19]       |                                  ^~~~~~~~~~~~~~~~~~
DEBUG [2026-10-09 18:06:19] /ws/source/vllm-ascend/csrc/attention/lightning_indexer_quant/op_host/lightning_indexer_quant_tiling.cpp:210:16: note: in expansion of macro ‘OPS_LOG_E’
DEBUG [2026-10-09 18:06:19]   210 |                OPS_LOG_E(opName_, "input attr sparse_mode only supported 0 or 3, but now is %u.",
DEBUG [2026-10-09 18:06:19]       |                ^~~~~~~~~
DEBUG [2026-10-09 18:06:19] /ws/source/vllm-ascend/csrc/attention/lightning_indexer_quant/op_host/lightning_indexer_quant_tiling.cpp: In member function ‘ge::graphStatus optiling::LIQInfoParser::GetAndCheckInOutDataType()’:
DEBUG [2026-10-09 18:06:19] /ws/source/vllm-ascend/csrc/utils/inc/log/inner/dfx_base.h:120:17: warning: format ‘%s’ expects argument of type ‘char*’, but argument 12 has type ‘int’ [-Wformat=]
DEBUG [2026-10-09 18:06:19]   120 |                 "[%s:%d][%s]%s[%s][%lu] OpName:[%s] " #FMT,                                                     \
DEBUG [2026-10-09 18:06:19] /ws/source/vllm-ascend/csrc/utils/inc/log/inner/dfx_base.h:131:13: note: in definition of macro ‘OPS_LOG_STUB_IF’
DEBUG [2026-10-09 18:06:19]   131 |             LOG_FUNC;                                                                                                  \
DEBUG [2026-10-09 18:06:19]       |             ^~~~~~~~
DEBUG [2026-10-09 18:06:19] /ws/source/vllm-ascend/csrc/attention/lightning_indexer_quant/op_host/lightning_indexer_quant_tiling.cpp:244:5: note: in expansion of macro ‘OPS_ERR_IF’
DEBUG [2026-10-09 18:06:19]   244 |     OPS_ERR_IF(!(inputQType_ == inputKType_),
DEBUG [2026-10-09 18:06:19]       |     ^~~~~~~~~~
DEBUG [2026-10-09 18:06:19] /ws/source/vllm-ascend/csrc/utils/inc/log/inner/dfx_base.h:138:9: note: in expansion of macro ‘OPS_LOG_STUB’
DEBUG [2026-10-09 18:06:19]   138 |         OPS_LOG_STUB(OP, DLOG_ERROR, OPS_DESC, FMT, ##__VA_ARGS__);                                                    \
DEBUG [2026-10-09 18:06:19]       |         ^~~~~~~~~~~~
DEBUG [2026-10-09 18:06:19] /ws/source/vllm-ascend/csrc/utils/inc/log/ops_log.h:24:34: note: in expansion of macro ‘OPS_INNER_ERR_STUB’
DEBUG [2026-10-09 18:06:19]    24 | #define OPS_LOG_E(OPS_DESC, ...) OPS_INNER_ERR_STUB("EZ9999", OPS_DESC, __VA_ARGS__)
DEBUG [2026-10-09 18:06:19]       |                                  ^~~~~~~~~~~~~~~~~~
DEBUG [2026-10-09 18:06:19] /ws/source/vllm-ascend/csrc/attention/lightning_indexer_quant/op_host/lightning_indexer_quant_tiling.cpp:245:16: note: in expansion of macro ‘OPS_LOG_E’
DEBUG [2026-10-09 18:06:19]   245 |                OPS_LOG_E(opName_, "The data types of the input query and key must be the same, but now is %s, %s respectively.",
DEBUG [2026-10-09 18:06:19]       |                ^~~~~~~~~
DEBUG [2026-10-09 18:06:19] /ws/source/vllm-ascend/csrc/utils/inc/log/inner/dfx_base.h:120:17: warning: format ‘%s’ expects argument of type ‘char*’, but argument 13 has type ‘int’ [-Wformat=]
DEBUG [2026-10-09 18:06:19]   120 |                 "[%s:%d][%s]%s[%s][%lu] OpName:[%s] " #FMT,                                                     \
DEBUG [2026-10-09 18:06:19] /ws/source/vllm-ascend/csrc/utils/inc/log/inner/dfx_base.h:131:13: note: in definition of macro ‘OPS_LOG_STUB_IF’
DEBUG [2026-10-09 18:06:19]   131 |             LOG_FUNC;                                                                                                  \
DEBUG [2026-10-09 18:06:19]       |             ^~~~~~~~
DEBUG [2026-10-09 18:06:19] /ws/source/vllm-ascend/csrc/attention/lightning_indexer_quant/op_host/lightning_indexer_quant_tiling.cpp:244:5: note: in expansion of macro ‘OPS_ERR_IF’
DEBUG [2026-10-09 18:06:19]   244 |     OPS_ERR_IF(!(inputQType_ == inputKType_),
DEBUG [2026-10-09 18:06:19]       |     ^~~~~~~~~~
DEBUG [2026-10-09 18:06:19] /ws/source/vllm-ascend/csrc/utils/inc/log/inner/dfx_base.h:138:9: note: in expansion of macro ‘OPS_LOG_STUB’
DEBUG [2026-10-09 18:06:19]   138 |         OPS_LOG_STUB(OP, DLOG_ERROR, OPS_DESC, FMT, ##__VA_ARGS__);                                                    \
DEBUG [2026-10-09 18:06:19]       |         ^~~~~~~~~~~~
DEBUG [2026-10-09 18:06:19] /ws/source/vllm-ascend/csrc/utils/inc/log/ops_log.h:24:34: note: in expansion of macro ‘OPS_INNER_ERR_STUB’
DEBUG [2026-10-09 18:06:19]    24 | #define OPS_LOG_E(OPS_DESC, ...) OPS_INNER_ERR_STUB("EZ9999", OPS_DESC, __VA_ARGS__)
DEBUG [2026-10-09 18:06:19]       |                                  ^~~~~~~~~~~~~~~~~~
DEBUG [2026-10-09 18:06:19] /ws/source/vllm-ascend/csrc/attention/lightning_indexer_quant/op_host/lightning_indexer_quant_tiling.cpp:245:16: note: in expansion of macro ‘OPS_LOG_E’
DEBUG [2026-10-09 18:06:19]   245 |                OPS_LOG_E(opName_, "The data types of the input query and key must be the same, but now is %s, %s respectively.",
DEBUG [2026-10-09 18:06:19]       |                ^~~~~~~~~
DEBUG [2026-10-09 18:06:19] /ws/source/vllm-ascend/csrc/attention/lightning_indexer_quant/op_host/lightning_indexer_quant_tiling.cpp:245:35: warning: format ‘%s’ expects argument of type ‘char*’, but argument 6 has type ‘int’ [-Wformat=]
DEBUG [2026-10-09 18:06:19]   245 |                OPS_LOG_E(opName_, "The data types of the input query and key must be the same, but now is %s, %s respectively.",
DEBUG [2026-10-09 18:06:19]   246 |                          inputQType_, inputKType_),
DEBUG [2026-10-09 18:06:19]       |                          ~~~~~~~~~~~
DEBUG [2026-10-09 18:06:19]       |                          |
DEBUG [2026-10-09 18:06:19]       |                          int
DEBUG [2026-10-09 18:06:19] /ws/source/vllm-ascend/csrc/utils/inc/log/inner/dfx_base.h:131:13: note: in definition of macro ‘OPS_LOG_STUB_IF’
DEBUG [2026-10-09 18:06:19]   131 |             LOG_FUNC;                                                                                                  \
DEBUG [2026-10-09 18:06:19]       |             ^~~~~~~~
DEBUG [2026-10-09 18:06:19] /ws/source/vllm-ascend/csrc/attention/lightning_indexer_quant/op_host/lightning_indexer_quant_tiling.cpp:244:5: note: in expansion of macro ‘OPS_ERR_IF’
DEBUG [2026-10-09 18:06:19]   244 |     OPS_ERR_IF(!(inputQType_ == inputKType_),
DEBUG [2026-10-09 18:06:19]       |     ^~~~~~~~~~
DEBUG [2026-10-09 18:06:19] /ws/source/vllm-ascend/csrc/utils/inc/log/ops_log.h:24:34: note: in expansion of macro ‘OPS_INNER_ERR_STUB’
DEBUG [2026-10-09 18:06:19]    24 | #define OPS_LOG_E(OPS_DESC, ...) OPS_INNER_ERR_STUB("EZ9999", OPS_DESC, __VA_ARGS__)
DEBUG [2026-10-09 18:06:19]       |                                  ^~~~~~~~~~~~~~~~~~
DEBUG [2026-10-09 18:06:19] /ws/source/vllm-ascend/csrc/attention/lightning_indexer_quant/op_host/lightning_indexer_quant_tiling.cpp:245:16: note: in expansion of macro ‘OPS_LOG_E’
DEBUG [2026-10-09 18:06:19]   245 |                OPS_LOG_E(opName_, "The data types of the input query and key must be the same, but now is %s, %s respectively.",
DEBUG [2026-10-09 18:06:19]       |                ^~~~~~~~~
DEBUG [2026-10-09 18:06:19] /ws/source/vllm-ascend/csrc/attention/lightning_indexer_quant/op_host/lightning_indexer_quant_tiling.cpp:245:35: warning: format ‘%s’ expects argument of type ‘char*’, but argument 7 has type ‘int’ [-Wformat=]
DEBUG [2026-10-09 18:06:19]   245 |                OPS_LOG_E(opName_, "The data types of the input query and key must be the same, but now is %s, %s respectively.",
DEBUG [2026-10-09 18:06:19]   246 |                          inputQType_, inputKType_),
DEBUG [2026-10-09 18:06:19]       |                                       ~~~~~~~~~~~
DEBUG [2026-10-09 18:06:19]       |                                       |
DEBUG [2026-10-09 18:06:19]       |                                       int
DEBUG [2026-10-09 18:06:19] /ws/source/vllm-ascend/csrc/utils/inc/log/inner/dfx_base.h:131:13: note: in definition of macro ‘OPS_LOG_STUB_IF’
DEBUG [2026-10-09 18:06:19]   131 |             LOG_FUNC;                                                                                                  \
DEBUG [2026-10-09 18:06:19]       |             ^~~~~~~~
DEBUG [2026-10-09 18:06:19] /ws/source/vllm-ascend/csrc/attention/lightning_indexer_quant/op_host/lightning_indexer_quant_tiling.cpp:244:5: note: in expansion of macro ‘OPS_ERR_IF’
DEBUG [2026-10-09 18:06:19]   244 |     OPS_ERR_IF(!(inputQType_ == inputKType_),
DEBUG [2026-10-09 18:06:19]       |     ^~~~~~~~~~
DEBUG [2026-10-09 18:06:19] /ws/source/vllm-ascend/csrc/utils/inc/log/ops_log.h:24:34: note: in expansion of macro ‘OPS_INNER_ERR_STUB’
DEBUG [2026-10-09 18:06:19]    24 | #define OPS_LOG_E(OPS_DESC, ...) OPS_INNER_ERR_STUB("EZ9999", OPS_DESC, __VA_ARGS__)
DEBUG [2026-10-09 18:06:19]       |                                  ^~~~~~~~~~~~~~~~~~
DEBUG [2026-10-09 18:06:19] /ws/source/vllm-ascend/csrc/attention/lightning_indexer_quant/op_host/lightning_indexer_quant_tiling.cpp:245:16: note: in expansion of macro ‘OPS_LOG_E’
DEBUG [2026-10-09 18:06:19]   245 |                OPS_LOG_E(opName_, "The data types of the input query and key must be the same, but now is %s, %s respectively.",
DEBUG [2026-10-09 18:06:19]       |                ^~~~~~~~~
DEBUG [2026-10-09 18:06:19] /ws/source/vllm-ascend/csrc/attention/lightning_indexer_quant/op_host/lightning_indexer_quant_tiling.cpp: In member function ‘ge::graphStatus optiling::LIQInfoParser::CheckShapeDim()’:
DEBUG [2026-10-09 18:06:19] /ws/source/vllm-ascend/csrc/utils/inc/log/inner/dfx_base.h:120:17: warning: format ‘%u’ expects argument of type ‘unsigned int’, but argument 12 has type ‘size_t’ {aka ‘long unsigned int’} [-Wformat=]
DEBUG [2026-10-09 18:06:19]   120 |                 "[%s:%d][%s]%s[%s][%lu] OpName:[%s] " #FMT,                                                     \
DEBUG [2026-10-09 18:06:19] /ws/source/vllm-ascend/csrc/utils/inc/log/inner/dfx_base.h:131:13: note: in definition of macro ‘OPS_LOG_STUB_IF’
DEBUG [2026-10-09 18:06:19]   131 |             LOG_FUNC;                                                                                                  \
DEBUG [2026-10-09 18:06:19]       |             ^~~~~~~~
DEBUG [2026-10-09 18:06:19] /ws/source/vllm-ascend/csrc/attention/lightning_indexer_quant/op_host/lightning_indexer_quant_tiling.cpp:337:5: note: in expansion of macro ‘OPS_ERR_IF’
DEBUG [2026-10-09 18:06:19]   337 |     OPS_ERR_IF((opParamInfo_.blockTable.tensor != nullptr) &&
DEBUG [2026-10-09 18:06:19]       |     ^~~~~~~~~~
DEBUG [2026-10-09 18:06:19] /ws/source/vllm-ascend/csrc/utils/inc/log/inner/dfx_base.h:138:9: note: in expansion of macro ‘OPS_LOG_STUB’
DEBUG [2026-10-09 18:06:19]   138 |         OPS_LOG_STUB(OP, DLOG_ERROR, OPS_DESC, FMT, ##__VA_ARGS__);                                                    \
DEBUG [2026-10-09 18:06:19]       |         ^~~~~~~~~~~~
DEBUG [2026-10-09 18:06:19] /ws/source/vllm-ascend/csrc/utils/inc/log/ops_log.h:24:34: note: in expansion of macro ‘OPS_INNER_ERR_STUB’
DEBUG [2026-10-09 18:06:19]    24 | #define OPS_LOG_E(OPS_DESC, ...) OPS_INNER_ERR_STUB("EZ9999", OPS_DESC, __VA_ARGS__)
DEBUG [2026-10-09 18:06:19]       |                                  ^~~~~~~~~~~~~~~~~~
DEBUG [2026-10-09 18:06:19] /ws/source/vllm-ascend/csrc/attention/lightning_indexer_quant/op_host/lightning_indexer_quant_tiling.cpp:339:16: note: in expansion of macro ‘OPS_LOG_E’
DEBUG [2026-10-09 18:06:19]   339 |                OPS_LOG_E(opName_, "the dim num of block_table's shape should be 2, but now is %u",
DEBUG [2026-10-09 18:06:19]       |                ^~~~~~~~~
DEBUG [2026-10-09 18:06:19] /ws/source/vllm-ascend/csrc/attention/lightning_indexer_quant/op_host/lightning_indexer_quant_tiling.cpp:339:35: warning: format ‘%u’ expects argument of type ‘unsigned int’, but argument 6 has type ‘size_t’ {aka ‘long unsigned int’} [-Wformat=]
DEBUG [2026-10-09 18:06:19]   339 |                OPS_LOG_E(opName_, "the dim num of block_table's shape should be 2, but now is %u",
DEBUG [2026-10-09 18:06:19]   340 |                          opParamInfo_.blockTable.tensor->GetStorageShape().GetDimNum()), return ge::GRAPH_FAILED);
DEBUG [2026-10-09 18:06:19]       |                          ~~~~~~~~~~~~~~~~~~~~~~~~~~~~~~~~~~~~~~~~~~~~~~~~~~~~~~~~~~~~~
DEBUG [2026-10-09 18:06:19]       |                                                                                     |
DEBUG [2026-10-09 18:06:19]       |                                                                                     size_t {aka long unsigned int}
DEBUG [2026-10-09 18:06:19] /ws/source/vllm-ascend/csrc/utils/inc/log/inner/dfx_base.h:131:13: note: in definition of macro ‘OPS_LOG_STUB_IF’
DEBUG [2026-10-09 18:06:19]   131 |             LOG_FUNC;                                                                                                  \
DEBUG [2026-10-09 18:06:19]       |             ^~~~~~~~
DEBUG [2026-10-09 18:06:19] /ws/source/vllm-ascend/csrc/attention/lightning_indexer_quant/op_host/lightning_indexer_quant_tiling.cpp:337:5: note: in expansion of macro ‘OPS_ERR_IF’
DEBUG [2026-10-09 18:06:19]   337 |     OPS_ERR_IF((opParamInfo_.blockTable.tensor != nullptr) &&
DEBUG [2026-10-09 18:06:19]       |     ^~~~~~~~~~
DEBUG [2026-10-09 18:06:19] /ws/source/vllm-ascend/csrc/utils/inc/log/ops_log.h:24:34: note: in expansion of macro ‘OPS_INNER_ERR_STUB’
DEBUG [2026-10-09 18:06:19]    24 | #define OPS_LOG_E(OPS_DESC, ...) OPS_INNER_ERR_STUB("EZ9999", OPS_DESC, __VA_ARGS__)
DEBUG [2026-10-09 18:06:19]       |                                  ^~~~~~~~~~~~~~~~~~
DEBUG [2026-10-09 18:06:19] /ws/source/vllm-ascend/csrc/attention/lightning_indexer_quant/op_host/lightning_indexer_quant_tiling.cpp:339:16: note: in expansion of macro ‘OPS_LOG_E’
DEBUG [2026-10-09 18:06:19]   339 |                OPS_LOG_E(opName_, "the dim num of block_table's shape should be 2, but now is %u",
DEBUG [2026-10-09 18:06:19]       |                ^~~~~~~~~
DEBUG [2026-10-09 18:06:19] /ws/source/vllm-ascend/csrc/utils/inc/log/inner/dfx_base.h:120:17: warning: format ‘%u’ expects argument of type ‘unsigned int’, but argument 12 has type ‘size_t’ {aka ‘long unsigned int’} [-Wformat=]
DEBUG [2026-10-09 18:06:19]   120 |                 "[%s:%d][%s]%s[%s][%lu] OpName:[%s] " #FMT,                                                     \
DEBUG [2026-10-09 18:06:19] /ws/source/vllm-ascend/csrc/utils/inc/log/inner/dfx_base.h:131:13: note: in definition of macro ‘OPS_LOG_STUB_IF’
DEBUG [2026-10-09 18:06:19]   131 |             LOG_FUNC;                                                                                                  \
DEBUG [2026-10-09 18:06:19]       |             ^~~~~~~~
DEBUG [2026-10-09 18:06:19] /ws/source/vllm-ascend/csrc/attention/lightning_indexer_quant/op_host/lightning_indexer_quant_tiling.cpp:341:5: note: in expansion of macro ‘OPS_ERR_IF’
DEBUG [2026-10-09 18:06:19]   341 |     OPS_ERR_IF(
DEBUG [2026-10-09 18:06:19]       |     ^~~~~~~~~~
DEBUG [2026-10-09 18:06:19] /ws/source/vllm-ascend/csrc/utils/inc/log/inner/dfx_base.h:138:9: note: in expansion of macro ‘OPS_LOG_STUB’
DEBUG [2026-10-09 18:06:19]   138 |         OPS_LOG_STUB(OP, DLOG_ERROR, OPS_DESC, FMT, ##__VA_ARGS__);                                                    \
DEBUG [2026-10-09 18:06:19]       |         ^~~~~~~~~~~~
DEBUG [2026-10-09 18:06:19] /ws/source/vllm-ascend/csrc/utils/inc/log/ops_log.h:24:34: note: in expansion of macro ‘OPS_INNER_ERR_STUB’
DEBUG [2026-10-09 18:06:19]    24 | #define OPS_LOG_E(OPS_DESC, ...) OPS_INNER_ERR_STUB("EZ9999", OPS_DESC, __VA_ARGS__)
DEBUG [2026-10-09 18:06:19]       |                                  ^~~~~~~~~~~~~~~~~~
DEBUG [2026-10-09 18:06:19] /ws/source/vllm-ascend/csrc/attention/lightning_indexer_quant/op_host/lightning_indexer_quant_tiling.cpp:343:9: note: in expansion of macro ‘OPS_LOG_E’
DEBUG [2026-10-09 18:06:19]   343 |         OPS_LOG_E(opName_, "the dim num of key's shape should be 4, but now is %u",
DEBUG [2026-10-09 18:06:19]       |         ^~~~~~~~~
DEBUG [2026-10-09 18:06:19] /ws/source/vllm-ascend/csrc/attention/lightning_indexer_quant/op_host/lightning_indexer_quant_tiling.cpp:343:28: warning: format ‘%u’ expects argument of type ‘unsigned int’, but argument 6 has type ‘size_t’ {aka ‘long unsigned int’} [-Wformat=]
DEBUG [2026-10-09 18:06:19]   343 |         OPS_LOG_E(opName_, "the dim num of key's shape should be 4, but now is %u",
DEBUG [2026-10-09 18:06:19]   344 |                   opParamInfo_.key.shape->GetStorageShape().GetDimNum()), return ge::GRAPH_FAILED);
DEBUG [2026-10-09 18:06:19]       |                   ~~~~~~~~~~~~~~~~~~~~~~~~~~~~~~~~~~~~~~~~~~~~~~~~~~~~~
DEBUG [2026-10-09 18:06:19]       |                                                                      |
DEBUG [2026-10-09 18:06:19]       |                                                                      size_t {aka long unsigned int}
DEBUG [2026-10-09 18:06:19] /ws/source/vllm-ascend/csrc/utils/inc/log/inner/dfx_base.h:131:13: note: in definition of macro ‘OPS_LOG_STUB_IF’
DEBUG [2026-10-09 18:06:19]   131 |             LOG_FUNC;                                                                                                  \
DEBUG [2026-10-09 18:06:19]       |             ^~~~~~~~
DEBUG [2026-10-09 18:06:19] /ws/source/vllm-ascend/csrc/attention/lightning_indexer_quant/op_host/lightning_indexer_quant_tiling.cpp:341:5: note: in expansion of macro ‘OPS_ERR_IF’
DEBUG [2026-10-09 18:06:19]   341 |     OPS_ERR_IF(
DEBUG [2026-10-09 18:06:19]       |     ^~~~~~~~~~
DEBUG [2026-10-09 18:06:19] /ws/source/vllm-ascend/csrc/utils/inc/log/ops_log.h:24:34: note: in expansion of macro ‘OPS_INNER_ERR_STUB’
DEBUG [2026-10-09 18:06:19]    24 | #define OPS_LOG_E(OPS_DESC, ...) OPS_INNER_ERR_STUB("EZ9999", OPS_DESC, __VA_ARGS__)
DEBUG [2026-10-09 18:06:19]       |                                  ^~~~~~~~~~~~~~~~~~
DEBUG [2026-10-09 18:06:19] /ws/source/vllm-ascend/csrc/attention/lightning_indexer_quant/op_host/lightning_indexer_quant_tiling.cpp:343:9: note: in expansion of macro ‘OPS_LOG_E’
DEBUG [2026-10-09 18:06:19]   343 |         OPS_LOG_E(opName_, "the dim num of key's shape should be 4, but now is %u",
DEBUG [2026-10-09 18:06:19]       |         ^~~~~~~~~
DEBUG [2026-10-09 18:06:19] /ws/source/vllm-ascend/csrc/attention/lightning_indexer_quant/op_host/lightning_indexer_quant_tiling.cpp: In member function ‘ge::graphStatus optiling::LIQInfoParser::GetN1Size()’:
DEBUG [2026-10-09 18:06:19] /ws/source/vllm-ascend/csrc/utils/inc/log/inner/dfx_base.h:120:17: warning: format ‘%d’ expects argument of type ‘int’, but argument 12 has type ‘uint32_t’ {aka ‘unsigned int’} [-Wformat=]
DEBUG [2026-10-09 18:06:19]   120 |                 "[%s:%d][%s]%s[%s][%lu] OpName:[%s] " #FMT,                                                     \
DEBUG [2026-10-09 18:06:19] /ws/source/vllm-ascend/csrc/utils/inc/log/inner/dfx_base.h:149:44: note: in expansion of macro ‘OPS_LOG_STUB’
DEBUG [2026-10-09 18:06:19]   149 | #define OPS_LOG_STUB_I(OPS_DESC, FMT, ...) OPS_LOG_STUB(OP, DLOG_INFO, OPS_DESC, FMT, ##__VA_ARGS__)
DEBUG [2026-10-09 18:06:19]       |                                            ^~~~~~~~~~~~
DEBUG [2026-10-09 18:06:19] /ws/source/vllm-ascend/csrc/utils/inc/log/ops_log.h:22:34: note: in expansion of macro ‘OPS_LOG_STUB_I’
DEBUG [2026-10-09 18:06:19]    22 | #define OPS_LOG_I(OPS_DESC, ...) OPS_LOG_STUB_I(OPS_DESC, __VA_ARGS__)
DEBUG [2026-10-09 18:06:19]       |                                  ^~~~~~~~~~~~~~
DEBUG [2026-10-09 18:06:19] /ws/source/vllm-ascend/csrc/attention/lightning_indexer_quant/op_host/lightning_indexer_quant_tiling.cpp:377:5: note: in expansion of macro ‘OPS_LOG_I’
DEBUG [2026-10-09 18:06:19]   377 |     OPS_LOG_I(context_->GetNodeName(), "n1Size is %d", n1Size_);
DEBUG [2026-10-09 18:06:19]       |     ^~~~~~~~~
DEBUG [2026-10-09 18:06:19] /ws/source/vllm-ascend/csrc/attention/lightning_indexer_quant/op_host/lightning_indexer_quant_tiling.cpp: In member function ‘ge::graphStatus optiling::LIQInfoParser::GetAndCheckN2Size()’:
DEBUG [2026-10-09 18:06:19] /ws/source/vllm-ascend/csrc/utils/inc/log/inner/dfx_base.h:120:17: warning: format ‘%d’ expects argument of type ‘int’, but argument 12 has type ‘uint32_t’ {aka ‘unsigned int’} [-Wformat=]
DEBUG [2026-10-09 18:06:19]   120 |                 "[%s:%d][%s]%s[%s][%lu] OpName:[%s] " #FMT,                                                     \
DEBUG [2026-10-09 18:06:19] /ws/source/vllm-ascend/csrc/utils/inc/log/inner/dfx_base.h:149:44: note: in expansion of macro ‘OPS_LOG_STUB’
DEBUG [2026-10-09 18:06:19]   149 | #define OPS_LOG_STUB_I(OPS_DESC, FMT, ...) OPS_LOG_STUB(OP, DLOG_INFO, OPS_DESC, FMT, ##__VA_ARGS__)
DEBUG [2026-10-09 18:06:19]       |                                            ^~~~~~~~~~~~
DEBUG [2026-10-09 18:06:19] /ws/source/vllm-ascend/csrc/utils/inc/log/ops_log.h:22:34: note: in expansion of macro ‘OPS_LOG_STUB_I’
DEBUG [2026-10-09 18:06:19]    22 | #define OPS_LOG_I(OPS_DESC, ...) OPS_LOG_STUB_I(OPS_DESC, __VA_ARGS__)
DEBUG [2026-10-09 18:06:19]       |                                  ^~~~~~~~~~~~~~
DEBUG [2026-10-09 18:06:19] /ws/source/vllm-ascend/csrc/attention/lightning_indexer_quant/op_host/lightning_indexer_quant_tiling.cpp:400:5: note: in expansion of macro ‘OPS_LOG_I’
DEBUG [2026-10-09 18:06:19]   400 |     OPS_LOG_I(context_->GetNodeName(), "N2 is %d", n2Size_);
DEBUG [2026-10-09 18:06:19]       |     ^~~~~~~~~
DEBUG [2026-10-09 18:06:19] /ws/source/vllm-ascend/csrc/attention/lightning_indexer_quant/op_host/lightning_indexer_quant_tiling.cpp: In member function ‘ge::graphStatus optiling::LIQInfoParser::GetBatchSize()’:
DEBUG [2026-10-09 18:06:19] /ws/source/vllm-ascend/csrc/utils/inc/log/inner/dfx_base.h:120:17: warning: format ‘%d’ expects argument of type ‘int’, but argument 12 has type ‘int64_t’ {aka ‘long int’} [-Wformat=]
DEBUG [2026-10-09 18:06:19]   120 |                 "[%s:%d][%s]%s[%s][%lu] OpName:[%s] " #FMT,                                                     \
DEBUG [2026-10-09 18:06:19] /ws/source/vllm-ascend/csrc/utils/inc/log/inner/dfx_base.h:149:44: note: in expansion of macro ‘OPS_LOG_STUB’
DEBUG [2026-10-09 18:06:19]   149 | #define OPS_LOG_STUB_I(OPS_DESC, FMT, ...) OPS_LOG_STUB(OP, DLOG_INFO, OPS_DESC, FMT, ##__VA_ARGS__)
DEBUG [2026-10-09 18:06:19]       |                                            ^~~~~~~~~~~~
DEBUG [2026-10-09 18:06:19] /ws/source/vllm-ascend/csrc/utils/inc/log/ops_log.h:22:34: note: in expansion of macro ‘OPS_LOG_STUB_I’
DEBUG [2026-10-09 18:06:19]    22 | #define OPS_LOG_I(OPS_DESC, ...) OPS_LOG_STUB_I(OPS_DESC, __VA_ARGS__)
DEBUG [2026-10-09 18:06:19]       |                                  ^~~~~~~~~~~~~~
DEBUG [2026-10-09 18:06:19] /ws/source/vllm-ascend/csrc/attention/lightning_indexer_quant/op_host/lightning_indexer_quant_tiling.cpp:426:9: note: in expansion of macro ‘OPS_LOG_I’
DEBUG [2026-10-09 18:06:19]   426 |         OPS_LOG_I(context_->GetNodeName(), "b: %d, s: %d, n: %d,d :%d",
DEBUG [2026-10-09 18:06:19]       |         ^~~~~~~~~
DEBUG [2026-10-09 18:06:19] /ws/source/vllm-ascend/csrc/utils/inc/log/inner/dfx_base.h:120:17: warning: format ‘%d’ expects argument of type ‘int’, but argument 13 has type ‘int64_t’ {aka ‘long int’} [-Wformat=]
DEBUG [2026-10-09 18:06:19]   120 |                 "[%s:%d][%s]%s[%s][%lu] OpName:[%s] " #FMT,                                                     \
DEBUG [2026-10-09 18:06:19] /ws/source/vllm-ascend/csrc/utils/inc/log/inner/dfx_base.h:149:44: note: in expansion of macro ‘OPS_LOG_STUB’
DEBUG [2026-10-09 18:06:19]   149 | #define OPS_LOG_STUB_I(OPS_DESC, FMT, ...) OPS_LOG_STUB(OP, DLOG_INFO, OPS_DESC, FMT, ##__VA_ARGS__)
DEBUG [2026-10-09 18:06:19]       |                                            ^~~~~~~~~~~~
DEBUG [2026-10-09 18:06:19] /ws/source/vllm-ascend/csrc/utils/inc/log/ops_log.h:22:34: note: in expansion of macro ‘OPS_LOG_STUB_I’
DEBUG [2026-10-09 18:06:19]    22 | #define OPS_LOG_I(OPS_DESC, ...) OPS_LOG_STUB_I(OPS_DESC, __VA_ARGS__)
DEBUG [2026-10-09 18:06:19]       |                                  ^~~~~~~~~~~~~~
DEBUG [2026-10-09 18:06:19] /ws/source/vllm-ascend/csrc/attention/lightning_indexer_quant/op_host/lightning_indexer_quant_tiling.cpp:426:9: note: in expansion of macro ‘OPS_LOG_I’
DEBUG [2026-10-09 18:06:19]   426 |         OPS_LOG_I(context_->GetNodeName(), "b: %d, s: %d, n: %d,d :%d",
DEBUG [2026-10-09 18:06:19]       |         ^~~~~~~~~
DEBUG [2026-10-09 18:06:19] /ws/source/vllm-ascend/csrc/utils/inc/log/inner/dfx_base.h:120:17: warning: format ‘%d’ expects argument of type ‘int’, but argument 14 has type ‘int64_t’ {aka ‘long int’} [-Wformat=]
DEBUG [2026-10-09 18:06:19]   120 |                 "[%s:%d][%s]%s[%s][%lu] OpName:[%s] " #FMT,                                                     \
DEBUG [2026-10-09 18:06:19] /ws/source/vllm-ascend/csrc/utils/inc/log/inner/dfx_base.h:149:44: note: in expansion of macro ‘OPS_LOG_STUB’
DEBUG [2026-10-09 18:06:19]   149 | #define OPS_LOG_STUB_I(OPS_DESC, FMT, ...) OPS_LOG_STUB(OP, DLOG_INFO, OPS_DESC, FMT, ##__VA_ARGS__)
DEBUG [2026-10-09 18:06:19]       |                                            ^~~~~~~~~~~~
DEBUG [2026-10-09 18:06:19] /ws/source/vllm-ascend/csrc/utils/inc/log/ops_log.h:22:34: note: in expansion of macro ‘OPS_LOG_STUB_I’
DEBUG [2026-10-09 18:06:19]    22 | #define OPS_LOG_I(OPS_DESC, ...) OPS_LOG_STUB_I(OPS_DESC, __VA_ARGS__)
DEBUG [2026-10-09 18:06:19]       |                                  ^~~~~~~~~~~~~~
DEBUG [2026-10-09 18:06:19] /ws/source/vllm-ascend/csrc/attention/lightning_indexer_quant/op_host/lightning_indexer_quant_tiling.cpp:426:9: note: in expansion of macro ‘OPS_LOG_I’
DEBUG [2026-10-09 18:06:19]   426 |         OPS_LOG_I(context_->GetNodeName(), "b: %d, s: %d, n: %d,d :%d",
DEBUG [2026-10-09 18:06:19]       |         ^~~~~~~~~
DEBUG [2026-10-09 18:06:19] /ws/source/vllm-ascend/csrc/utils/inc/log/inner/dfx_base.h:120:17: warning: format ‘%d’ expects argument of type ‘int’, but argument 15 has type ‘int64_t’ {aka ‘long int’} [-Wformat=]
DEBUG [2026-10-09 18:06:19]   120 |                 "[%s:%d][%s]%s[%s][%lu] OpName:[%s] " #FMT,                                                     \
DEBUG [2026-10-09 18:06:19] /ws/source/vllm-ascend/csrc/utils/inc/log/inner/dfx_base.h:149:44: note: in expansion of macro ‘OPS_LOG_STUB’
DEBUG [2026-10-09 18:06:19]   149 | #define OPS_LOG_STUB_I(OPS_DESC, FMT, ...) OPS_LOG_STUB(OP, DLOG_INFO, OPS_DESC, FMT, ##__VA_ARGS__)
DEBUG [2026-10-09 18:06:19]       |                                            ^~~~~~~~~~~~
DEBUG [2026-10-09 18:06:19] /ws/source/vllm-ascend/csrc/utils/inc/log/ops_log.h:22:34: note: in expansion of macro ‘OPS_LOG_STUB_I’
DEBUG [2026-10-09 18:06:19]    22 | #define OPS_LOG_I(OPS_DESC, ...) OPS_LOG_STUB_I(OPS_DESC, __VA_ARGS__)
DEBUG [2026-10-09 18:06:19]       |                                  ^~~~~~~~~~~~~~
DEBUG [2026-10-09 18:06:19] /ws/source/vllm-ascend/csrc/attention/lightning_indexer_quant/op_host/lightning_indexer_quant_tiling.cpp:426:9: note: in expansion of macro ‘OPS_LOG_I’
DEBUG [2026-10-09 18:06:19]   426 |         OPS_LOG_I(context_->GetNodeName(), "b: %d, s: %d, n: %d,d :%d",
DEBUG [2026-10-09 18:06:19]       |         ^~~~~~~~~
DEBUG [2026-10-09 18:06:19] /ws/source/vllm-ascend/csrc/attention/lightning_indexer_quant/op_host/lightning_indexer_quant_tiling.cpp: In member function ‘ge::graphStatus optiling::LIQInfoParser::GetAndCheckBlockSize()’:
DEBUG [2026-10-09 18:06:19] /ws/source/vllm-ascend/csrc/utils/inc/log/inner/dfx_base.h:120:17: warning: format ‘%u’ expects argument of type ‘unsigned int’, but argument 12 has type ‘int32_t’ {aka ‘int’} [-Wformat=]
DEBUG [2026-10-09 18:06:19]   120 |                 "[%s:%d][%s]%s[%s][%lu] OpName:[%s] " #FMT,                                                     \
DEBUG [2026-10-09 18:06:19] /ws/source/vllm-ascend/csrc/utils/inc/log/inner/dfx_base.h:131:13: note: in definition of macro ‘OPS_LOG_STUB_IF’
DEBUG [2026-10-09 18:06:19]   131 |             LOG_FUNC;                                                                                                  \
DEBUG [2026-10-09 18:06:19]       |             ^~~~~~~~
DEBUG [2026-10-09 18:06:19] /ws/source/vllm-ascend/csrc/attention/lightning_indexer_quant/op_host/lightning_indexer_quant_tiling.cpp:473:5: note: in expansion of macro ‘OPS_ERR_IF’
DEBUG [2026-10-09 18:06:19]   473 |     OPS_ERR_IF(
DEBUG [2026-10-09 18:06:19]       |     ^~~~~~~~~~
DEBUG [2026-10-09 18:06:19] /ws/source/vllm-ascend/csrc/utils/inc/log/inner/dfx_base.h:138:9: note: in expansion of macro ‘OPS_LOG_STUB’
DEBUG [2026-10-09 18:06:19]   138 |         OPS_LOG_STUB(OP, DLOG_ERROR, OPS_DESC, FMT, ##__VA_ARGS__);                                                    \
DEBUG [2026-10-09 18:06:19]       |         ^~~~~~~~~~~~
DEBUG [2026-10-09 18:06:19] /ws/source/vllm-ascend/csrc/utils/inc/log/ops_log.h:24:34: note: in expansion of macro ‘OPS_INNER_ERR_STUB’
DEBUG [2026-10-09 18:06:19]    24 | #define OPS_LOG_E(OPS_DESC, ...) OPS_INNER_ERR_STUB("EZ9999", OPS_DESC, __VA_ARGS__)
DEBUG [2026-10-09 18:06:19]       |                                  ^~~~~~~~~~~~~~~~~~
DEBUG [2026-10-09 18:06:19] /ws/source/vllm-ascend/csrc/attention/lightning_indexer_quant/op_host/lightning_indexer_quant_tiling.cpp:475:9: note: in expansion of macro ‘OPS_LOG_E’
DEBUG [2026-10-09 18:06:19]   475 |         OPS_LOG_E(opName_, "input key's block_size must be a multiple of 16 and belong to (0, 1024], but now is %u.",
DEBUG [2026-10-09 18:06:19]       |         ^~~~~~~~~
DEBUG [2026-10-09 18:06:19] /ws/source/vllm-ascend/csrc/attention/lightning_indexer_quant/op_host/lightning_indexer_quant_tiling.cpp:475:28: warning: format ‘%u’ expects argument of type ‘unsigned int’, but argument 6 has type ‘int32_t’ {aka ‘int’} [-Wformat=]
DEBUG [2026-10-09 18:06:19]   475 |         OPS_LOG_E(opName_, "input key's block_size must be a multiple of 16 and belong to (0, 1024], but now is %u.",
DEBUG [2026-10-09 18:06:19]   476 |                   blockSize_),
DEBUG [2026-10-09 18:06:19]       |                   ~~~~~~~~~~
DEBUG [2026-10-09 18:06:19]       |                   |
DEBUG [2026-10-09 18:06:19]       |                   int32_t {aka int}
DEBUG [2026-10-09 18:06:19] /ws/source/vllm-ascend/csrc/utils/inc/log/inner/dfx_base.h:131:13: note: in definition of macro ‘OPS_LOG_STUB_IF’
DEBUG [2026-10-09 18:06:19]   131 |             LOG_FUNC;                                                                                                  \
DEBUG [2026-10-09 18:06:19]       |             ^~~~~~~~
DEBUG [2026-10-09 18:06:19] /ws/source/vllm-ascend/csrc/attention/lightning_indexer_quant/op_host/lightning_indexer_quant_tiling.cpp:473:5: note: in expansion of macro ‘OPS_ERR_IF’
DEBUG [2026-10-09 18:06:19]   473 |     OPS_ERR_IF(
DEBUG [2026-10-09 18:06:19]       |     ^~~~~~~~~~
DEBUG [2026-10-09 18:06:19] /ws/source/vllm-ascend/csrc/utils/inc/log/ops_log.h:24:34: note: in expansion of macro ‘OPS_INNER_ERR_STUB’
DEBUG [2026-10-09 18:06:19]    24 | #define OPS_LOG_E(OPS_DESC, ...) OPS_INNER_ERR_STUB("EZ9999", OPS_DESC, __VA_ARGS__)
DEBUG [2026-10-09 18:06:19]       |                                  ^~~~~~~~~~~~~~~~~~
DEBUG [2026-10-09 18:06:19] /ws/source/vllm-ascend/csrc/attention/lightning_indexer_quant/op_host/lightning_indexer_quant_tiling.cpp:475:9: note: in expansion of macro ‘OPS_LOG_E’
DEBUG [2026-10-09 18:06:19]   475 |         OPS_LOG_E(opName_, "input key's block_size must be a multiple of 16 and belong to (0, 1024], but now is %u.",
DEBUG [2026-10-09 18:06:19]       |         ^~~~~~~~~
DEBUG [2026-10-09 18:06:19] /ws/source/vllm-ascend/csrc/attention/lightning_indexer_quant/op_host/lightning_indexer_quant_tiling.cpp: In member function ‘ge::graphStatus optiling::LIQInfoParser::GetS2SizeForPageAttention()’:
DEBUG [2026-10-09 18:06:19] /ws/source/vllm-ascend/csrc/utils/inc/log/inner/dfx_base.h:120:17: warning: format ‘%d’ expects argument of type ‘int’, but argument 12 has type ‘uint32_t’ {aka ‘unsigned int’} [-Wformat=]
DEBUG [2026-10-09 18:06:19]   120 |                 "[%s:%d][%s]%s[%s][%lu] OpName:[%s] " #FMT,                                                     \
DEBUG [2026-10-09 18:06:19] /ws/source/vllm-ascend/csrc/utils/inc/log/inner/dfx_base.h:149:44: note: in expansion of macro ‘OPS_LOG_STUB’
DEBUG [2026-10-09 18:06:19]   149 | #define OPS_LOG_STUB_I(OPS_DESC, FMT, ...) OPS_LOG_STUB(OP, DLOG_INFO, OPS_DESC, FMT, ##__VA_ARGS__)
DEBUG [2026-10-09 18:06:19]       |                                            ^~~~~~~~~~~~
DEBUG [2026-10-09 18:06:19] /ws/source/vllm-ascend/csrc/utils/inc/log/ops_log.h:22:34: note: in expansion of macro ‘OPS_LOG_STUB_I’
DEBUG [2026-10-09 18:06:19]    22 | #define OPS_LOG_I(OPS_DESC, ...) OPS_LOG_STUB_I(OPS_DESC, __VA_ARGS__)
DEBUG [2026-10-09 18:06:19]       |                                  ^~~~~~~~~~~~~~
DEBUG [2026-10-09 18:06:19] /ws/source/vllm-ascend/csrc/attention/lightning_indexer_quant/op_host/lightning_indexer_quant_tiling.cpp:493:5: note: in expansion of macro ‘OPS_LOG_I’
DEBUG [2026-10-09 18:06:19]   493 |     OPS_LOG_I(context_->GetNodeName(), "maxBlockNumPerBatch_ is %d, blockSize_ is %d, s2Size_ is %d",
DEBUG [2026-10-09 18:06:19]       |     ^~~~~~~~~
DEBUG [2026-10-09 18:06:19] /ws/source/vllm-ascend/csrc/utils/inc/log/inner/dfx_base.h:120:17: warning: format ‘%d’ expects argument of type ‘int’, but argument 14 has type ‘int64_t’ {aka ‘long int’} [-Wformat=]
DEBUG [2026-10-09 18:06:19]   120 |                 "[%s:%d][%s]%s[%s][%lu] OpName:[%s] " #FMT,                                                     \
DEBUG [2026-10-09 18:06:19] /ws/source/vllm-ascend/csrc/utils/inc/log/inner/dfx_base.h:149:44: note: in expansion of macro ‘OPS_LOG_STUB’
DEBUG [2026-10-09 18:06:19]   149 | #define OPS_LOG_STUB_I(OPS_DESC, FMT, ...) OPS_LOG_STUB(OP, DLOG_INFO, OPS_DESC, FMT, ##__VA_ARGS__)
DEBUG [2026-10-09 18:06:19]       |                                            ^~~~~~~~~~~~
DEBUG [2026-10-09 18:06:19] /ws/source/vllm-ascend/csrc/utils/inc/log/ops_log.h:22:34: note: in expansion of macro ‘OPS_LOG_STUB_I’
DEBUG [2026-10-09 18:06:19]    22 | #define OPS_LOG_I(OPS_DESC, ...) OPS_LOG_STUB_I(OPS_DESC, __VA_ARGS__)
DEBUG [2026-10-09 18:06:19]       |                                  ^~~~~~~~~~~~~~
DEBUG [2026-10-09 18:06:19] /ws/source/vllm-ascend/csrc/attention/lightning_indexer_quant/op_host/lightning_indexer_quant_tiling.cpp:493:5: note: in expansion of macro ‘OPS_LOG_I’
DEBUG [2026-10-09 18:06:19]   493 |     OPS_LOG_I(context_->GetNodeName(), "maxBlockNumPerBatch_ is %d, blockSize_ is %d, s2Size_ is %d",
DEBUG [2026-10-09 18:06:19]       |     ^~~~~~~~~
DEBUG [2026-10-09 18:06:19] /ws/source/vllm-ascend/csrc/attention/lightning_indexer_quant/op_host/lightning_indexer_quant_tiling.cpp: In member function ‘ge::graphStatus optiling::LIQInfoParser::ValidateInputShapesMatch()’:
DEBUG [2026-10-09 18:06:19] /ws/source/vllm-ascend/csrc/utils/inc/log/inner/dfx_base.h:120:17: warning: format ‘%u’ expects argument of type ‘unsigned int’, but argument 13 has type ‘int64_t’ {aka ‘long int’} [-Wformat=]
DEBUG [2026-10-09 18:06:19]   120 |                 "[%s:%d][%s]%s[%s][%lu] OpName:[%s] " #FMT,                                                     \
DEBUG [2026-10-09 18:06:19] /ws/source/vllm-ascend/csrc/utils/inc/log/inner/dfx_base.h:131:13: note: in definition of macro ‘OPS_LOG_STUB_IF’
DEBUG [2026-10-09 18:06:19]   131 |             LOG_FUNC;                                                                                                  \
DEBUG [2026-10-09 18:06:19]       |             ^~~~~~~~
DEBUG [2026-10-09 18:06:19] /ws/source/vllm-ascend/csrc/attention/lightning_indexer_quant/op_host/lightning_indexer_quant_tiling.cpp:550:9: note: in expansion of macro ‘OPS_ERR_IF’
DEBUG [2026-10-09 18:06:19]   550 |         OPS_ERR_IF((kLayout_ == DataLayout::PA_BSND) &&
DEBUG [2026-10-09 18:06:19]       |         ^~~~~~~~~~
DEBUG [2026-10-09 18:06:19] /ws/source/vllm-ascend/csrc/utils/inc/log/inner/dfx_base.h:138:9: note: in expansion of macro ‘OPS_LOG_STUB’
DEBUG [2026-10-09 18:06:19]   138 |         OPS_LOG_STUB(OP, DLOG_ERROR, OPS_DESC, FMT, ##__VA_ARGS__);                                                    \
DEBUG [2026-10-09 18:06:19]       |         ^~~~~~~~~~~~
DEBUG [2026-10-09 18:06:19] /ws/source/vllm-ascend/csrc/utils/inc/log/ops_log.h:24:34: note: in expansion of macro ‘OPS_INNER_ERR_STUB’
DEBUG [2026-10-09 18:06:19]    24 | #define OPS_LOG_E(OPS_DESC, ...) OPS_INNER_ERR_STUB("EZ9999", OPS_DESC, __VA_ARGS__)
DEBUG [2026-10-09 18:06:19]       |                                  ^~~~~~~~~~~~~~~~~~
DEBUG [2026-10-09 18:06:19] /ws/source/vllm-ascend/csrc/attention/lightning_indexer_quant/op_host/lightning_indexer_quant_tiling.cpp:554:13: note: in expansion of macro ‘OPS_LOG_E’
DEBUG [2026-10-09 18:06:19]   554 |             OPS_LOG_E(
DEBUG [2026-10-09 18:06:19]       |             ^~~~~~~~~
DEBUG [2026-10-09 18:06:19] /ws/source/vllm-ascend/csrc/utils/inc/log/inner/dfx_base.h:120:17: warning: format ‘%u’ expects argument of type ‘unsigned int’, but argument 14 has type ‘int64_t’ {aka ‘long int’} [-Wformat=]
DEBUG [2026-10-09 18:06:19]   120 |                 "[%s:%d][%s]%s[%s][%lu] OpName:[%s] " #FMT,                                                     \
DEBUG [2026-10-09 18:06:19] /ws/source/vllm-ascend/csrc/utils/inc/log/inner/dfx_base.h:131:13: note: in definition of macro ‘OPS_LOG_STUB_IF’
DEBUG [2026-10-09 18:06:19]   131 |             LOG_FUNC;                                                                                                  \
DEBUG [2026-10-09 18:06:19]       |             ^~~~~~~~
DEBUG [2026-10-09 18:06:19] /ws/source/vllm-ascend/csrc/attention/lightning_indexer_quant/op_host/lightning_indexer_quant_tiling.cpp:550:9: note: in expansion of macro ‘OPS_ERR_IF’
DEBUG [2026-10-09 18:06:19]   550 |         OPS_ERR_IF((kLayout_ == DataLayout::PA_BSND) &&
DEBUG [2026-10-09 18:06:19]       |         ^~~~~~~~~~
DEBUG [2026-10-09 18:06:19] /ws/source/vllm-ascend/csrc/utils/inc/log/inner/dfx_base.h:138:9: note: in expansion of macro ‘OPS_LOG_STUB’
DEBUG [2026-10-09 18:06:19]   138 |         OPS_LOG_STUB(OP, DLOG_ERROR, OPS_DESC, FMT, ##__VA_ARGS__);                                                    \
DEBUG [2026-10-09 18:06:19]       |         ^~~~~~~~~~~~
DEBUG [2026-10-09 18:06:19] /ws/source/vllm-ascend/csrc/utils/inc/log/ops_log.h:24:34: note: in expansion of macro ‘OPS_INNER_ERR_STUB’
DEBUG [2026-10-09 18:06:19]    24 | #define OPS_LOG_E(OPS_DESC, ...) OPS_INNER_ERR_STUB("EZ9999", OPS_DESC, __VA_ARGS__)
DEBUG [2026-10-09 18:06:19]       |                                  ^~~~~~~~~~~~~~~~~~
DEBUG [2026-10-09 18:06:19] /ws/source/vllm-ascend/csrc/attention/lightning_indexer_quant/op_host/lightning_indexer_quant_tiling.cpp:554:13: note: in expansion of macro ‘OPS_LOG_E’
DEBUG [2026-10-09 18:06:19]   554 |             OPS_LOG_E(
DEBUG [2026-10-09 18:06:19]       |             ^~~~~~~~~
DEBUG [2026-10-09 18:06:19] /ws/source/vllm-ascend/csrc/attention/lightning_indexer_quant/op_host/lightning_indexer_quant_tiling.cpp:556:17: warning: format ‘%u’ expects argument of type ‘unsigned int’, but argument 7 has type ‘int64_t’ {aka ‘long int’} [-Wformat=]
DEBUG [2026-10-09 18:06:19]   556 |                 "TND case input actual_seq_lengths_query, actual_seq_lengths_key, block_table dim 0 are %u, %u, %u respectively, they must be same.",
DEBUG [2026-10-09 18:06:19]   557 |                 bSize_, opParamInfo_.actualSeqLengthsK.tensor->GetShapeSize(),
DEBUG [2026-10-09 18:06:19]       |                         ~~~~~~~~~~~~~~~~~~~~~~~~~~~~~~~~~~~~~~~~~~~~~~~~~~~~~
DEBUG [2026-10-09 18:06:19]       |                                                                            |
DEBUG [2026-10-09 18:06:19]       |                                                                            int64_t {aka long int}
DEBUG [2026-10-09 18:06:19] /ws/source/vllm-ascend/csrc/utils/inc/log/inner/dfx_base.h:131:13: note: in definition of macro ‘OPS_LOG_STUB_IF’
DEBUG [2026-10-09 18:06:19]   131 |             LOG_FUNC;                                                                                                  \
DEBUG [2026-10-09 18:06:19]       |             ^~~~~~~~
DEBUG [2026-10-09 18:06:19] /ws/source/vllm-ascend/csrc/attention/lightning_indexer_quant/op_host/lightning_indexer_quant_tiling.cpp:550:9: note: in expansion of macro ‘OPS_ERR_IF’
DEBUG [2026-10-09 18:06:19]   550 |         OPS_ERR_IF((kLayout_ == DataLayout::PA_BSND) &&
DEBUG [2026-10-09 18:06:19]       |         ^~~~~~~~~~
DEBUG [2026-10-09 18:06:19] /ws/source/vllm-ascend/csrc/utils/inc/log/ops_log.h:24:34: note: in expansion of macro ‘OPS_INNER_ERR_STUB’
DEBUG [2026-10-09 18:06:19]    24 | #define OPS_LOG_E(OPS_DESC, ...) OPS_INNER_ERR_STUB("EZ9999", OPS_DESC, __VA_ARGS__)
DEBUG [2026-10-09 18:06:19]       |                                  ^~~~~~~~~~~~~~~~~~
DEBUG [2026-10-09 18:06:19] /ws/source/vllm-ascend/csrc/attention/lightning_indexer_quant/op_host/lightning_indexer_quant_tiling.cpp:554:13: note: in expansion of macro ‘OPS_LOG_E’
DEBUG [2026-10-09 18:06:19]   554 |             OPS_LOG_E(
DEBUG [2026-10-09 18:06:19]       |             ^~~~~~~~~
DEBUG [2026-10-09 18:06:19] /ws/source/vllm-ascend/csrc/attention/lightning_indexer_quant/op_host/lightning_indexer_quant_tiling.cpp:556:17: warning: format ‘%u’ expects argument of type ‘unsigned int’, but argument 8 has type ‘int64_t’ {aka ‘long int’} [-Wformat=]
DEBUG [2026-10-09 18:06:19]   556 |                 "TND case input actual_seq_lengths_query, actual_seq_lengths_key, block_table dim 0 are %u, %u, %u respectively, they must be same.",
DEBUG [2026-10-09 18:06:19]   557 |                 bSize_, opParamInfo_.actualSeqLengthsK.tensor->GetShapeSize(),
DEBUG [2026-10-09 18:06:19]   558 |                 opParamInfo_.blockTable.tensor->GetStorageShape().GetDim(0)),
DEBUG [2026-10-09 18:06:19]       |                 ~~~~~~~~~~~~~~~~~~~~~~~~~~~~~~~~~~~~~~~~~~~~~~~~~~~~~~~~~~~
DEBUG [2026-10-09 18:06:19]       |                                                                         |
DEBUG [2026-10-09 18:06:19]       |                                                                         int64_t {aka long int}
DEBUG [2026-10-09 18:06:19] /ws/source/vllm-ascend/csrc/utils/inc/log/inner/dfx_base.h:131:13: note: in definition of macro ‘OPS_LOG_STUB_IF’
DEBUG [2026-10-09 18:06:19]   131 |             LOG_FUNC;                                                                                                  \
DEBUG [2026-10-09 18:06:19]       |             ^~~~~~~~
DEBUG [2026-10-09 18:06:19] /ws/source/vllm-ascend/csrc/attention/lightning_indexer_quant/op_host/lightning_indexer_quant_tiling.cpp:550:9: note: in expansion of macro ‘OPS_ERR_IF’
DEBUG [2026-10-09 18:06:19]   550 |         OPS_ERR_IF((kLayout_ == DataLayout::PA_BSND) &&
DEBUG [2026-10-09 18:06:19]       |         ^~~~~~~~~~
DEBUG [2026-10-09 18:06:19] /ws/source/vllm-ascend/csrc/utils/inc/log/ops_log.h:24:34: note: in expansion of macro ‘OPS_INNER_ERR_STUB’
DEBUG [2026-10-09 18:06:19]    24 | #define OPS_LOG_E(OPS_DESC, ...) OPS_INNER_ERR_STUB("EZ9999", OPS_DESC, __VA_ARGS__)
DEBUG [2026-10-09 18:06:19]       |                                  ^~~~~~~~~~~~~~~~~~
DEBUG [2026-10-09 18:06:19] /ws/source/vllm-ascend/csrc/attention/lightning_indexer_quant/op_host/lightning_indexer_quant_tiling.cpp:554:13: note: in expansion of macro ‘OPS_LOG_E’
DEBUG [2026-10-09 18:06:19]   554 |             OPS_LOG_E(
DEBUG [2026-10-09 18:06:19]       |             ^~~~~~~~~
DEBUG [2026-10-09 18:06:19] /ws/source/vllm-ascend/csrc/utils/inc/log/inner/dfx_base.h:120:17: warning: format ‘%u’ expects argument of type ‘unsigned int’, but argument 13 has type ‘int64_t’ {aka ‘long int’} [-Wformat=]
DEBUG [2026-10-09 18:06:19]   120 |                 "[%s:%d][%s]%s[%s][%lu] OpName:[%s] " #FMT,                                                     \
DEBUG [2026-10-09 18:06:19] /ws/source/vllm-ascend/csrc/utils/inc/log/inner/dfx_base.h:131:13: note: in definition of macro ‘OPS_LOG_STUB_IF’
DEBUG [2026-10-09 18:06:19]   131 |             LOG_FUNC;                                                                                                  \
DEBUG [2026-10-09 18:06:19]       |             ^~~~~~~~
DEBUG [2026-10-09 18:06:19] /ws/source/vllm-ascend/csrc/attention/lightning_indexer_quant/op_host/lightning_indexer_quant_tiling.cpp:560:9: note: in expansion of macro ‘OPS_ERR_IF’
DEBUG [2026-10-09 18:06:19]   560 |         OPS_ERR_IF((kLayout_ != DataLayout::PA_BSND) &&
DEBUG [2026-10-09 18:06:19]       |         ^~~~~~~~~~
DEBUG [2026-10-09 18:06:19] /ws/source/vllm-ascend/csrc/utils/inc/log/inner/dfx_base.h:138:9: note: in expansion of macro ‘OPS_LOG_STUB’
DEBUG [2026-10-09 18:06:19]   138 |         OPS_LOG_STUB(OP, DLOG_ERROR, OPS_DESC, FMT, ##__VA_ARGS__);                                                    \
DEBUG [2026-10-09 18:06:19]       |         ^~~~~~~~~~~~
DEBUG [2026-10-09 18:06:19] /ws/source/vllm-ascend/csrc/utils/inc/log/ops_log.h:24:34: note: in expansion of macro ‘OPS_INNER_ERR_STUB’
DEBUG [2026-10-09 18:06:19]    24 | #define OPS_LOG_E(OPS_DESC, ...) OPS_INNER_ERR_STUB("EZ9999", OPS_DESC, __VA_ARGS__)
DEBUG [2026-10-09 18:06:19]       |                                  ^~~~~~~~~~~~~~~~~~
DEBUG [2026-10-09 18:06:19] /ws/source/vllm-ascend/csrc/attention/lightning_indexer_quant/op_host/lightning_indexer_quant_tiling.cpp:562:13: note: in expansion of macro ‘OPS_LOG_E’
DEBUG [2026-10-09 18:06:19]   562 |             OPS_LOG_E(
DEBUG [2026-10-09 18:06:19]       |             ^~~~~~~~~
DEBUG [2026-10-09 18:06:19] /ws/source/vllm-ascend/csrc/attention/lightning_indexer_quant/op_host/lightning_indexer_quant_tiling.cpp:564:17: warning: format ‘%u’ expects argument of type ‘unsigned int’, but argument 7 has type ‘int64_t’ {aka ‘long int’} [-Wformat=]
DEBUG [2026-10-09 18:06:19]   564 |                 "TND case input actual_seq_lengths_query, actual_seq_lengths_key, are %u, %u respectively, they must be same.",
DEBUG [2026-10-09 18:06:19]   565 |                 bSize_, opParamInfo_.actualSeqLengthsK.tensor->GetShapeSize()),
DEBUG [2026-10-09 18:06:19]       |                         ~~~~~~~~~~~~~~~~~~~~~~~~~~~~~~~~~~~~~~~~~~~~~~~~~~~~~
DEBUG [2026-10-09 18:06:19]       |                                                                            |
DEBUG [2026-10-09 18:06:19]       |                                                                            int64_t {aka long int}
DEBUG [2026-10-09 18:06:19] /ws/source/vllm-ascend/csrc/utils/inc/log/inner/dfx_base.h:131:13: note: in definition of macro ‘OPS_LOG_STUB_IF’
DEBUG [2026-10-09 18:06:19]   131 |             LOG_FUNC;                                                                                                  \
DEBUG [2026-10-09 18:06:19]       |             ^~~~~~~~
DEBUG [2026-10-09 18:06:19] /ws/source/vllm-ascend/csrc/attention/lightning_indexer_quant/op_host/lightning_indexer_quant_tiling.cpp:560:9: note: in expansion of macro ‘OPS_ERR_IF’
DEBUG [2026-10-09 18:06:19]   560 |         OPS_ERR_IF((kLayout_ != DataLayout::PA_BSND) &&
DEBUG [2026-10-09 18:06:19]       |         ^~~~~~~~~~
DEBUG [2026-10-09 18:06:19] /ws/source/vllm-ascend/csrc/utils/inc/log/ops_log.h:24:34: note: in expansion of macro ‘OPS_INNER_ERR_STUB’
DEBUG [2026-10-09 18:06:19]    24 | #define OPS_LOG_E(OPS_DESC, ...) OPS_INNER_ERR_STUB("EZ9999", OPS_DESC, __VA_ARGS__)
DEBUG [2026-10-09 18:06:19]       |                                  ^~~~~~~~~~~~~~~~~~
DEBUG [2026-10-09 18:06:19] /ws/source/vllm-ascend/csrc/attention/lightning_indexer_quant/op_host/lightning_indexer_quant_tiling.cpp:562:13: note: in expansion of macro ‘OPS_LOG_E’
DEBUG [2026-10-09 18:06:19]   562 |             OPS_LOG_E(
DEBUG [2026-10-09 18:06:19]       |             ^~~~~~~~~
DEBUG [2026-10-09 18:06:19] /ws/source/vllm-ascend/csrc/utils/inc/log/inner/dfx_base.h:120:17: warning: format ‘%u’ expects argument of type ‘unsigned int’, but argument 13 has type ‘int64_t’ {aka ‘long int’} [-Wformat=]
DEBUG [2026-10-09 18:06:19]   120 |                 "[%s:%d][%s]%s[%s][%lu] OpName:[%s] " #FMT,                                                     \
DEBUG [2026-10-09 18:06:19] /ws/source/vllm-ascend/csrc/utils/inc/log/inner/dfx_base.h:131:13: note: in definition of macro ‘OPS_LOG_STUB_IF’
DEBUG [2026-10-09 18:06:19]   131 |             LOG_FUNC;                                                                                                  \
DEBUG [2026-10-09 18:06:19]       |             ^~~~~~~~
DEBUG [2026-10-09 18:06:19] /ws/source/vllm-ascend/csrc/attention/lightning_indexer_quant/op_host/lightning_indexer_quant_tiling.cpp:569:9: note: in expansion of macro ‘OPS_ERR_IF’
DEBUG [2026-10-09 18:06:19]   569 |         OPS_ERR_IF((opParamInfo_.weights.shape->GetStorageShape().GetDim(0) != qTsize) ||
DEBUG [2026-10-09 18:06:19]       |         ^~~~~~~~~~
DEBUG [2026-10-09 18:06:19] /ws/source/vllm-ascend/csrc/utils/inc/log/inner/dfx_base.h:138:9: note: in expansion of macro ‘OPS_LOG_STUB’
DEBUG [2026-10-09 18:06:19]   138 |         OPS_LOG_STUB(OP, DLOG_ERROR, OPS_DESC, FMT, ##__VA_ARGS__);                                                    \
DEBUG [2026-10-09 18:06:19]       |         ^~~~~~~~~~~~
DEBUG [2026-10-09 18:06:19] /ws/source/vllm-ascend/csrc/utils/inc/log/ops_log.h:24:34: note: in expansion of macro ‘OPS_INNER_ERR_STUB’
DEBUG [2026-10-09 18:06:19]    24 | #define OPS_LOG_E(OPS_DESC, ...) OPS_INNER_ERR_STUB("EZ9999", OPS_DESC, __VA_ARGS__)
DEBUG [2026-10-09 18:06:19]       |                                  ^~~~~~~~~~~~~~~~~~
DEBUG [2026-10-09 18:06:19] /ws/source/vllm-ascend/csrc/attention/lightning_indexer_quant/op_host/lightning_indexer_quant_tiling.cpp:571:20: note: in expansion of macro ‘OPS_LOG_E’
DEBUG [2026-10-09 18:06:19]   571 |                    OPS_LOG_E(opName_,
DEBUG [2026-10-09 18:06:19]       |                    ^~~~~~~~~
DEBUG [2026-10-09 18:06:19] /ws/source/vllm-ascend/csrc/utils/inc/log/inner/dfx_base.h:120:17: warning: format ‘%u’ expects argument of type ‘unsigned int’, but argument 14 has type ‘int64_t’ {aka ‘long int’} [-Wformat=]
DEBUG [2026-10-09 18:06:19]   120 |                 "[%s:%d][%s]%s[%s][%lu] OpName:[%s] " #FMT,                                                     \
DEBUG [2026-10-09 18:06:19] /ws/source/vllm-ascend/csrc/utils/inc/log/inner/dfx_base.h:131:13: note: in definition of macro ‘OPS_LOG_STUB_IF’
DEBUG [2026-10-09 18:06:19]   131 |             LOG_FUNC;                                                                                                  \
DEBUG [2026-10-09 18:06:19]       |             ^~~~~~~~
DEBUG [2026-10-09 18:06:19] /ws/source/vllm-ascend/csrc/attention/lightning_indexer_quant/op_host/lightning_indexer_quant_tiling.cpp:569:9: note: in expansion of macro ‘OPS_ERR_IF’
DEBUG [2026-10-09 18:06:19]   569 |         OPS_ERR_IF((opParamInfo_.weights.shape->GetStorageShape().GetDim(0) != qTsize) ||
DEBUG [2026-10-09 18:06:19]       |         ^~~~~~~~~~
DEBUG [2026-10-09 18:06:19] /ws/source/vllm-ascend/csrc/utils/inc/log/inner/dfx_base.h:138:9: note: in expansion of macro ‘OPS_LOG_STUB’
DEBUG [2026-10-09 18:06:19]   138 |         OPS_LOG_STUB(OP, DLOG_ERROR, OPS_DESC, FMT, ##__VA_ARGS__);                                                    \
DEBUG [2026-10-09 18:06:19]       |         ^~~~~~~~~~~~
DEBUG [2026-10-09 18:06:19] /ws/source/vllm-ascend/csrc/utils/inc/log/ops_log.h:24:34: note: in expansion of macro ‘OPS_INNER_ERR_STUB’
DEBUG [2026-10-09 18:06:19]    24 | #define OPS_LOG_E(OPS_DESC, ...) OPS_INNER_ERR_STUB("EZ9999", OPS_DESC, __VA_ARGS__)
DEBUG [2026-10-09 18:06:19]       |                                  ^~~~~~~~~~~~~~~~~~
DEBUG [2026-10-09 18:06:19] /ws/source/vllm-ascend/csrc/attention/lightning_indexer_quant/op_host/lightning_indexer_quant_tiling.cpp:571:20: note: in expansion of macro ‘OPS_LOG_E’
DEBUG [2026-10-09 18:06:19]   571 |                    OPS_LOG_E(opName_,
DEBUG [2026-10-09 18:06:19]       |                    ^~~~~~~~~
DEBUG [2026-10-09 18:06:19] /ws/source/vllm-ascend/csrc/attention/lightning_indexer_quant/op_host/lightning_indexer_quant_tiling.cpp:572:30: warning: format ‘%u’ expects argument of type ‘unsigned int’, but argument 7 has type ‘int64_t’ {aka ‘long int’} [-Wformat=]
DEBUG [2026-10-09 18:06:19]   572 |                              "TND case input query, weights, sparse_indices dim 0 are %u, %u, %u respectively, they must be same.",
DEBUG [2026-10-09 18:06:19]   573 |                              qTsize, opParamInfo_.weights.shape->GetStorageShape().GetDim(0),
DEBUG [2026-10-09 18:06:19]       |                                      ~~~~~~~~~~~~~~~~~~~~~~~~~~~~~~~~~~~~~~~~~~~~~~~~~~~~~~~
DEBUG [2026-10-09 18:06:19]       |                                                                                          |
DEBUG [2026-10-09 18:06:19]       |                                                                                          int64_t {aka long int}
DEBUG [2026-10-09 18:06:19] /ws/source/vllm-ascend/csrc/utils/inc/log/inner/dfx_base.h:131:13: note: in definition of macro ‘OPS_LOG_STUB_IF’
DEBUG [2026-10-09 18:06:19]   131 |             LOG_FUNC;                                                                                                  \
DEBUG [2026-10-09 18:06:19]       |             ^~~~~~~~
DEBUG [2026-10-09 18:06:19] /ws/source/vllm-ascend/csrc/attention/lightning_indexer_quant/op_host/lightning_indexer_quant_tiling.cpp:569:9: note: in expansion of macro ‘OPS_ERR_IF’
DEBUG [2026-10-09 18:06:19]   569 |         OPS_ERR_IF((opParamInfo_.weights.shape->GetStorageShape().GetDim(0) != qTsize) ||
DEBUG [2026-10-09 18:06:19]       |         ^~~~~~~~~~
DEBUG [2026-10-09 18:06:19] /ws/source/vllm-ascend/csrc/utils/inc/log/ops_log.h:24:34: note: in expansion of macro ‘OPS_INNER_ERR_STUB’
DEBUG [2026-10-09 18:06:19]    24 | #define OPS_LOG_E(OPS_DESC, ...) OPS_INNER_ERR_STUB("EZ9999", OPS_DESC, __VA_ARGS__)
DEBUG [2026-10-09 18:06:19]       |                                  ^~~~~~~~~~~~~~~~~~
DEBUG [2026-10-09 18:06:19] /ws/source/vllm-ascend/csrc/attention/lightning_indexer_quant/op_host/lightning_indexer_quant_tiling.cpp:571:20: note: in expansion of macro ‘OPS_LOG_E’
DEBUG [2026-10-09 18:06:19]   571 |                    OPS_LOG_E(opName_,
DEBUG [2026-10-09 18:06:19]       |                    ^~~~~~~~~
DEBUG [2026-10-09 18:06:19] /ws/source/vllm-ascend/csrc/attention/lightning_indexer_quant/op_host/lightning_indexer_quant_tiling.cpp:572:30: warning: format ‘%u’ expects argument of type ‘unsigned int’, but argument 8 has type ‘int64_t’ {aka ‘long int’} [-Wformat=]
DEBUG [2026-10-09 18:06:19]   572 |                              "TND case input query, weights, sparse_indices dim 0 are %u, %u, %u respectively, they must be same.",
DEBUG [2026-10-09 18:06:19]   573 |                              qTsize, opParamInfo_.weights.shape->GetStorageShape().GetDim(0),
DEBUG [2026-10-09 18:06:19]   574 |                              opParamInfo_.attenOut.shape->GetStorageShape().GetDim(0)),
DEBUG [2026-10-09 18:06:19]       |                              ~~~~~~~~~~~~~~~~~~~~~~~~~~~~~~~~~~~~~~~~~~~~~~~~~~~~~~~~
DEBUG [2026-10-09 18:06:19]       |                                                                                   |
DEBUG [2026-10-09 18:06:19]       |                                                                                   int64_t {aka long int}
DEBUG [2026-10-09 18:06:19] /ws/source/vllm-ascend/csrc/utils/inc/log/inner/dfx_base.h:131:13: note: in definition of macro ‘OPS_LOG_STUB_IF’
DEBUG [2026-10-09 18:06:19]   131 |             LOG_FUNC;                                                                                                  \
DEBUG [2026-10-09 18:06:19]       |             ^~~~~~~~
DEBUG [2026-10-09 18:06:19] /ws/source/vllm-ascend/csrc/attention/lightning_indexer_quant/op_host/lightning_indexer_quant_tiling.cpp:569:9: note: in expansion of macro ‘OPS_ERR_IF’
DEBUG [2026-10-09 18:06:19]   569 |         OPS_ERR_IF((opParamInfo_.weights.shape->GetStorageShape().GetDim(0) != qTsize) ||
DEBUG [2026-10-09 18:06:19]       |         ^~~~~~~~~~
DEBUG [2026-10-09 18:06:19] /ws/source/vllm-ascend/csrc/utils/inc/log/ops_log.h:24:34: note: in expansion of macro ‘OPS_INNER_ERR_STUB’
DEBUG [2026-10-09 18:06:19]    24 | #define OPS_LOG_E(OPS_DESC, ...) OPS_INNER_ERR_STUB("EZ9999", OPS_DESC, __VA_ARGS__)
DEBUG [2026-10-09 18:06:19]       |                                  ^~~~~~~~~~~~~~~~~~
DEBUG [2026-10-09 18:06:19] /ws/source/vllm-ascend/csrc/attention/lightning_indexer_quant/op_host/lightning_indexer_quant_tiling.cpp:571:20: note: in expansion of macro ‘OPS_LOG_E’
DEBUG [2026-10-09 18:06:19]   571 |                    OPS_LOG_E(opName_,
DEBUG [2026-10-09 18:06:19]       |                    ^~~~~~~~~
DEBUG [2026-10-09 18:06:19] /ws/source/vllm-ascend/csrc/utils/inc/log/inner/dfx_base.h:120:17: warning: format ‘%u’ expects argument of type ‘unsigned int’, but argument 13 has type ‘int64_t’ {aka ‘long int’} [-Wformat=]
DEBUG [2026-10-09 18:06:19]   120 |                 "[%s:%d][%s]%s[%s][%lu] OpName:[%s] " #FMT,                                                     \
DEBUG [2026-10-09 18:06:19] /ws/source/vllm-ascend/csrc/utils/inc/log/inner/dfx_base.h:131:13: note: in definition of macro ‘OPS_LOG_STUB_IF’
DEBUG [2026-10-09 18:06:19]   131 |             LOG_FUNC;                                                                                                  \
DEBUG [2026-10-09 18:06:19]       |             ^~~~~~~~
DEBUG [2026-10-09 18:06:19] /ws/source/vllm-ascend/csrc/attention/lightning_indexer_quant/op_host/lightning_indexer_quant_tiling.cpp:579:9: note: in expansion of macro ‘OPS_ERR_IF’
DEBUG [2026-10-09 18:06:19]   579 |         OPS_ERR_IF((kLayout_ == DataLayout::PA_BSND) &&
DEBUG [2026-10-09 18:06:19]       |         ^~~~~~~~~~
DEBUG [2026-10-09 18:06:19] /ws/source/vllm-ascend/csrc/utils/inc/log/inner/dfx_base.h:138:9: note: in expansion of macro ‘OPS_LOG_STUB’
DEBUG [2026-10-09 18:06:19]   138 |         OPS_LOG_STUB(OP, DLOG_ERROR, OPS_DESC, FMT, ##__VA_ARGS__);                                                    \
DEBUG [2026-10-09 18:06:19]       |         ^~~~~~~~~~~~
DEBUG [2026-10-09 18:06:19] /ws/source/vllm-ascend/csrc/utils/inc/log/ops_log.h:24:34: note: in expansion of macro ‘OPS_INNER_ERR_STUB’
DEBUG [2026-10-09 18:06:19]    24 | #define OPS_LOG_E(OPS_DESC, ...) OPS_INNER_ERR_STUB("EZ9999", OPS_DESC, __VA_ARGS__)
DEBUG [2026-10-09 18:06:19]       |                                  ^~~~~~~~~~~~~~~~~~
DEBUG [2026-10-09 18:06:19] /ws/source/vllm-ascend/csrc/attention/lightning_indexer_quant/op_host/lightning_indexer_quant_tiling.cpp:585:20: note: in expansion of macro ‘OPS_LOG_E’
DEBUG [2026-10-09 18:06:19]   585 |                    OPS_LOG_E(opName_,
DEBUG [2026-10-09 18:06:19]       |                    ^~~~~~~~~
DEBUG [2026-10-09 18:06:19] /ws/source/vllm-ascend/csrc/utils/inc/log/inner/dfx_base.h:120:17: warning: format ‘%u’ expects argument of type ‘unsigned int’, but argument 14 has type ‘int64_t’ {aka ‘long int’} [-Wformat=]
DEBUG [2026-10-09 18:06:19]   120 |                 "[%s:%d][%s]%s[%s][%lu] OpName:[%s] " #FMT,                                                     \
DEBUG [2026-10-09 18:06:19] /ws/source/vllm-ascend/csrc/utils/inc/log/inner/dfx_base.h:131:13: note: in definition of macro ‘OPS_LOG_STUB_IF’
DEBUG [2026-10-09 18:06:19]   131 |             LOG_FUNC;                                                                                                  \
DEBUG [2026-10-09 18:06:19]       |             ^~~~~~~~
DEBUG [2026-10-09 18:06:19] /ws/source/vllm-ascend/csrc/attention/lightning_indexer_quant/op_host/lightning_indexer_quant_tiling.cpp:579:9: note: in expansion of macro ‘OPS_ERR_IF’
DEBUG [2026-10-09 18:06:19]   579 |         OPS_ERR_IF((kLayout_ == DataLayout::PA_BSND) &&
DEBUG [2026-10-09 18:06:19]       |         ^~~~~~~~~~
DEBUG [2026-10-09 18:06:19] /ws/source/vllm-ascend/csrc/utils/inc/log/inner/dfx_base.h:138:9: note: in expansion of macro ‘OPS_LOG_STUB’
DEBUG [2026-10-09 18:06:19]   138 |         OPS_LOG_STUB(OP, DLOG_ERROR, OPS_DESC, FMT, ##__VA_ARGS__);                                                    \
DEBUG [2026-10-09 18:06:19]       |         ^~~~~~~~~~~~
DEBUG [2026-10-09 18:06:19] /ws/source/vllm-ascend/csrc/utils/inc/log/ops_log.h:24:34: note: in expansion of macro ‘OPS_INNER_ERR_STUB’
DEBUG [2026-10-09 18:06:19]    24 | #define OPS_LOG_E(OPS_DESC, ...) OPS_INNER_ERR_STUB("EZ9999", OPS_DESC, __VA_ARGS__)
DEBUG [2026-10-09 18:06:19]       |                                  ^~~~~~~~~~~~~~~~~~
DEBUG [2026-10-09 18:06:19] /ws/source/vllm-ascend/csrc/attention/lightning_indexer_quant/op_host/lightning_indexer_quant_tiling.cpp:585:20: note: in expansion of macro ‘OPS_LOG_E’
DEBUG [2026-10-09 18:06:19]   585 |                    OPS_LOG_E(opName_,
DEBUG [2026-10-09 18:06:19]       |                    ^~~~~~~~~
DEBUG [2026-10-09 18:06:19] /ws/source/vllm-ascend/csrc/utils/inc/log/inner/dfx_base.h:120:17: warning: format ‘%u’ expects argument of type ‘unsigned int’, but argument 15 has type ‘int64_t’ {aka ‘long int’} [-Wformat=]
DEBUG [2026-10-09 18:06:19]   120 |                 "[%s:%d][%s]%s[%s][%lu] OpName:[%s] " #FMT,                                                     \
DEBUG [2026-10-09 18:06:19] /ws/source/vllm-ascend/csrc/utils/inc/log/inner/dfx_base.h:131:13: note: in definition of macro ‘OPS_LOG_STUB_IF’
DEBUG [2026-10-09 18:06:19]   131 |             LOG_FUNC;                                                                                                  \
DEBUG [2026-10-09 18:06:19]       |             ^~~~~~~~
DEBUG [2026-10-09 18:06:19] /ws/source/vllm-ascend/csrc/attention/lightning_indexer_quant/op_host/lightning_indexer_quant_tiling.cpp:579:9: note: in expansion of macro ‘OPS_ERR_IF’
DEBUG [2026-10-09 18:06:19]   579 |         OPS_ERR_IF((kLayout_ == DataLayout::PA_BSND) &&
DEBUG [2026-10-09 18:06:19]       |         ^~~~~~~~~~
DEBUG [2026-10-09 18:06:19] /ws/source/vllm-ascend/csrc/utils/inc/log/inner/dfx_base.h:138:9: note: in expansion of macro ‘OPS_LOG_STUB’
DEBUG [2026-10-09 18:06:19]   138 |         OPS_LOG_STUB(OP, DLOG_ERROR, OPS_DESC, FMT, ##__VA_ARGS__);                                                    \
DEBUG [2026-10-09 18:06:19]       |         ^~~~~~~~~~~~
DEBUG [2026-10-09 18:06:19] /ws/source/vllm-ascend/csrc/utils/inc/log/ops_log.h:24:34: note: in expansion of macro ‘OPS_INNER_ERR_STUB’
DEBUG [2026-10-09 18:06:19]    24 | #define OPS_LOG_E(OPS_DESC, ...) OPS_INNER_ERR_STUB("EZ9999", OPS_DESC, __VA_ARGS__)
DEBUG [2026-10-09 18:06:19]       |                                  ^~~~~~~~~~~~~~~~~~
DEBUG [2026-10-09 18:06:19] /ws/source/vllm-ascend/csrc/attention/lightning_indexer_quant/op_host/lightning_indexer_quant_tiling.cpp:585:20: note: in expansion of macro ‘OPS_LOG_E’
DEBUG [2026-10-09 18:06:19]   585 |                    OPS_LOG_E(opName_,
DEBUG [2026-10-09 18:06:19]       |                    ^~~~~~~~~
DEBUG [2026-10-09 18:06:19] /ws/source/vllm-ascend/csrc/utils/inc/log/inner/dfx_base.h:120:17: warning: format ‘%u’ expects argument of type ‘unsigned int’, but argument 16 has type ‘int64_t’ {aka ‘long int’} [-Wformat=]
DEBUG [2026-10-09 18:06:19]   120 |                 "[%s:%d][%s]%s[%s][%lu] OpName:[%s] " #FMT,                                                     \
DEBUG [2026-10-09 18:06:19] /ws/source/vllm-ascend/csrc/utils/inc/log/inner/dfx_base.h:131:13: note: in definition of macro ‘OPS_LOG_STUB_IF’
DEBUG [2026-10-09 18:06:19]   131 |             LOG_FUNC;                                                                                                  \
DEBUG [2026-10-09 18:06:19]       |             ^~~~~~~~
DEBUG [2026-10-09 18:06:19] /ws/source/vllm-ascend/csrc/attention/lightning_indexer_quant/op_host/lightning_indexer_quant_tiling.cpp:579:9: note: in expansion of macro ‘OPS_ERR_IF’
DEBUG [2026-10-09 18:06:19]   579 |         OPS_ERR_IF((kLayout_ == DataLayout::PA_BSND) &&
DEBUG [2026-10-09 18:06:19]       |         ^~~~~~~~~~
DEBUG [2026-10-09 18:06:19] /ws/source/vllm-ascend/csrc/utils/inc/log/inner/dfx_base.h:138:9: note: in expansion of macro ‘OPS_LOG_STUB’
DEBUG [2026-10-09 18:06:19]   138 |         OPS_LOG_STUB(OP, DLOG_ERROR, OPS_DESC, FMT, ##__VA_ARGS__);                                                    \
DEBUG [2026-10-09 18:06:19]       |         ^~~~~~~~~~~~
DEBUG [2026-10-09 18:06:19] /ws/source/vllm-ascend/csrc/utils/inc/log/ops_log.h:24:34: note: in expansion of macro ‘OPS_INNER_ERR_STUB’
DEBUG [2026-10-09 18:06:19]    24 | #define OPS_LOG_E(OPS_DESC, ...) OPS_INNER_ERR_STUB("EZ9999", OPS_DESC, __VA_ARGS__)
DEBUG [2026-10-09 18:06:19]       |                                  ^~~~~~~~~~~~~~~~~~
DEBUG [2026-10-09 18:06:19] /ws/source/vllm-ascend/csrc/attention/lightning_indexer_quant/op_host/lightning_indexer_quant_tiling.cpp:585:20: note: in expansion of macro ‘OPS_LOG_E’
DEBUG [2026-10-09 18:06:19]   585 |                    OPS_LOG_E(opName_,
DEBUG [2026-10-09 18:06:19]       |                    ^~~~~~~~~
DEBUG [2026-10-09 18:06:19] /ws/source/vllm-ascend/csrc/attention/lightning_indexer_quant/op_host/lightning_indexer_quant_tiling.cpp:586:30: warning: format ‘%u’ expects argument of type ‘unsigned int’, but argument 7 has type ‘int64_t’ {aka ‘long int’} [-Wformat=]
DEBUG [2026-10-09 18:06:19]   586 |                              "BSND case input query, weight, actual_seq_lengths_key, block_table, sparse_indices dim 0 are %u, %u, %u, %u, %u respectively, they must be same.",
DEBUG [2026-10-09 18:06:19]   587 |                               bSize_, opParamInfo_.weights.shape->GetStorageShape().GetDim(0),
DEBUG [2026-10-09 18:06:19]       |                                       ~~~~~~~~~~~~~~~~~~~~~~~~~~~~~~~~~~~~~~~~~~~~~~~~~~~~~~~
DEBUG [2026-10-09 18:06:19]       |                                                                                           |
DEBUG [2026-10-09 18:06:19]       |                                                                                           int64_t {aka long int}
DEBUG [2026-10-09 18:06:19] /ws/source/vllm-ascend/csrc/utils/inc/log/inner/dfx_base.h:131:13: note: in definition of macro ‘OPS_LOG_STUB_IF’
DEBUG [2026-10-09 18:06:19]   131 |             LOG_FUNC;                                                                                                  \
DEBUG [2026-10-09 18:06:19]       |             ^~~~~~~~
DEBUG [2026-10-09 18:06:19] /ws/source/vllm-ascend/csrc/attention/lightning_indexer_quant/op_host/lightning_indexer_quant_tiling.cpp:579:9: note: in expansion of macro ‘OPS_ERR_IF’
DEBUG [2026-10-09 18:06:19]   579 |         OPS_ERR_IF((kLayout_ == DataLayout::PA_BSND) &&
DEBUG [2026-10-09 18:06:19]       |         ^~~~~~~~~~
DEBUG [2026-10-09 18:06:19] /ws/source/vllm-ascend/csrc/utils/inc/log/ops_log.h:24:34: note: in expansion of macro ‘OPS_INNER_ERR_STUB’
DEBUG [2026-10-09 18:06:19]    24 | #define OPS_LOG_E(OPS_DESC, ...) OPS_INNER_ERR_STUB("EZ9999", OPS_DESC, __VA_ARGS__)
DEBUG [2026-10-09 18:06:19]       |                                  ^~~~~~~~~~~~~~~~~~
DEBUG [2026-10-09 18:06:19] /ws/source/vllm-ascend/csrc/attention/lightning_indexer_quant/op_host/lightning_indexer_quant_tiling.cpp:585:20: note: in expansion of macro ‘OPS_LOG_E’
DEBUG [2026-10-09 18:06:19]   585 |                    OPS_LOG_E(opName_,
DEBUG [2026-10-09 18:06:19]       |                    ^~~~~~~~~
DEBUG [2026-10-09 18:06:19] /ws/source/vllm-ascend/csrc/attention/lightning_indexer_quant/op_host/lightning_indexer_quant_tiling.cpp:586:30: warning: format ‘%u’ expects argument of type ‘unsigned int’, but argument 8 has type ‘int64_t’ {aka ‘long int’} [-Wformat=]
DEBUG [2026-10-09 18:06:19]   586 |                              "BSND case input query, weight, actual_seq_lengths_key, block_table, sparse_indices dim 0 are %u, %u, %u, %u, %u respectively, they must be same.",
DEBUG [2026-10-09 18:06:19]   587 |                               bSize_, opParamInfo_.weights.shape->GetStorageShape().GetDim(0),
DEBUG [2026-10-09 18:06:19]   588 |                               opParamInfo_.actualSeqLengthsK.tensor->GetShapeSize(),
DEBUG [2026-10-09 18:06:19]       |                               ~~~~~~~~~~~~~~~~~~~~~~~~~~~~~~~~~~~~~~~~~~~~~~~~~~~~~
DEBUG [2026-10-09 18:06:19]       |                                                                                  |
DEBUG [2026-10-09 18:06:19]       |                                                                                  int64_t {aka long int}
DEBUG [2026-10-09 18:06:19] /ws/source/vllm-ascend/csrc/utils/inc/log/inner/dfx_base.h:131:13: note: in definition of macro ‘OPS_LOG_STUB_IF’
DEBUG [2026-10-09 18:06:19]   131 |             LOG_FUNC;                                                                                                  \
DEBUG [2026-10-09 18:06:19]       |             ^~~~~~~~
DEBUG [2026-10-09 18:06:19] /ws/source/vllm-ascend/csrc/attention/lightning_indexer_quant/op_host/lightning_indexer_quant_tiling.cpp:579:9: note: in expansion of macro ‘OPS_ERR_IF’
DEBUG [2026-10-09 18:06:19]   579 |         OPS_ERR_IF((kLayout_ == DataLayout::PA_BSND) &&
DEBUG [2026-10-09 18:06:19]       |         ^~~~~~~~~~
DEBUG [2026-10-09 18:06:19] /ws/source/vllm-ascend/csrc/utils/inc/log/ops_log.h:24:34: note: in expansion of macro ‘OPS_INNER_ERR_STUB’
DEBUG [2026-10-09 18:06:19]    24 | #define OPS_LOG_E(OPS_DESC, ...) OPS_INNER_ERR_STUB("EZ9999", OPS_DESC, __VA_ARGS__)
DEBUG [2026-10-09 18:06:19]       |                                  ^~~~~~~~~~~~~~~~~~
DEBUG [2026-10-09 18:06:19] /ws/source/vllm-ascend/csrc/attention/lightning_indexer_quant/op_host/lightning_indexer_quant_tiling.cpp:585:20: note: in expansion of macro ‘OPS_LOG_E’
DEBUG [2026-10-09 18:06:19]   585 |                    OPS_LOG_E(opName_,
DEBUG [2026-10-09 18:06:19]       |                    ^~~~~~~~~
DEBUG [2026-10-09 18:06:19] /ws/source/vllm-ascend/csrc/attention/lightning_indexer_quant/op_host/lightning_indexer_quant_tiling.cpp:586:30: warning: format ‘%u’ expects argument of type ‘unsigned int’, but argument 9 has type ‘int64_t’ {aka ‘long int’} [-Wformat=]
DEBUG [2026-10-09 18:06:19]   586 |                              "BSND case input query, weight, actual_seq_lengths_key, block_table, sparse_indices dim 0 are %u, %u, %u, %u, %u respectively, they must be same.",
DEBUG [2026-10-09 18:06:19] ......
DEBUG [2026-10-09 18:06:19]   589 |                               opParamInfo_.blockTable.tensor->GetStorageShape().GetDim(0),
DEBUG [2026-10-09 18:06:19]       |                               ~~~~~~~~~~~~~~~~~~~~~~~~~~~~~~~~~~~~~~~~~~~~~~~~~~~~~~~~~~~
DEBUG [2026-10-09 18:06:19]       |                                                                                       |
DEBUG [2026-10-09 18:06:19]       |                                                                                       int64_t {aka long int}
DEBUG [2026-10-09 18:06:19] /ws/source/vllm-ascend/csrc/utils/inc/log/inner/dfx_base.h:131:13: note: in definition of macro ‘OPS_LOG_STUB_IF’
DEBUG [2026-10-09 18:06:19]   131 |             LOG_FUNC;                                                                                                  \
DEBUG [2026-10-09 18:06:19]       |             ^~~~~~~~
DEBUG [2026-10-09 18:06:19] /ws/source/vllm-ascend/csrc/attention/lightning_indexer_quant/op_host/lightning_indexer_quant_tiling.cpp:579:9: note: in expansion of macro ‘OPS_ERR_IF’
DEBUG [2026-10-09 18:06:19]   579 |         OPS_ERR_IF((kLayout_ == DataLayout::PA_BSND) &&
DEBUG [2026-10-09 18:06:19]       |         ^~~~~~~~~~
DEBUG [2026-10-09 18:06:19] /ws/source/vllm-ascend/csrc/utils/inc/log/ops_log.h:24:34: note: in expansion of macro ‘OPS_INNER_ERR_STUB’
DEBUG [2026-10-09 18:06:19]    24 | #define OPS_LOG_E(OPS_DESC, ...) OPS_INNER_ERR_STUB("EZ9999", OPS_DESC, __VA_ARGS__)
DEBUG [2026-10-09 18:06:19]       |                                  ^~~~~~~~~~~~~~~~~~
DEBUG [2026-10-09 18:06:19] /ws/source/vllm-ascend/csrc/attention/lightning_indexer_quant/op_host/lightning_indexer_quant_tiling.cpp:585:20: note: in expansion of macro ‘OPS_LOG_E’
DEBUG [2026-10-09 18:06:19]   585 |                    OPS_LOG_E(opName_,
DEBUG [2026-10-09 18:06:19]       |                    ^~~~~~~~~
DEBUG [2026-10-09 18:06:19] /ws/source/vllm-ascend/csrc/attention/lightning_indexer_quant/op_host/lightning_indexer_quant_tiling.cpp:586:30: warning: format ‘%u’ expects argument of type ‘unsigned int’, but argument 10 has type ‘int64_t’ {aka ‘long int’} [-Wformat=]
DEBUG [2026-10-09 18:06:19]   586 |                              "BSND case input query, weight, actual_seq_lengths_key, block_table, sparse_indices dim 0 are %u, %u, %u, %u, %u respectively, they must be same.",
DEBUG [2026-10-09 18:06:19] ......
DEBUG [2026-10-09 18:06:19]   590 |                               opParamInfo_.attenOut.shape->GetStorageShape().GetDim(0)),
DEBUG [2026-10-09 18:06:19]       |                               ~~~~~~~~~~~~~~~~~~~~~~~~~~~~~~~~~~~~~~~~~~~~~~~~~~~~~~~~
DEBUG [2026-10-09 18:06:19]       |                                                                                    |
DEBUG [2026-10-09 18:06:19]       |                                                                                    int64_t {aka long int}
DEBUG [2026-10-09 18:06:19] /ws/source/vllm-ascend/csrc/utils/inc/log/inner/dfx_base.h:131:13: note: in definition of macro ‘OPS_LOG_STUB_IF’
DEBUG [2026-10-09 18:06:19]   131 |             LOG_FUNC;                                                                                                  \
DEBUG [2026-10-09 18:06:19]       |             ^~~~~~~~
DEBUG [2026-10-09 18:06:19] /ws/source/vllm-ascend/csrc/attention/lightning_indexer_quant/op_host/lightning_indexer_quant_tiling.cpp:579:9: note: in expansion of macro ‘OPS_ERR_IF’
DEBUG [2026-10-09 18:06:19]   579 |         OPS_ERR_IF((kLayout_ == DataLayout::PA_BSND) &&
DEBUG [2026-10-09 18:06:19]       |         ^~~~~~~~~~
DEBUG [2026-10-09 18:06:19] /ws/source/vllm-ascend/csrc/utils/inc/log/ops_log.h:24:34: note: in expansion of macro ‘OPS_INNER_ERR_STUB’
DEBUG [2026-10-09 18:06:19]    24 | #define OPS_LOG_E(OPS_DESC, ...) OPS_INNER_ERR_STUB("EZ9999", OPS_DESC, __VA_ARGS__)
DEBUG [2026-10-09 18:06:19]       |                                  ^~~~~~~~~~~~~~~~~~
DEBUG [2026-10-09 18:06:19] /ws/source/vllm-ascend/csrc/attention/lightning_indexer_quant/op_host/lightning_indexer_quant_tiling.cpp:585:20: note: in expansion of macro ‘OPS_LOG_E’
DEBUG [2026-10-09 18:06:19]   585 |                    OPS_LOG_E(opName_,
DEBUG [2026-10-09 18:06:19]       |                    ^~~~~~~~~
DEBUG [2026-10-09 18:06:19] /ws/source/vllm-ascend/csrc/utils/inc/log/inner/dfx_base.h:120:17: warning: format ‘%u’ expects argument of type ‘unsigned int’, but argument 13 has type ‘int64_t’ {aka ‘long int’} [-Wformat=]
DEBUG [2026-10-09 18:06:19]   120 |                 "[%s:%d][%s]%s[%s][%lu] OpName:[%s] " #FMT,                                                     \
DEBUG [2026-10-09 18:06:19] /ws/source/vllm-ascend/csrc/utils/inc/log/inner/dfx_base.h:131:13: note: in definition of macro ‘OPS_LOG_STUB_IF’
DEBUG [2026-10-09 18:06:19]   131 |             LOG_FUNC;                                                                                                  \
DEBUG [2026-10-09 18:06:19]       |             ^~~~~~~~
DEBUG [2026-10-09 18:06:19] /ws/source/vllm-ascend/csrc/attention/lightning_indexer_quant/op_host/lightning_indexer_quant_tiling.cpp:592:9: note: in expansion of macro ‘OPS_ERR_IF’
DEBUG [2026-10-09 18:06:19]   592 |         OPS_ERR_IF((kLayout_ != DataLayout::PA_BSND) &&
DEBUG [2026-10-09 18:06:19]       |         ^~~~~~~~~~
DEBUG [2026-10-09 18:06:19] /ws/source/vllm-ascend/csrc/utils/inc/log/inner/dfx_base.h:138:9: note: in expansion of macro ‘OPS_LOG_STUB’
DEBUG [2026-10-09 18:06:19]   138 |         OPS_LOG_STUB(OP, DLOG_ERROR, OPS_DESC, FMT, ##__VA_ARGS__);                                                    \
DEBUG [2026-10-09 18:06:19]       |         ^~~~~~~~~~~~
DEBUG [2026-10-09 18:06:19] /ws/source/vllm-ascend/csrc/utils/inc/log/ops_log.h:24:34: note: in expansion of macro ‘OPS_INNER_ERR_STUB’
DEBUG [2026-10-09 18:06:19]    24 | #define OPS_LOG_E(OPS_DESC, ...) OPS_INNER_ERR_STUB("EZ9999", OPS_DESC, __VA_ARGS__)
DEBUG [2026-10-09 18:06:19]       |                                  ^~~~~~~~~~~~~~~~~~
DEBUG [2026-10-09 18:06:19] /ws/source/vllm-ascend/csrc/attention/lightning_indexer_quant/op_host/lightning_indexer_quant_tiling.cpp:597:20: note: in expansion of macro ‘OPS_LOG_E’
DEBUG [2026-10-09 18:06:19]   597 |                    OPS_LOG_E(opName_,
DEBUG [2026-10-09 18:06:19]       |                    ^~~~~~~~~
DEBUG [2026-10-09 18:06:19] /ws/source/vllm-ascend/csrc/utils/inc/log/inner/dfx_base.h:120:17: warning: format ‘%u’ expects argument of type ‘unsigned int’, but argument 14 has type ‘int64_t’ {aka ‘long int’} [-Wformat=]
DEBUG [2026-10-09 18:06:19]   120 |                 "[%s:%d][%s]%s[%s][%lu] OpName:[%s] " #FMT,                                                     \
DEBUG [2026-10-09 18:06:19] /ws/source/vllm-ascend/csrc/utils/inc/log/inner/dfx_base.h:131:13: note: in definition of macro ‘OPS_LOG_STUB_IF’
DEBUG [2026-10-09 18:06:19]   131 |             LOG_FUNC;                                                                                                  \
DEBUG [2026-10-09 18:06:19]       |             ^~~~~~~~
DEBUG [2026-10-09 18:06:19] /ws/source/vllm-ascend/csrc/attention/lightning_indexer_quant/op_host/lightning_indexer_quant_tiling.cpp:592:9: note: in expansion of macro ‘OPS_ERR_IF’
DEBUG [2026-10-09 18:06:19]   592 |         OPS_ERR_IF((kLayout_ != DataLayout::PA_BSND) &&
DEBUG [2026-10-09 18:06:19]       |         ^~~~~~~~~~
DEBUG [2026-10-09 18:06:19] /ws/source/vllm-ascend/csrc/utils/inc/log/inner/dfx_base.h:138:9: note: in expansion of macro ‘OPS_LOG_STUB’
DEBUG [2026-10-09 18:06:19]   138 |         OPS_LOG_STUB(OP, DLOG_ERROR, OPS_DESC, FMT, ##__VA_ARGS__);                                                    \
DEBUG [2026-10-09 18:06:19]       |         ^~~~~~~~~~~~
DEBUG [2026-10-09 18:06:19] /ws/source/vllm-ascend/csrc/utils/inc/log/ops_log.h:24:34: note: in expansion of macro ‘OPS_INNER_ERR_STUB’
DEBUG [2026-10-09 18:06:19]    24 | #define OPS_LOG_E(OPS_DESC, ...) OPS_INNER_ERR_STUB("EZ9999", OPS_DESC, __VA_ARGS__)
DEBUG [2026-10-09 18:06:19]       |                                  ^~~~~~~~~~~~~~~~~~
DEBUG [2026-10-09 18:06:19] /ws/source/vllm-ascend/csrc/attention/lightning_indexer_quant/op_host/lightning_indexer_quant_tiling.cpp:597:20: note: in expansion of macro ‘OPS_LOG_E’
DEBUG [2026-10-09 18:06:19]   597 |                    OPS_LOG_E(opName_,
DEBUG [2026-10-09 18:06:19]       |                    ^~~~~~~~~
DEBUG [2026-10-09 18:06:19] /ws/source/vllm-ascend/csrc/utils/inc/log/inner/dfx_base.h:120:17: warning: format ‘%u’ expects argument of type ‘unsigned int’, but argument 15 has type ‘int64_t’ {aka ‘long int’} [-Wformat=]
DEBUG [2026-10-09 18:06:19]   120 |                 "[%s:%d][%s]%s[%s][%lu] OpName:[%s] " #FMT,                                                     \
DEBUG [2026-10-09 18:06:19] /ws/source/vllm-ascend/csrc/utils/inc/log/inner/dfx_base.h:131:13: note: in definition of macro ‘OPS_LOG_STUB_IF’
DEBUG [2026-10-09 18:06:19]   131 |             LOG_FUNC;                                                                                                  \
DEBUG [2026-10-09 18:06:19]       |             ^~~~~~~~
DEBUG [2026-10-09 18:06:19] /ws/source/vllm-ascend/csrc/attention/lightning_indexer_quant/op_host/lightning_indexer_quant_tiling.cpp:592:9: note: in expansion of macro ‘OPS_ERR_IF’
DEBUG [2026-10-09 18:06:19]   592 |         OPS_ERR_IF((kLayout_ != DataLayout::PA_BSND) &&
DEBUG [2026-10-09 18:06:19]       |         ^~~~~~~~~~
DEBUG [2026-10-09 18:06:19] /ws/source/vllm-ascend/csrc/utils/inc/log/inner/dfx_base.h:138:9: note: in expansion of macro ‘OPS_LOG_STUB’
DEBUG [2026-10-09 18:06:19]   138 |         OPS_LOG_STUB(OP, DLOG_ERROR, OPS_DESC, FMT, ##__VA_ARGS__);                                                    \
DEBUG [2026-10-09 18:06:19]       |         ^~~~~~~~~~~~
DEBUG [2026-10-09 18:06:19] /ws/source/vllm-ascend/csrc/utils/inc/log/ops_log.h:24:34: note: in expansion of macro ‘OPS_INNER_ERR_STUB’
DEBUG [2026-10-09 18:06:19]    24 | #define OPS_LOG_E(OPS_DESC, ...) OPS_INNER_ERR_STUB("EZ9999", OPS_DESC, __VA_ARGS__)
DEBUG [2026-10-09 18:06:19]       |                                  ^~~~~~~~~~~~~~~~~~
DEBUG [2026-10-09 18:06:19] /ws/source/vllm-ascend/csrc/attention/lightning_indexer_quant/op_host/lightning_indexer_quant_tiling.cpp:597:20: note: in expansion of macro ‘OPS_LOG_E’
DEBUG [2026-10-09 18:06:19]   597 |                    OPS_LOG_E(opName_,
DEBUG [2026-10-09 18:06:19]       |                    ^~~~~~~~~
DEBUG [2026-10-09 18:06:19] /ws/source/vllm-ascend/csrc/attention/lightning_indexer_quant/op_host/lightning_indexer_quant_tiling.cpp:598:30: warning: format ‘%u’ expects argument of type ‘unsigned int’, but argument 7 has type ‘int64_t’ {aka ‘long int’} [-Wformat=]
DEBUG [2026-10-09 18:06:19]   598 |                              "BSND case input query, weight, actual_seq_lengths_key, sparse_indices dim 0 are %u, %u, %u, %u respectively, they must be same.",
DEBUG [2026-10-09 18:06:19]   599 |                              bSize_, opParamInfo_.weights.shape->GetStorageShape().GetDim(0),
DEBUG [2026-10-09 18:06:19]       |                                      ~~~~~~~~~~~~~~~~~~~~~~~~~~~~~~~~~~~~~~~~~~~~~~~~~~~~~~~
DEBUG [2026-10-09 18:06:19]       |                                                                                          |
DEBUG [2026-10-09 18:06:19]       |                                                                                          int64_t {aka long int}
DEBUG [2026-10-09 18:06:19] /ws/source/vllm-ascend/csrc/utils/inc/log/inner/dfx_base.h:131:13: note: in definition of macro ‘OPS_LOG_STUB_IF’
DEBUG [2026-10-09 18:06:19]   131 |             LOG_FUNC;                                                                                                  \
DEBUG [2026-10-09 18:06:19]       |             ^~~~~~~~
DEBUG [2026-10-09 18:06:19] /ws/source/vllm-ascend/csrc/attention/lightning_indexer_quant/op_host/lightning_indexer_quant_tiling.cpp:592:9: note: in expansion of macro ‘OPS_ERR_IF’
DEBUG [2026-10-09 18:06:19]   592 |         OPS_ERR_IF((kLayout_ != DataLayout::PA_BSND) &&
DEBUG [2026-10-09 18:06:19]       |         ^~~~~~~~~~
DEBUG [2026-10-09 18:06:19] /ws/source/vllm-ascend/csrc/utils/inc/log/ops_log.h:24:34: note: in expansion of macro ‘OPS_INNER_ERR_STUB’
DEBUG [2026-10-09 18:06:19]    24 | #define OPS_LOG_E(OPS_DESC, ...) OPS_INNER_ERR_STUB("EZ9999", OPS_DESC, __VA_ARGS__)
DEBUG [2026-10-09 18:06:19]       |                                  ^~~~~~~~~~~~~~~~~~
DEBUG [2026-10-09 18:06:19] /ws/source/vllm-ascend/csrc/attention/lightning_indexer_quant/op_host/lightning_indexer_quant_tiling.cpp:597:20: note: in expansion of macro ‘OPS_LOG_E’
DEBUG [2026-10-09 18:06:19]   597 |                    OPS_LOG_E(opName_,
DEBUG [2026-10-09 18:06:19]       |                    ^~~~~~~~~
DEBUG [2026-10-09 18:06:19] /ws/source/vllm-ascend/csrc/attention/lightning_indexer_quant/op_host/lightning_indexer_quant_tiling.cpp:598:30: warning: format ‘%u’ expects argument of type ‘unsigned int’, but argument 8 has type ‘int64_t’ {aka ‘long int’} [-Wformat=]
DEBUG [2026-10-09 18:06:19]   598 |                              "BSND case input query, weight, actual_seq_lengths_key, sparse_indices dim 0 are %u, %u, %u, %u respectively, they must be same.",
DEBUG [2026-10-09 18:06:19]   599 |                              bSize_, opParamInfo_.weights.shape->GetStorageShape().GetDim(0),
DEBUG [2026-10-09 18:06:19]   600 |                              opParamInfo_.actualSeqLengthsK.tensor->GetShapeSize(),
DEBUG [2026-10-09 18:06:19]       |                              ~~~~~~~~~~~~~~~~~~~~~~~~~~~~~~~~~~~~~~~~~~~~~~~~~~~~~
DEBUG [2026-10-09 18:06:19]       |                                                                                 |
DEBUG [2026-10-09 18:06:19]       |                                                                                 int64_t {aka long int}
DEBUG [2026-10-09 18:06:19] /ws/source/vllm-ascend/csrc/utils/inc/log/inner/dfx_base.h:131:13: note: in definition of macro ‘OPS_LOG_STUB_IF’
DEBUG [2026-10-09 18:06:19]   131 |             LOG_FUNC;                                                                                                  \
DEBUG [2026-10-09 18:06:19]       |             ^~~~~~~~
DEBUG [2026-10-09 18:06:19] /ws/source/vllm-ascend/csrc/attention/lightning_indexer_quant/op_host/lightning_indexer_quant_tiling.cpp:592:9: note: in expansion of macro ‘OPS_ERR_IF’
DEBUG [2026-10-09 18:06:19]   592 |         OPS_ERR_IF((kLayout_ != DataLayout::PA_BSND) &&
DEBUG [2026-10-09 18:06:19]       |         ^~~~~~~~~~
DEBUG [2026-10-09 18:06:19] /ws/source/vllm-ascend/csrc/utils/inc/log/ops_log.h:24:34: note: in expansion of macro ‘OPS_INNER_ERR_STUB’
DEBUG [2026-10-09 18:06:19]    24 | #define OPS_LOG_E(OPS_DESC, ...) OPS_INNER_ERR_STUB("EZ9999", OPS_DESC, __VA_ARGS__)
DEBUG [2026-10-09 18:06:19]       |                                  ^~~~~~~~~~~~~~~~~~
DEBUG [2026-10-09 18:06:19] /ws/source/vllm-ascend/csrc/attention/lightning_indexer_quant/op_host/lightning_indexer_quant_tiling.cpp:597:20: note: in expansion of macro ‘OPS_LOG_E’
DEBUG [2026-10-09 18:06:19]   597 |                    OPS_LOG_E(opName_,
DEBUG [2026-10-09 18:06:19]       |                    ^~~~~~~~~
DEBUG [2026-10-09 18:06:19] /ws/source/vllm-ascend/csrc/attention/lightning_indexer_quant/op_host/lightning_indexer_quant_tiling.cpp:598:30: warning: format ‘%u’ expects argument of type ‘unsigned int’, but argument 9 has type ‘int64_t’ {aka ‘long int’} [-Wformat=]
DEBUG [2026-10-09 18:06:19]   598 |                              "BSND case input query, weight, actual_seq_lengths_key, sparse_indices dim 0 are %u, %u, %u, %u respectively, they must be same.",
DEBUG [2026-10-09 18:06:19] ......
DEBUG [2026-10-09 18:06:19]   601 |                              opParamInfo_.attenOut.shape->GetStorageShape().GetDim(0)),
DEBUG [2026-10-09 18:06:19]       |                              ~~~~~~~~~~~~~~~~~~~~~~~~~~~~~~~~~~~~~~~~~~~~~~~~~~~~~~~~
DEBUG [2026-10-09 18:06:19]       |                                                                                   |
DEBUG [2026-10-09 18:06:19]       |                                                                                   int64_t {aka long int}
DEBUG [2026-10-09 18:06:19] /ws/source/vllm-ascend/csrc/utils/inc/log/inner/dfx_base.h:131:13: note: in definition of macro ‘OPS_LOG_STUB_IF’
DEBUG [2026-10-09 18:06:19]   131 |             LOG_FUNC;                                                                                                  \
DEBUG [2026-10-09 18:06:19]       |             ^~~~~~~~
DEBUG [2026-10-09 18:06:19] /ws/source/vllm-ascend/csrc/attention/lightning_indexer_quant/op_host/lightning_indexer_quant_tiling.cpp:592:9: note: in expansion of macro ‘OPS_ERR_IF’
DEBUG [2026-10-09 18:06:19]   592 |         OPS_ERR_IF((kLayout_ != DataLayout::PA_BSND) &&
DEBUG [2026-10-09 18:06:19]       |         ^~~~~~~~~~
DEBUG [2026-10-09 18:06:19] /ws/source/vllm-ascend/csrc/utils/inc/log/ops_log.h:24:34: note: in expansion of macro ‘OPS_INNER_ERR_STUB’
DEBUG [2026-10-09 18:06:19]    24 | #define OPS_LOG_E(OPS_DESC, ...) OPS_INNER_ERR_STUB("EZ9999", OPS_DESC, __VA_ARGS__)
DEBUG [2026-10-09 18:06:19]       |                                  ^~~~~~~~~~~~~~~~~~
DEBUG [2026-10-09 18:06:19] /ws/source/vllm-ascend/csrc/attention/lightning_indexer_quant/op_host/lightning_indexer_quant_tiling.cpp:597:20: note: in expansion of macro ‘OPS_LOG_E’
DEBUG [2026-10-09 18:06:19]   597 |                    OPS_LOG_E(opName_,
DEBUG [2026-10-09 18:06:19]       |                    ^~~~~~~~~
DEBUG [2026-10-09 18:06:19] /ws/source/vllm-ascend/csrc/utils/inc/log/inner/dfx_base.h:120:17: warning: format ‘%u’ expects argument of type ‘unsigned int’, but argument 13 has type ‘int64_t’ {aka ‘long int’} [-Wformat=]
DEBUG [2026-10-09 18:06:19]   120 |                 "[%s:%d][%s]%s[%s][%lu] OpName:[%s] " #FMT,                                                     \
DEBUG [2026-10-09 18:06:19] /ws/source/vllm-ascend/csrc/utils/inc/log/inner/dfx_base.h:131:13: note: in definition of macro ‘OPS_LOG_STUB_IF’
DEBUG [2026-10-09 18:06:19]   131 |             LOG_FUNC;                                                                                                  \
DEBUG [2026-10-09 18:06:19]       |             ^~~~~~~~
DEBUG [2026-10-09 18:06:19] /ws/source/vllm-ascend/csrc/attention/lightning_indexer_quant/op_host/lightning_indexer_quant_tiling.cpp:603:9: note: in expansion of macro ‘OPS_ERR_IF’
DEBUG [2026-10-09 18:06:19]   603 |         OPS_ERR_IF(
DEBUG [2026-10-09 18:06:19]       |         ^~~~~~~~~~
DEBUG [2026-10-09 18:06:19] /ws/source/vllm-ascend/csrc/utils/inc/log/inner/dfx_base.h:138:9: note: in expansion of macro ‘OPS_LOG_STUB’
DEBUG [2026-10-09 18:06:19]   138 |         OPS_LOG_STUB(OP, DLOG_ERROR, OPS_DESC, FMT, ##__VA_ARGS__);                                                    \
DEBUG [2026-10-09 18:06:19]       |         ^~~~~~~~~~~~
DEBUG [2026-10-09 18:06:19] /ws/source/vllm-ascend/csrc/utils/inc/log/ops_log.h:24:34: note: in expansion of macro ‘OPS_INNER_ERR_STUB’
DEBUG [2026-10-09 18:06:19]    24 | #define OPS_LOG_E(OPS_DESC, ...) OPS_INNER_ERR_STUB("EZ9999", OPS_DESC, __VA_ARGS__)
DEBUG [2026-10-09 18:06:19]       |                                  ^~~~~~~~~~~~~~~~~~
DEBUG [2026-10-09 18:06:19] /ws/source/vllm-ascend/csrc/attention/lightning_indexer_quant/op_host/lightning_indexer_quant_tiling.cpp:606:13: note: in expansion of macro ‘OPS_LOG_E’
DEBUG [2026-10-09 18:06:19]   606 |             OPS_LOG_E(
DEBUG [2026-10-09 18:06:19]       |             ^~~~~~~~~
DEBUG [2026-10-09 18:06:19] /ws/source/vllm-ascend/csrc/attention/lightning_indexer_quant/op_host/lightning_indexer_quant_tiling.cpp:608:17: warning: format ‘%u’ expects argument of type ‘unsigned int’, but argument 7 has type ‘int64_t’ {aka ‘long int’} [-Wformat=]
DEBUG [2026-10-09 18:06:19]   608 |                 "BSND case input query, actual_seq_lengths_query dim 0 are %u, %u respectively, they must be same",
DEBUG [2026-10-09 18:06:19]   609 |                 bSize_, opParamInfo_.actualSeqLengthsQ.tensor->GetShapeSize()),
DEBUG [2026-10-09 18:06:19]       |                         ~~~~~~~~~~~~~~~~~~~~~~~~~~~~~~~~~~~~~~~~~~~~~~~~~~~~~
DEBUG [2026-10-09 18:06:19]       |                                                                            |
DEBUG [2026-10-09 18:06:19]       |                                                                            int64_t {aka long int}
DEBUG [2026-10-09 18:06:19] /ws/source/vllm-ascend/csrc/utils/inc/log/inner/dfx_base.h:131:13: note: in definition of macro ‘OPS_LOG_STUB_IF’
DEBUG [2026-10-09 18:06:19]   131 |             LOG_FUNC;                                                                                                  \
DEBUG [2026-10-09 18:06:19]       |             ^~~~~~~~
DEBUG [2026-10-09 18:06:19] /ws/source/vllm-ascend/csrc/attention/lightning_indexer_quant/op_host/lightning_indexer_quant_tiling.cpp:603:9: note: in expansion of macro ‘OPS_ERR_IF’
DEBUG [2026-10-09 18:06:19]   603 |         OPS_ERR_IF(
DEBUG [2026-10-09 18:06:19]       |         ^~~~~~~~~~
DEBUG [2026-10-09 18:06:19] /ws/source/vllm-ascend/csrc/utils/inc/log/ops_log.h:24:34: note: in expansion of macro ‘OPS_INNER_ERR_STUB’
DEBUG [2026-10-09 18:06:19]    24 | #define OPS_LOG_E(OPS_DESC, ...) OPS_INNER_ERR_STUB("EZ9999", OPS_DESC, __VA_ARGS__)
DEBUG [2026-10-09 18:06:19]       |                                  ^~~~~~~~~~~~~~~~~~
DEBUG [2026-10-09 18:06:19] /ws/source/vllm-ascend/csrc/attention/lightning_indexer_quant/op_host/lightning_indexer_quant_tiling.cpp:606:13: note: in expansion of macro ‘OPS_LOG_E’
DEBUG [2026-10-09 18:06:19]   606 |             OPS_LOG_E(
DEBUG [2026-10-09 18:06:19]       |             ^~~~~~~~~
DEBUG [2026-10-09 18:06:19] /ws/source/vllm-ascend/csrc/utils/inc/log/inner/dfx_base.h:120:17: warning: format ‘%u’ expects argument of type ‘unsigned int’, but argument 13 has type ‘int64_t’ {aka ‘long int’} [-Wformat=]
DEBUG [2026-10-09 18:06:19]   120 |                 "[%s:%d][%s]%s[%s][%lu] OpName:[%s] " #FMT,                                                     \
DEBUG [2026-10-09 18:06:19] /ws/source/vllm-ascend/csrc/utils/inc/log/inner/dfx_base.h:131:13: note: in definition of macro ‘OPS_LOG_STUB_IF’
DEBUG [2026-10-09 18:06:19]   131 |             LOG_FUNC;                                                                                                  \
DEBUG [2026-10-09 18:06:19]       |             ^~~~~~~~
DEBUG [2026-10-09 18:06:19] /ws/source/vllm-ascend/csrc/attention/lightning_indexer_quant/op_host/lightning_indexer_quant_tiling.cpp:612:9: note: in expansion of macro ‘OPS_ERR_IF’
DEBUG [2026-10-09 18:06:19]   612 |         OPS_ERR_IF(
DEBUG [2026-10-09 18:06:19]       |         ^~~~~~~~~~
DEBUG [2026-10-09 18:06:19] /ws/source/vllm-ascend/csrc/utils/inc/log/inner/dfx_base.h:138:9: note: in expansion of macro ‘OPS_LOG_STUB’
DEBUG [2026-10-09 18:06:19]   138 |         OPS_LOG_STUB(OP, DLOG_ERROR, OPS_DESC, FMT, ##__VA_ARGS__);                                                    \
DEBUG [2026-10-09 18:06:19]       |         ^~~~~~~~~~~~
DEBUG [2026-10-09 18:06:19] /ws/source/vllm-ascend/csrc/utils/inc/log/ops_log.h:24:34: note: in expansion of macro ‘OPS_INNER_ERR_STUB’
DEBUG [2026-10-09 18:06:19]    24 | #define OPS_LOG_E(OPS_DESC, ...) OPS_INNER_ERR_STUB("EZ9999", OPS_DESC, __VA_ARGS__)
DEBUG [2026-10-09 18:06:19]       |                                  ^~~~~~~~~~~~~~~~~~
DEBUG [2026-10-09 18:06:19] /ws/source/vllm-ascend/csrc/attention/lightning_indexer_quant/op_host/lightning_indexer_quant_tiling.cpp:615:13: note: in expansion of macro ‘OPS_LOG_E’
DEBUG [2026-10-09 18:06:19]   615 |             OPS_LOG_E(opName_, "BSND case input query, weight, sparse_indices dim 1 are %u, %u, %u, they must be same.",
DEBUG [2026-10-09 18:06:19]       |             ^~~~~~~~~
DEBUG [2026-10-09 18:06:19] /ws/source/vllm-ascend/csrc/utils/inc/log/inner/dfx_base.h:120:17: warning: format ‘%u’ expects argument of type ‘unsigned int’, but argument 14 has type ‘int64_t’ {aka ‘long int’} [-Wformat=]
DEBUG [2026-10-09 18:06:19]   120 |                 "[%s:%d][%s]%s[%s][%lu] OpName:[%s] " #FMT,                                                     \
DEBUG [2026-10-09 18:06:19] /ws/source/vllm-ascend/csrc/utils/inc/log/inner/dfx_base.h:131:13: note: in definition of macro ‘OPS_LOG_STUB_IF’
DEBUG [2026-10-09 18:06:19]   131 |             LOG_FUNC;                                                                                                  \
DEBUG [2026-10-09 18:06:19]       |             ^~~~~~~~
DEBUG [2026-10-09 18:06:19] /ws/source/vllm-ascend/csrc/attention/lightning_indexer_quant/op_host/lightning_indexer_quant_tiling.cpp:612:9: note: in expansion of macro ‘OPS_ERR_IF’
DEBUG [2026-10-09 18:06:19]   612 |         OPS_ERR_IF(
DEBUG [2026-10-09 18:06:19]       |         ^~~~~~~~~~
DEBUG [2026-10-09 18:06:19] /ws/source/vllm-ascend/csrc/utils/inc/log/inner/dfx_base.h:138:9: note: in expansion of macro ‘OPS_LOG_STUB’
DEBUG [2026-10-09 18:06:19]   138 |         OPS_LOG_STUB(OP, DLOG_ERROR, OPS_DESC, FMT, ##__VA_ARGS__);                                                    \
DEBUG [2026-10-09 18:06:19]       |         ^~~~~~~~~~~~
DEBUG [2026-10-09 18:06:19] /ws/source/vllm-ascend/csrc/utils/inc/log/ops_log.h:24:34: note: in expansion of macro ‘OPS_INNER_ERR_STUB’
DEBUG [2026-10-09 18:06:19]    24 | #define OPS_LOG_E(OPS_DESC, ...) OPS_INNER_ERR_STUB("EZ9999", OPS_DESC, __VA_ARGS__)
DEBUG [2026-10-09 18:06:19]       |                                  ^~~~~~~~~~~~~~~~~~
DEBUG [2026-10-09 18:06:19] /ws/source/vllm-ascend/csrc/attention/lightning_indexer_quant/op_host/lightning_indexer_quant_tiling.cpp:615:13: note: in expansion of macro ‘OPS_LOG_E’
DEBUG [2026-10-09 18:06:19]   615 |             OPS_LOG_E(opName_, "BSND case input query, weight, sparse_indices dim 1 are %u, %u, %u, they must be same.",
DEBUG [2026-10-09 18:06:19]       |             ^~~~~~~~~
DEBUG [2026-10-09 18:06:19] /ws/source/vllm-ascend/csrc/attention/lightning_indexer_quant/op_host/lightning_indexer_quant_tiling.cpp:615:32: warning: format ‘%u’ expects argument of type ‘unsigned int’, but argument 7 has type ‘int64_t’ {aka ‘long int’} [-Wformat=]
DEBUG [2026-10-09 18:06:19]   615 |             OPS_LOG_E(opName_, "BSND case input query, weight, sparse_indices dim 1 are %u, %u, %u, they must be same.",
DEBUG [2026-10-09 18:06:19]   616 |                       s1Size_, opParamInfo_.weights.shape->GetStorageShape().GetDim(1),
DEBUG [2026-10-09 18:06:19]       |                                ~~~~~~~~~~~~~~~~~~~~~~~~~~~~~~~~~~~~~~~~~~~~~~~~~~~~~~~
DEBUG [2026-10-09 18:06:19]       |                                                                                    |
DEBUG [2026-10-09 18:06:19]       |                                                                                    int64_t {aka long int}
DEBUG [2026-10-09 18:06:19] /ws/source/vllm-ascend/csrc/utils/inc/log/inner/dfx_base.h:131:13: note: in definition of macro ‘OPS_LOG_STUB_IF’
DEBUG [2026-10-09 18:06:19]   131 |             LOG_FUNC;                                                                                                  \
DEBUG [2026-10-09 18:06:19]       |             ^~~~~~~~
DEBUG [2026-10-09 18:06:19] /ws/source/vllm-ascend/csrc/attention/lightning_indexer_quant/op_host/lightning_indexer_quant_tiling.cpp:612:9: note: in expansion of macro ‘OPS_ERR_IF’
DEBUG [2026-10-09 18:06:19]   612 |         OPS_ERR_IF(
DEBUG [2026-10-09 18:06:19]       |         ^~~~~~~~~~
DEBUG [2026-10-09 18:06:19] /ws/source/vllm-ascend/csrc/utils/inc/log/ops_log.h:24:34: note: in expansion of macro ‘OPS_INNER_ERR_STUB’
DEBUG [2026-10-09 18:06:19]    24 | #define OPS_LOG_E(OPS_DESC, ...) OPS_INNER_ERR_STUB("EZ9999", OPS_DESC, __VA_ARGS__)
DEBUG [2026-10-09 18:06:19]       |                                  ^~~~~~~~~~~~~~~~~~
DEBUG [2026-10-09 18:06:19] /ws/source/vllm-ascend/csrc/attention/lightning_indexer_quant/op_host/lightning_indexer_quant_tiling.cpp:615:13: note: in expansion of macro ‘OPS_LOG_E’
DEBUG [2026-10-09 18:06:19]   615 |             OPS_LOG_E(opName_, "BSND case input query, weight, sparse_indices dim 1 are %u, %u, %u, they must be same.",
DEBUG [2026-10-09 18:06:19]       |             ^~~~~~~~~
DEBUG [2026-10-09 18:06:19] /ws/source/vllm-ascend/csrc/attention/lightning_indexer_quant/op_host/lightning_indexer_quant_tiling.cpp:615:32: warning: format ‘%u’ expects argument of type ‘unsigned int’, but argument 8 has type ‘int64_t’ {aka ‘long int’} [-Wformat=]
DEBUG [2026-10-09 18:06:19]   615 |             OPS_LOG_E(opName_, "BSND case input query, weight, sparse_indices dim 1 are %u, %u, %u, they must be same.",
DEBUG [2026-10-09 18:06:19]   616 |                       s1Size_, opParamInfo_.weights.shape->GetStorageShape().GetDim(1),
DEBUG [2026-10-09 18:06:19]   617 |                       opParamInfo_.attenOut.shape->GetStorageShape().GetDim(1)),
DEBUG [2026-10-09 18:06:19]       |                       ~~~~~~~~~~~~~~~~~~~~~~~~~~~~~~~~~~~~~~~~~~~~~~~~~~~~~~~~
DEBUG [2026-10-09 18:06:19]       |                                                                            |
DEBUG [2026-10-09 18:06:19]       |                                                                            int64_t {aka long int}
DEBUG [2026-10-09 18:06:19] /ws/source/vllm-ascend/csrc/utils/inc/log/inner/dfx_base.h:131:13: note: in definition of macro ‘OPS_LOG_STUB_IF’
DEBUG [2026-10-09 18:06:19]   131 |             LOG_FUNC;                                                                                                  \
DEBUG [2026-10-09 18:06:19]       |             ^~~~~~~~
DEBUG [2026-10-09 18:06:19] /ws/source/vllm-ascend/csrc/attention/lightning_indexer_quant/op_host/lightning_indexer_quant_tiling.cpp:612:9: note: in expansion of macro ‘OPS_ERR_IF’
DEBUG [2026-10-09 18:06:19]   612 |         OPS_ERR_IF(
DEBUG [2026-10-09 18:06:19]       |         ^~~~~~~~~~
DEBUG [2026-10-09 18:06:19] /ws/source/vllm-ascend/csrc/utils/inc/log/ops_log.h:24:34: note: in expansion of macro ‘OPS_INNER_ERR_STUB’
DEBUG [2026-10-09 18:06:19]    24 | #define OPS_LOG_E(OPS_DESC, ...) OPS_INNER_ERR_STUB("EZ9999", OPS_DESC, __VA_ARGS__)
DEBUG [2026-10-09 18:06:19]       |                                  ^~~~~~~~~~~~~~~~~~
DEBUG [2026-10-09 18:06:19] /ws/source/vllm-ascend/csrc/attention/lightning_indexer_quant/op_host/lightning_indexer_quant_tiling.cpp:615:13: note: in expansion of macro ‘OPS_LOG_E’
DEBUG [2026-10-09 18:06:19]   615 |             OPS_LOG_E(opName_, "BSND case input query, weight, sparse_indices dim 1 are %u, %u, %u, they must be same.",
DEBUG [2026-10-09 18:06:19]       |             ^~~~~~~~~
DEBUG [2026-10-09 18:06:19] /ws/source/vllm-ascend/csrc/utils/inc/log/inner/dfx_base.h:120:17: warning: format ‘%u’ expects argument of type ‘unsigned int’, but argument 12 has type ‘int64_t’ {aka ‘long int’} [-Wformat=]
DEBUG [2026-10-09 18:06:19]   120 |                 "[%s:%d][%s]%s[%s][%lu] OpName:[%s] " #FMT,                                                     \
DEBUG [2026-10-09 18:06:19] /ws/source/vllm-ascend/csrc/utils/inc/log/inner/dfx_base.h:131:13: note: in definition of macro ‘OPS_LOG_STUB_IF’
DEBUG [2026-10-09 18:06:19]   131 |             LOG_FUNC;                                                                                                  \
DEBUG [2026-10-09 18:06:19]       |             ^~~~~~~~
DEBUG [2026-10-09 18:06:19] /ws/source/vllm-ascend/csrc/attention/lightning_indexer_quant/op_host/lightning_indexer_quant_tiling.cpp:623:5: note: in expansion of macro ‘OPS_ERR_IF’
DEBUG [2026-10-09 18:06:19]   623 |     OPS_ERR_IF((opParamInfo_.weights.shape->GetStorageShape().GetDim(queryWeightsN1Dim) != n1Size_),
DEBUG [2026-10-09 18:06:19]       |     ^~~~~~~~~~
DEBUG [2026-10-09 18:06:19] /ws/source/vllm-ascend/csrc/utils/inc/log/inner/dfx_base.h:138:9: note: in expansion of macro ‘OPS_LOG_STUB’
DEBUG [2026-10-09 18:06:19]   138 |         OPS_LOG_STUB(OP, DLOG_ERROR, OPS_DESC, FMT, ##__VA_ARGS__);                                                    \
DEBUG [2026-10-09 18:06:19]       |         ^~~~~~~~~~~~
DEBUG [2026-10-09 18:06:19] /ws/source/vllm-ascend/csrc/utils/inc/log/ops_log.h:24:34: note: in expansion of macro ‘OPS_INNER_ERR_STUB’
DEBUG [2026-10-09 18:06:19]    24 | #define OPS_LOG_E(OPS_DESC, ...) OPS_INNER_ERR_STUB("EZ9999", OPS_DESC, __VA_ARGS__)
DEBUG [2026-10-09 18:06:19]       |                                  ^~~~~~~~~~~~~~~~~~
DEBUG [2026-10-09 18:06:19] /ws/source/vllm-ascend/csrc/attention/lightning_indexer_quant/op_host/lightning_indexer_quant_tiling.cpp:624:16: note: in expansion of macro ‘OPS_LOG_E’
DEBUG [2026-10-09 18:06:19]   624 |                OPS_LOG_E(opName_, "input query, weight shape dim N1 must be same, but now are %u, %u respectively.",
DEBUG [2026-10-09 18:06:19]       |                ^~~~~~~~~
DEBUG [2026-10-09 18:06:19] /ws/source/vllm-ascend/csrc/attention/lightning_indexer_quant/op_host/lightning_indexer_quant_tiling.cpp:624:35: warning: format ‘%u’ expects argument of type ‘unsigned int’, but argument 6 has type ‘int64_t’ {aka ‘long int’} [-Wformat=]
DEBUG [2026-10-09 18:06:19]   624 |                OPS_LOG_E(opName_, "input query, weight shape dim N1 must be same, but now are %u, %u respectively.",
DEBUG [2026-10-09 18:06:19]   625 |                          opParamInfo_.weights.shape->GetStorageShape().GetDim(queryWeightsN1Dim), n1Size_),
DEBUG [2026-10-09 18:06:19]       |                          ~~~~~~~~~~~~~~~~~~~~~~~~~~~~~~~~~~~~~~~~~~~~~~~~~~~~~~~~~~~~~~~~~~~~~~~
DEBUG [2026-10-09 18:06:19]       |                                                                              |
DEBUG [2026-10-09 18:06:19]       |                                                                              int64_t {aka long int}
DEBUG [2026-10-09 18:06:19] /ws/source/vllm-ascend/csrc/utils/inc/log/inner/dfx_base.h:131:13: note: in definition of macro ‘OPS_LOG_STUB_IF’
DEBUG [2026-10-09 18:06:19]   131 |             LOG_FUNC;                                                                                                  \
DEBUG [2026-10-09 18:06:19]       |             ^~~~~~~~
DEBUG [2026-10-09 18:06:19] /ws/source/vllm-ascend/csrc/attention/lightning_indexer_quant/op_host/lightning_indexer_quant_tiling.cpp:623:5: note: in expansion of macro ‘OPS_ERR_IF’
DEBUG [2026-10-09 18:06:19]   623 |     OPS_ERR_IF((opParamInfo_.weights.shape->GetStorageShape().GetDim(queryWeightsN1Dim) != n1Size_),
DEBUG [2026-10-09 18:06:19]       |     ^~~~~~~~~~
DEBUG [2026-10-09 18:06:19] /ws/source/vllm-ascend/csrc/utils/inc/log/ops_log.h:24:34: note: in expansion of macro ‘OPS_INNER_ERR_STUB’
DEBUG [2026-10-09 18:06:19]    24 | #define OPS_LOG_E(OPS_DESC, ...) OPS_INNER_ERR_STUB("EZ9999", OPS_DESC, __VA_ARGS__)
DEBUG [2026-10-09 18:06:19]       |                                  ^~~~~~~~~~~~~~~~~~
DEBUG [2026-10-09 18:06:19] /ws/source/vllm-ascend/csrc/attention/lightning_indexer_quant/op_host/lightning_indexer_quant_tiling.cpp:624:16: note: in expansion of macro ‘OPS_LOG_E’
DEBUG [2026-10-09 18:06:19]   624 |                OPS_LOG_E(opName_, "input query, weight shape dim N1 must be same, but now are %u, %u respectively.",
DEBUG [2026-10-09 18:06:19]       |                ^~~~~~~~~
DEBUG [2026-10-09 18:06:19] /ws/source/vllm-ascend/csrc/utils/inc/log/inner/dfx_base.h:120:17: warning: format ‘%u’ expects argument of type ‘unsigned int’, but argument 13 has type ‘int64_t’ {aka ‘long int’} [-Wformat=]
DEBUG [2026-10-09 18:06:19]   120 |                 "[%s:%d][%s]%s[%s][%lu] OpName:[%s] " #FMT,                                                     \
DEBUG [2026-10-09 18:06:19] /ws/source/vllm-ascend/csrc/utils/inc/log/inner/dfx_base.h:131:13: note: in definition of macro ‘OPS_LOG_STUB_IF’
DEBUG [2026-10-09 18:06:19]   131 |             LOG_FUNC;                                                                                                  \
DEBUG [2026-10-09 18:06:19]       |             ^~~~~~~~
DEBUG [2026-10-09 18:06:19] /ws/source/vllm-ascend/csrc/attention/lightning_indexer_quant/op_host/lightning_indexer_quant_tiling.cpp:628:5: note: in expansion of macro ‘OPS_ERR_IF’
DEBUG [2026-10-09 18:06:19]   628 |     OPS_ERR_IF(
DEBUG [2026-10-09 18:06:19]       |     ^~~~~~~~~~
DEBUG [2026-10-09 18:06:19] /ws/source/vllm-ascend/csrc/utils/inc/log/inner/dfx_base.h:138:9: note: in expansion of macro ‘OPS_LOG_STUB’
DEBUG [2026-10-09 18:06:19]   138 |         OPS_LOG_STUB(OP, DLOG_ERROR, OPS_DESC, FMT, ##__VA_ARGS__);                                                    \
DEBUG [2026-10-09 18:06:19]       |         ^~~~~~~~~~~~
DEBUG [2026-10-09 18:06:19] /ws/source/vllm-ascend/csrc/utils/inc/log/ops_log.h:24:34: note: in expansion of macro ‘OPS_INNER_ERR_STUB’
DEBUG [2026-10-09 18:06:19]    24 | #define OPS_LOG_E(OPS_DESC, ...) OPS_INNER_ERR_STUB("EZ9999", OPS_DESC, __VA_ARGS__)
DEBUG [2026-10-09 18:06:19]       |                                  ^~~~~~~~~~~~~~~~~~
DEBUG [2026-10-09 18:06:19] /ws/source/vllm-ascend/csrc/attention/lightning_indexer_quant/op_host/lightning_indexer_quant_tiling.cpp:631:17: note: in expansion of macro ‘OPS_LOG_E’
DEBUG [2026-10-09 18:06:19]   631 |                 OPS_LOG_E(opName_, "input query, key shape last dim must be same, now are %u, %u respectively.",
DEBUG [2026-10-09 18:06:19]       |                 ^~~~~~~~~
DEBUG [2026-10-09 18:06:19] /ws/source/vllm-ascend/csrc/attention/lightning_indexer_quant/op_host/lightning_indexer_quant_tiling.cpp:631:36: warning: format ‘%u’ expects argument of type ‘unsigned int’, but argument 7 has type ‘int64_t’ {aka ‘long int’} [-Wformat=]
DEBUG [2026-10-09 18:06:19]   631 |                 OPS_LOG_E(opName_, "input query, key shape last dim must be same, now are %u, %u respectively.",
DEBUG [2026-10-09 18:06:19]   632 |                           headDim_, opParamInfo_.key.shape->GetStorageShape().GetDim(DIM_IDX_THREE)),
DEBUG [2026-10-09 18:06:19]       |                                     ~~~~~~~~~~~~~~~~~~~~~~~~~~~~~~~~~~~~~~~~~~~~~~~~~~~~~~~~~~~~~~~
DEBUG [2026-10-09 18:06:19]       |                                                                                     |
DEBUG [2026-10-09 18:06:19]       |                                                                                     int64_t {aka long int}
DEBUG [2026-10-09 18:06:19] /ws/source/vllm-ascend/csrc/utils/inc/log/inner/dfx_base.h:131:13: note: in definition of macro ‘OPS_LOG_STUB_IF’
DEBUG [2026-10-09 18:06:19]   131 |             LOG_FUNC;                                                                                                  \
DEBUG [2026-10-09 18:06:19]       |             ^~~~~~~~
DEBUG [2026-10-09 18:06:19] /ws/source/vllm-ascend/csrc/attention/lightning_indexer_quant/op_host/lightning_indexer_quant_tiling.cpp:628:5: note: in expansion of macro ‘OPS_ERR_IF’
DEBUG [2026-10-09 18:06:19]   628 |     OPS_ERR_IF(
DEBUG [2026-10-09 18:06:19]       |     ^~~~~~~~~~
DEBUG [2026-10-09 18:06:19] /ws/source/vllm-ascend/csrc/utils/inc/log/ops_log.h:24:34: note: in expansion of macro ‘OPS_INNER_ERR_STUB’
DEBUG [2026-10-09 18:06:19]    24 | #define OPS_LOG_E(OPS_DESC, ...) OPS_INNER_ERR_STUB("EZ9999", OPS_DESC, __VA_ARGS__)
DEBUG [2026-10-09 18:06:19]       |                                  ^~~~~~~~~~~~~~~~~~
DEBUG [2026-10-09 18:06:19] /ws/source/vllm-ascend/csrc/attention/lightning_indexer_quant/op_host/lightning_indexer_quant_tiling.cpp:631:17: note: in expansion of macro ‘OPS_LOG_E’
DEBUG [2026-10-09 18:06:19]   631 |                 OPS_LOG_E(opName_, "input query, key shape last dim must be same, now are %u, %u respectively.",
DEBUG [2026-10-09 18:06:19]       |                 ^~~~~~~~~
DEBUG [2026-10-09 18:06:19] [28/69] Building CXX object gmm/grouped_matmul_swiglu_quant/op_host/CMakeFiles/ophost_transformer_tiling_obj.dir/__/__/__/attention/compressor/op_host/arch32/compressor_tiling.cpp.o
DEBUG [2026-10-09 18:06:19] In file included from /ws/source/vllm-ascend/csrc/common/include/err/ops_err.h:19,
DEBUG [2026-10-09 18:06:19]                  from /ws/source/vllm-ascend/csrc/attention/compressor/op_host/arch32/compressor_tiling.cpp:22:
DEBUG [2026-10-09 18:06:19] /usr/local/Ascend/cann-9.1.0/aarch64-linux/include/op_common/log/log.h:45:9: warning: redundant redeclaration of ‘int32_t CheckLogLevel(int32_t, int32_t)’ in same scope [-Wredundant-decls]
DEBUG [2026-10-09 18:06:19]    45 | int32_t CheckLogLevel(int32_t moduleId, int32_t logLevel);
DEBUG [2026-10-09 18:06:19]       |         ^~~~~~~~~~~~~
DEBUG [2026-10-09 18:06:19] In file included from <command-line>:
DEBUG [2026-10-09 18:06:19] /ws/source/vllm-ascend/csrc/common/include/cann_compat.h:24:9: note: previous declaration of ‘int32_t CheckLogLevel(int32_t, int32_t)’
DEBUG [2026-10-09 18:06:19]    24 | int32_t CheckLogLevel(int32_t moduleId, int32_t logLevel);
DEBUG [2026-10-09 18:06:19]       |         ^~~~~~~~~~~~~
DEBUG [2026-10-09 18:06:19] /usr/local/Ascend/cann-9.1.0/aarch64-linux/include/op_common/log/log.h:46:6: warning: redundant redeclaration of ‘void DlogRecord(int32_t, int32_t, const char*, ...)’ in same scope [-Wredundant-decls]
DEBUG [2026-10-09 18:06:19]    46 | void DlogRecord(int32_t moduleId, int32_t level, const char* fmt, ...);
DEBUG [2026-10-09 18:06:19]       |      ^~~~~~~~~~
DEBUG [2026-10-09 18:06:19] /ws/source/vllm-ascend/csrc/common/include/cann_compat.h:25:6: note: previous declaration of ‘void DlogRecord(int32_t, int32_t, const char*, ...)’
DEBUG [2026-10-09 18:06:19]    25 | void DlogRecord(int32_t moduleId, int32_t level, const char *fmt, ...);
DEBUG [2026-10-09 18:06:19]       |      ^~~~~~~~~~
DEBUG [2026-10-09 18:06:19] In file included from /ws/source/vllm-ascend/csrc/attention/compressor/op_host/arch32/compressor_tiling.h:31,
DEBUG [2026-10-09 18:06:19]                  from /ws/source/vllm-ascend/csrc/attention/compressor/op_host/arch32/compressor_tiling.cpp:24:
DEBUG [2026-10-09 18:06:19] /ws/source/vllm-ascend/csrc/attention/compressor/op_host/arch32/../../op_kernel/arch32/compressor_tiling_data.h:45:25: warning: conversion from ‘double’ to ‘float’ changes value from ‘9.9999999999999995e-7’ to ‘9.99999997e-7f’ [-Wfloat-conversion]
DEBUG [2026-10-09 18:06:19]    45 |         float normEps = 1e-6;               // RMSNorm eps
DEBUG [2026-10-09 18:06:19]       |                         ^~~~
DEBUG [2026-10-09 18:06:19] /ws/source/vllm-ascend/csrc/attention/compressor/op_host/arch32/compressor_tiling.cpp: In member function ‘ge::graphStatus optiling::CompressorTiling::SetBaseInfo()’:
DEBUG [2026-10-09 18:06:19] /ws/source/vllm-ascend/csrc/attention/compressor/op_host/arch32/compressor_tiling.cpp:150:36: warning: conversion from ‘double’ to ‘float’ may change value [-Wfloat-conversion]
DEBUG [2026-10-09 18:06:19]   150 |     baseParams_->reciprocalD = 1.0 / baseParams_->headDim;
DEBUG [2026-10-09 18:06:19]       |                                ~~~~^~~~~~~~~~~~~~~~~~~~~~
DEBUG [2026-10-09 18:06:19] /ws/source/vllm-ascend/csrc/attention/compressor/op_host/arch32/compressor_tiling.cpp: In member function ‘ge::graphStatus optiling::CompressorTiling::CheckEmptyTensor() const’:
DEBUG [2026-10-09 18:06:19] /ws/source/vllm-ascend/csrc/attention/compressor/op_host/arch32/compressor_tiling.cpp:283:52: warning: suggest parentheses around ‘&&’ within ‘||’ [-Wparentheses]
DEBUG [2026-10-09 18:06:19]   283 |     if (context_->layout == LayoutType::LAYOUT_BSH &&
DEBUG [2026-10-09 18:06:19]       |         ~~~~~~~~~~~~~~~~~~~~~~~~~~~~~~~~~~~~~~~~~~~^~
DEBUG [2026-10-09 18:06:19]   284 |             context_->x.shape->GetStorageShape().GetDim(COMPRESSOR_DIM_INDEX_0) == 0 ||
DEBUG [2026-10-09 18:06:19]       |             ~~~~~~~~~~~~~~~~~~~~~~~~~~~~~~~~~~~~~~~~~~~~~~~~~~~~~~~~~~~~~~~~~~~~~~~~
DEBUG [2026-10-09 18:06:19] /ws/source/vllm-ascend/csrc/attention/compressor/op_host/arch32/compressor_tiling.cpp:287:51: warning: suggest parentheses around ‘&&’ within ‘||’ [-Wparentheses]
DEBUG [2026-10-09 18:06:19]   287 |         context_->layout == LayoutType::LAYOUT_TH &&
DEBUG [2026-10-09 18:06:19]       |         ~~~~~~~~~~~~~~~~~~~~~~~~~~~~~~~~~~~~~~~~~~^~
DEBUG [2026-10-09 18:06:19]   288 |             context_->x.shape->GetStorageShape().GetDim(COMPRESSOR_DIM_INDEX_0) == 0) {
DEBUG [2026-10-09 18:06:19]       |             ~~~~~~~~~~~~~~~~~~~~~~~~~~~~~~~~~~~~~~~~~~~~~~~~~~~~~~~~~~~~~~~~~~~~~~~~
DEBUG [2026-10-09 18:06:19] /ws/source/vllm-ascend/csrc/attention/compressor/op_host/arch32/compressor_tiling.cpp: In member function ‘ge::graphStatus optiling::CompressorTiling::CheckDimNumInLayoutSupport(const std::string&, const gert::StorageShape*, const std::string&) const’:
DEBUG [2026-10-09 18:06:19] /ws/source/vllm-ascend/csrc/attention/compressor/op_host/arch32/compressor_tiling.cpp:479:43: warning: format ‘%zu’ expects argument of type ‘size_t’, but argument 8 has type ‘unsigned int’ [-Wformat=]
DEBUG [2026-10-09 18:06:19]   479 |                 OP_LOGE(context_->opName, "When layout is %s, %s dimension should be %zu, but it's %zu", layout.c_str(),
DEBUG [2026-10-09 18:06:19]   480 |                         name.c_str(), dimIt->second, shape->GetStorageShape().GetDimNum()),
DEBUG [2026-10-09 18:06:19]       |                                       ~~~~~~~~~~~~~
DEBUG [2026-10-09 18:06:19]       |                                              |
DEBUG [2026-10-09 18:06:19]       |                                              unsigned int
DEBUG [2026-10-09 18:06:19] /usr/local/Ascend/cann-9.1.0/aarch64-linux/include/op_common/log/log.h:1130:13: note: in definition of macro ‘OP_CHECK_IF’
DEBUG [2026-10-09 18:06:19]  1130 |             log;                                 \
DEBUG [2026-10-09 18:06:19]       |             ^~~
DEBUG [2026-10-09 18:06:19] /ws/source/vllm-ascend/csrc/attention/compressor/op_host/arch32/compressor_tiling.cpp:479:17: note: in expansion of macro ‘OP_LOGE’
DEBUG [2026-10-09 18:06:19]   479 |                 OP_LOGE(context_->opName, "When layout is %s, %s dimension should be %zu, but it's %zu", layout.c_str(),
DEBUG [2026-10-09 18:06:19]       |                 ^~~~~~~
DEBUG [2026-10-09 18:06:19] /ws/source/vllm-ascend/csrc/attention/compressor/op_host/arch32/compressor_tiling.cpp: In member function ‘ge::graphStatus optiling::CompressorTiling::CheckFeature() const’:
DEBUG [2026-10-09 18:06:19] /ws/source/vllm-ascend/csrc/attention/compressor/op_host/arch32/compressor_tiling.cpp:819:25: warning: format ‘%u’ expects argument of type ‘unsigned int’, but argument 6 has type ‘uint64_t’ {aka ‘long unsigned int’} [-Wformat=]
DEBUG [2026-10-09 18:06:19]   819 |                         "state_cache first axis stride should not be less than the contiguous stride %u, but got %u",
DEBUG [2026-10-09 18:06:19]   820 |                         cacheStride, baseParams_->stateCacheStrideDim0),
DEBUG [2026-10-09 18:06:19]       |                         ~~~~~~~~~~~
DEBUG [2026-10-09 18:06:19]       |                         |
DEBUG [2026-10-09 18:06:19]       |                         uint64_t {aka long unsigned int}
DEBUG [2026-10-09 18:06:19] /usr/local/Ascend/cann-9.1.0/aarch64-linux/include/op_common/log/log.h:1130:13: note: in definition of macro ‘OP_CHECK_IF’
DEBUG [2026-10-09 18:06:19]  1130 |             log;                                 \
DEBUG [2026-10-09 18:06:19]       |             ^~~
DEBUG [2026-10-09 18:06:19] /ws/source/vllm-ascend/csrc/attention/compressor/op_host/arch32/compressor_tiling.cpp:818:17: note: in expansion of macro ‘OP_LOGE’
DEBUG [2026-10-09 18:06:19]   818 |                 OP_LOGE(context_->opName,
DEBUG [2026-10-09 18:06:19]       |                 ^~~~~~~
DEBUG [2026-10-09 18:06:19] /ws/source/vllm-ascend/csrc/attention/compressor/op_host/arch32/compressor_tiling.cpp:819:25: warning: format ‘%u’ expects argument of type ‘unsigned int’, but argument 7 has type ‘uint64_t’ {aka ‘long unsigned int’} [-Wformat=]
DEBUG [2026-10-09 18:06:19]   819 |                         "state_cache first axis stride should not be less than the contiguous stride %u, but got %u",
DEBUG [2026-10-09 18:06:19]   820 |                         cacheStride, baseParams_->stateCacheStrideDim0),
DEBUG [2026-10-09 18:06:19]       |                                      ~~~~~~~~~~~~~~~~~~~~~~~~~~~~~~~~~
DEBUG [2026-10-09 18:06:19]       |                                                   |
DEBUG [2026-10-09 18:06:19]       |                                                   uint64_t {aka long unsigned int}
DEBUG [2026-10-09 18:06:19] /usr/local/Ascend/cann-9.1.0/aarch64-linux/include/op_common/log/log.h:1130:13: note: in definition of macro ‘OP_CHECK_IF’
DEBUG [2026-10-09 18:06:19]  1130 |             log;                                 \
DEBUG [2026-10-09 18:06:19]       |             ^~~
DEBUG [2026-10-09 18:06:19] /ws/source/vllm-ascend/csrc/attention/compressor/op_host/arch32/compressor_tiling.cpp:818:17: note: in expansion of macro ‘OP_LOGE’
DEBUG [2026-10-09 18:06:19]   818 |                 OP_LOGE(context_->opName,
DEBUG [2026-10-09 18:06:19]       |                 ^~~~~~~
DEBUG [2026-10-09 18:06:19] /ws/source/vllm-ascend/csrc/attention/compressor/op_host/arch32/compressor_tiling.cpp: In member function ‘ge::graphStatus optiling::CompressorTiling::CheckDimNumConsistency() const’:
DEBUG [2026-10-09 18:06:19] /ws/source/vllm-ascend/csrc/attention/compressor/op_host/arch32/compressor_tiling.cpp:944:43: warning: format ‘%u’ expects argument of type ‘unsigned int’, but argument 6 has type ‘long unsigned int’ [-Wformat=]
DEBUG [2026-10-09 18:06:19]   944 |                 OP_LOGE(context_->opName, "ropeSin dim num should be equal to x: %u, but got %u", xDimNum,
DEBUG [2026-10-09 18:06:19]       |                                                                                                   ~~~~~~~
DEBUG [2026-10-09 18:06:19]       |                                                                                                   |
DEBUG [2026-10-09 18:06:19]       |                                                                                                   long unsigned int
DEBUG [2026-10-09 18:06:19] /usr/local/Ascend/cann-9.1.0/aarch64-linux/include/op_common/log/log.h:1130:13: note: in definition of macro ‘OP_CHECK_IF’
DEBUG [2026-10-09 18:06:19]  1130 |             log;                                 \
DEBUG [2026-10-09 18:06:19]       |             ^~~
DEBUG [2026-10-09 18:06:19] /ws/source/vllm-ascend/csrc/attention/compressor/op_host/arch32/compressor_tiling.cpp:944:17: note: in expansion of macro ‘OP_LOGE’
DEBUG [2026-10-09 18:06:19]   944 |                 OP_LOGE(context_->opName, "ropeSin dim num should be equal to x: %u, but got %u", xDimNum,
DEBUG [2026-10-09 18:06:19]       |                 ^~~~~~~
DEBUG [2026-10-09 18:06:19] /ws/source/vllm-ascend/csrc/attention/compressor/op_host/arch32/compressor_tiling.cpp:944:43: warning: format ‘%u’ expects argument of type ‘unsigned int’, but argument 7 has type ‘size_t’ {aka ‘long unsigned int’} [-Wformat=]
DEBUG [2026-10-09 18:06:19]   944 |                 OP_LOGE(context_->opName, "ropeSin dim num should be equal to x: %u, but got %u", xDimNum,
DEBUG [2026-10-09 18:06:19]   945 |                         context_->ropeSin.shape->GetStorageShape().GetDimNum()),
DEBUG [2026-10-09 18:06:19]       |                         ~~~~~~~~~~~~~~~~~~~~~~~~~~~~~~~~~~~~~~~~~~~~~~~~~~~~~~
DEBUG [2026-10-09 18:06:19]       |                                                                             |
DEBUG [2026-10-09 18:06:19]       |                                                                             size_t {aka long unsigned int}
DEBUG [2026-10-09 18:06:19] /usr/local/Ascend/cann-9.1.0/aarch64-linux/include/op_common/log/log.h:1130:13: note: in definition of macro ‘OP_CHECK_IF’
DEBUG [2026-10-09 18:06:19]  1130 |             log;                                 \
DEBUG [2026-10-09 18:06:19]       |             ^~~
DEBUG [2026-10-09 18:06:19] /ws/source/vllm-ascend/csrc/attention/compressor/op_host/arch32/compressor_tiling.cpp:944:17: note: in expansion of macro ‘OP_LOGE’
DEBUG [2026-10-09 18:06:19]   944 |                 OP_LOGE(context_->opName, "ropeSin dim num should be equal to x: %u, but got %u", xDimNum,
DEBUG [2026-10-09 18:06:19]       |                 ^~~~~~~
DEBUG [2026-10-09 18:06:19] /ws/source/vllm-ascend/csrc/attention/compressor/op_host/arch32/compressor_tiling.cpp:948:43: warning: format ‘%u’ expects argument of type ‘unsigned int’, but argument 6 has type ‘long unsigned int’ [-Wformat=]
DEBUG [2026-10-09 18:06:19]   948 |                 OP_LOGE(context_->opName, "ropeCos dim num should be equal to x: %u, but got %u", xDimNum,
DEBUG [2026-10-09 18:06:19]       |                                                                                                   ~~~~~~~
DEBUG [2026-10-09 18:06:19]       |                                                                                                   |
DEBUG [2026-10-09 18:06:19]       |                                                                                                   long unsigned int
DEBUG [2026-10-09 18:06:19] /usr/local/Ascend/cann-9.1.0/aarch64-linux/include/op_common/log/log.h:1130:13: note: in definition of macro ‘OP_CHECK_IF’
DEBUG [2026-10-09 18:06:19]  1130 |             log;                                 \
DEBUG [2026-10-09 18:06:19]       |             ^~~
DEBUG [2026-10-09 18:06:19] /ws/source/vllm-ascend/csrc/attention/compressor/op_host/arch32/compressor_tiling.cpp:948:17: note: in expansion of macro ‘OP_LOGE’
DEBUG [2026-10-09 18:06:19]   948 |                 OP_LOGE(context_->opName, "ropeCos dim num should be equal to x: %u, but got %u", xDimNum,
DEBUG [2026-10-09 18:06:19]       |                 ^~~~~~~
DEBUG [2026-10-09 18:06:19] /ws/source/vllm-ascend/csrc/attention/compressor/op_host/arch32/compressor_tiling.cpp:948:43: warning: format ‘%u’ expects argument of type ‘unsigned int’, but argument 7 has type ‘size_t’ {aka ‘long unsigned int’} [-Wformat=]
DEBUG [2026-10-09 18:06:19]   948 |                 OP_LOGE(context_->opName, "ropeCos dim num should be equal to x: %u, but got %u", xDimNum,
DEBUG [2026-10-09 18:06:19]   949 |                         context_->ropeCos.shape->GetStorageShape().GetDimNum()),
DEBUG [2026-10-09 18:06:19]       |                         ~~~~~~~~~~~~~~~~~~~~~~~~~~~~~~~~~~~~~~~~~~~~~~~~~~~~~~
DEBUG [2026-10-09 18:06:19]       |                                                                             |
DEBUG [2026-10-09 18:06:19]       |                                                                             size_t {aka long unsigned int}
DEBUG [2026-10-09 18:06:19] /usr/local/Ascend/cann-9.1.0/aarch64-linux/include/op_common/log/log.h:1130:13: note: in definition of macro ‘OP_CHECK_IF’
DEBUG [2026-10-09 18:06:19]  1130 |             log;                                 \
DEBUG [2026-10-09 18:06:19]       |             ^~~
DEBUG [2026-10-09 18:06:19] /ws/source/vllm-ascend/csrc/attention/compressor/op_host/arch32/compressor_tiling.cpp:948:17: note: in expansion of macro ‘OP_LOGE’
DEBUG [2026-10-09 18:06:19]   948 |                 OP_LOGE(context_->opName, "ropeCos dim num should be equal to x: %u, but got %u", xDimNum,
DEBUG [2026-10-09 18:06:19]       |                 ^~~~~~~
DEBUG [2026-10-09 18:06:19] /ws/source/vllm-ascend/csrc/attention/compressor/op_host/arch32/compressor_tiling.cpp:952:43: warning: format ‘%u’ expects argument of type ‘unsigned int’, but argument 6 has type ‘long unsigned int’ [-Wformat=]
DEBUG [2026-10-09 18:06:19]   952 |                 OP_LOGE(context_->opName, "cmpKv dim num should be equal to x: %u, but got %u", xDimNum,
DEBUG [2026-10-09 18:06:19]       |                                                                                                 ~~~~~~~
DEBUG [2026-10-09 18:06:19]       |                                                                                                 |
DEBUG [2026-10-09 18:06:19]       |                                                                                                 long unsigned int
DEBUG [2026-10-09 18:06:19] /usr/local/Ascend/cann-9.1.0/aarch64-linux/include/op_common/log/log.h:1130:13: note: in definition of macro ‘OP_CHECK_IF’
DEBUG [2026-10-09 18:06:19]  1130 |             log;                                 \
DEBUG [2026-10-09 18:06:19]       |             ^~~
DEBUG [2026-10-09 18:06:19] /ws/source/vllm-ascend/csrc/attention/compressor/op_host/arch32/compressor_tiling.cpp:952:17: note: in expansion of macro ‘OP_LOGE’
DEBUG [2026-10-09 18:06:19]   952 |                 OP_LOGE(context_->opName, "cmpKv dim num should be equal to x: %u, but got %u", xDimNum,
DEBUG [2026-10-09 18:06:19]       |                 ^~~~~~~
DEBUG [2026-10-09 18:06:19] /ws/source/vllm-ascend/csrc/attention/compressor/op_host/arch32/compressor_tiling.cpp:952:43: warning: format ‘%u’ expects argument of type ‘unsigned int’, but argument 7 has type ‘size_t’ {aka ‘long unsigned int’} [-Wformat=]
DEBUG [2026-10-09 18:06:19]   952 |                 OP_LOGE(context_->opName, "cmpKv dim num should be equal to x: %u, but got %u", xDimNum,
DEBUG [2026-10-09 18:06:19]   953 |                         context_->cmpKv.shape->GetStorageShape().GetDimNum()),
DEBUG [2026-10-09 18:06:19]       |                         ~~~~~~~~~~~~~~~~~~~~~~~~~~~~~~~~~~~~~~~~~~~~~~~~~~~~
DEBUG [2026-10-09 18:06:19]       |                                                                           |
DEBUG [2026-10-09 18:06:19]       |                                                                           size_t {aka long unsigned int}
DEBUG [2026-10-09 18:06:19] /usr/local/Ascend/cann-9.1.0/aarch64-linux/include/op_common/log/log.h:1130:13: note: in definition of macro ‘OP_CHECK_IF’
DEBUG [2026-10-09 18:06:19]  1130 |             log;                                 \
DEBUG [2026-10-09 18:06:19]       |             ^~~
DEBUG [2026-10-09 18:06:19] /ws/source/vllm-ascend/csrc/attention/compressor/op_host/arch32/compressor_tiling.cpp:952:17: note: in expansion of macro ‘OP_LOGE’
DEBUG [2026-10-09 18:06:19]   952 |                 OP_LOGE(context_->opName, "cmpKv dim num should be equal to x: %u, but got %u", xDimNum,
DEBUG [2026-10-09 18:06:19]       |                 ^~~~~~~
DEBUG [2026-10-09 18:06:19] /ws/source/vllm-ascend/csrc/attention/compressor/op_host/arch32/compressor_tiling.cpp: In member function ‘ge::graphStatus optiling::CompressorTiling::CheckBlockDimConstrain() const’:
DEBUG [2026-10-09 18:06:19] /ws/source/vllm-ascend/csrc/attention/compressor/op_host/arch32/compressor_tiling.cpp:979:43: warning: format ‘%d’ expects argument of type ‘int’, but argument 6 has type ‘unsigned int’ [-Wformat=]
DEBUG [2026-10-09 18:06:19]   979 |                 OP_LOGE(context_->opName, "aicNum is %d, which should not be less than %d", aicNum_, minBlockNum),
DEBUG [2026-10-09 18:06:19]       |                                                                                             ~~~~~~~
DEBUG [2026-10-09 18:06:19]       |                                                                                             |
DEBUG [2026-10-09 18:06:19]       |                                                                                             unsigned int
DEBUG [2026-10-09 18:06:19] /usr/local/Ascend/cann-9.1.0/aarch64-linux/include/op_common/log/log.h:1130:13: note: in definition of macro ‘OP_CHECK_IF’
DEBUG [2026-10-09 18:06:19]  1130 |             log;                                 \
DEBUG [2026-10-09 18:06:19]       |             ^~~
DEBUG [2026-10-09 18:06:19] /ws/source/vllm-ascend/csrc/attention/compressor/op_host/arch32/compressor_tiling.cpp:979:17: note: in expansion of macro ‘OP_LOGE’
DEBUG [2026-10-09 18:06:19]   979 |                 OP_LOGE(context_->opName, "aicNum is %d, which should not be less than %d", aicNum_, minBlockNum),
DEBUG [2026-10-09 18:06:19]       |                 ^~~~~~~
DEBUG [2026-10-09 18:06:19] /ws/source/vllm-ascend/csrc/attention/compressor/op_host/arch32/compressor_tiling.cpp:979:43: warning: format ‘%d’ expects argument of type ‘int’, but argument 7 has type ‘uint32_t’ {aka ‘unsigned int’} [-Wformat=]
DEBUG [2026-10-09 18:06:19]   979 |                 OP_LOGE(context_->opName, "aicNum is %d, which should not be less than %d", aicNum_, minBlockNum),
DEBUG [2026-10-09 18:06:19]       |                                                                                                      ~~~~~~~~~~~
DEBUG [2026-10-09 18:06:19]       |                                                                                                      |
DEBUG [2026-10-09 18:06:19]       |                                                                                                      uint32_t {aka unsigned int}
DEBUG [2026-10-09 18:06:19] /usr/local/Ascend/cann-9.1.0/aarch64-linux/include/op_common/log/log.h:1130:13: note: in definition of macro ‘OP_CHECK_IF’
DEBUG [2026-10-09 18:06:19]  1130 |             log;                                 \
DEBUG [2026-10-09 18:06:19]       |             ^~~
DEBUG [2026-10-09 18:06:19] /ws/source/vllm-ascend/csrc/attention/compressor/op_host/arch32/compressor_tiling.cpp:979:17: note: in expansion of macro ‘OP_LOGE’
DEBUG [2026-10-09 18:06:19]   979 |                 OP_LOGE(context_->opName, "aicNum is %d, which should not be less than %d", aicNum_, minBlockNum),
DEBUG [2026-10-09 18:06:19]       |                 ^~~~~~~
DEBUG [2026-10-09 18:06:19] [29/69] Building CXX object gmm/grouped_matmul_swiglu_quant/op_host/CMakeFiles/ophost_transformer_tiling_obj.dir/__/__/__/attention/sparse_flash_mla/op_host/checkers/checker_runner.cpp.o
DEBUG [2026-10-09 18:06:19] [30/69] Building CXX object gmm/grouped_matmul_swiglu_quant/op_host/CMakeFiles/ophost_transformer_tiling_obj.dir/__/__/__/attention/rms_norm_dynamic_quant/op_host/rms_norm_dynamic_quant_tiling.cpp.o
DEBUG [2026-10-09 18:06:19] In file included from /ws/source/vllm-ascend/csrc/attention/rms_norm_dynamic_quant/op_host/rms_norm_dynamic_quant_tiling.cpp:15:
DEBUG [2026-10-09 18:06:19] /ws/source/vllm-ascend/csrc/attention/rms_norm_dynamic_quant/op_host/rms_norm_dynamic_quant_tiling.h:120:16: warning: conversion from ‘double’ to ‘float’ changes value from ‘9.9999999999999995e-7’ to ‘9.99999997e-7f’ [-Wfloat-conversion]
DEBUG [2026-10-09 18:06:19]   120 |     float eps_{1e-6};
DEBUG [2026-10-09 18:06:19]       |                ^~~~
DEBUG [2026-10-09 18:06:19] In file included from /ws/source/vllm-ascend/csrc/utils/inc/log/ops_log.h:18,
DEBUG [2026-10-09 18:06:19]                  from /ws/source/vllm-ascend/csrc/utils/inc/error/ops_error.h:18,
DEBUG [2026-10-09 18:06:19]                  from /ws/source/vllm-ascend/csrc/attention/rms_norm_dynamic_quant/op_host/rms_norm_dynamic_quant_tiling.h:22:
DEBUG [2026-10-09 18:06:19] /ws/source/vllm-ascend/csrc/attention/rms_norm_dynamic_quant/op_host/rms_norm_dynamic_quant_tiling.cpp: In member function ‘bool optiling::RmsNormDynamicQuantTilingHelper::GetBaseInfo()’:
DEBUG [2026-10-09 18:06:19] /ws/source/vllm-ascend/csrc/utils/inc/log/inner/dfx_base.h:120:17: warning: format ‘%u’ expects argument of type ‘unsigned int’, but argument 12 has type ‘int32_t’ {aka ‘int’} [-Wformat=]
DEBUG [2026-10-09 18:06:19]   120 |                 "[%s:%d][%s]%s[%s][%lu] OpName:[%s] " #FMT,                                                     \
DEBUG [2026-10-09 18:06:19] /ws/source/vllm-ascend/csrc/utils/inc/log/inner/dfx_base.h:149:44: note: in expansion of macro ‘OPS_LOG_STUB’
DEBUG [2026-10-09 18:06:19]   149 | #define OPS_LOG_STUB_I(OPS_DESC, FMT, ...) OPS_LOG_STUB(OP, DLOG_INFO, OPS_DESC, FMT, ##__VA_ARGS__)
DEBUG [2026-10-09 18:06:19]       |                                            ^~~~~~~~~~~~
DEBUG [2026-10-09 18:06:19] /ws/source/vllm-ascend/csrc/utils/inc/log/ops_log.h:22:34: note: in expansion of macro ‘OPS_LOG_STUB_I’
DEBUG [2026-10-09 18:06:19]    22 | #define OPS_LOG_I(OPS_DESC, ...) OPS_LOG_STUB_I(OPS_DESC, __VA_ARGS__)
DEBUG [2026-10-09 18:06:19]       |                                  ^~~~~~~~~~~~~~
DEBUG [2026-10-09 18:06:19] /ws/source/vllm-ascend/csrc/attention/rms_norm_dynamic_quant/op_host/rms_norm_dynamic_quant_tiling.cpp:222:5: note: in expansion of macro ‘OPS_LOG_I’
DEBUG [2026-10-09 18:06:19]   222 |     OPS_LOG_I("outputMask", "outQuant1Flag: %u, outQuant2Flag: %u", this->outQuant1Flag, this->outQuant2Flag);
DEBUG [2026-10-09 18:06:19]       |     ^~~~~~~~~
DEBUG [2026-10-09 18:06:19] /ws/source/vllm-ascend/csrc/utils/inc/log/inner/dfx_base.h:120:17: warning: format ‘%u’ expects argument of type ‘unsigned int’, but argument 13 has type ‘int32_t’ {aka ‘int’} [-Wformat=]
DEBUG [2026-10-09 18:06:19]   120 |                 "[%s:%d][%s]%s[%s][%lu] OpName:[%s] " #FMT,                                                     \
DEBUG [2026-10-09 18:06:19] /ws/source/vllm-ascend/csrc/utils/inc/log/inner/dfx_base.h:149:44: note: in expansion of macro ‘OPS_LOG_STUB’
DEBUG [2026-10-09 18:06:19]   149 | #define OPS_LOG_STUB_I(OPS_DESC, FMT, ...) OPS_LOG_STUB(OP, DLOG_INFO, OPS_DESC, FMT, ##__VA_ARGS__)
DEBUG [2026-10-09 18:06:19]       |                                            ^~~~~~~~~~~~
DEBUG [2026-10-09 18:06:19] /ws/source/vllm-ascend/csrc/utils/inc/log/ops_log.h:22:34: note: in expansion of macro ‘OPS_LOG_STUB_I’
DEBUG [2026-10-09 18:06:19]    22 | #define OPS_LOG_I(OPS_DESC, ...) OPS_LOG_STUB_I(OPS_DESC, __VA_ARGS__)
DEBUG [2026-10-09 18:06:19]       |                                  ^~~~~~~~~~~~~~
DEBUG [2026-10-09 18:06:19] /ws/source/vllm-ascend/csrc/attention/rms_norm_dynamic_quant/op_host/rms_norm_dynamic_quant_tiling.cpp:222:5: note: in expansion of macro ‘OPS_LOG_I’
DEBUG [2026-10-09 18:06:19]   222 |     OPS_LOG_I("outputMask", "outQuant1Flag: %u, outQuant2Flag: %u", this->outQuant1Flag, this->outQuant2Flag);
DEBUG [2026-10-09 18:06:19]       |     ^~~~~~~~~
DEBUG [2026-10-09 18:06:19] /ws/source/vllm-ascend/csrc/attention/rms_norm_dynamic_quant/op_host/rms_norm_dynamic_quant_tiling.cpp: In member function ‘bool optiling::RmsNormDynamicQuantTilingHelper::CalculateShapeParameters()’:
DEBUG [2026-10-09 18:06:19] /ws/source/vllm-ascend/csrc/attention/rms_norm_dynamic_quant/op_host/rms_norm_dynamic_quant_tiling.cpp:309:28: warning: conversion from ‘double’ to ‘float’ may change value [-Wfloat-conversion]
DEBUG [2026-10-09 18:06:19]   309 |     this->avgFactor_ = 1.0 / ((float)this->numLastDim_);
DEBUG [2026-10-09 18:06:19]       |                        ~~~~^~~~~~~~~~~~~~~~~~~~~~~~~~~~
DEBUG [2026-10-09 18:06:19] /ws/source/vllm-ascend/csrc/attention/rms_norm_dynamic_quant/op_host/rms_norm_dynamic_quant_tiling.cpp: In function ‘ge::graphStatus optiling::Tiling4AddRmsNormDynamicQuant(gert::TilingContext*)’:
DEBUG [2026-10-09 18:06:19] /ws/source/vllm-ascend/csrc/attention/rms_norm_dynamic_quant/op_host/rms_norm_dynamic_quant_tiling.cpp:453:10: warning: unused variable ‘isEmptyTensor’ [-Wunused-variable]
DEBUG [2026-10-09 18:06:19]   453 |     bool isEmptyTensor = (col_val == 0);
DEBUG [2026-10-09 18:06:19]       |          ^~~~~~~~~~~~~
DEBUG [2026-10-09 18:06:19] /ws/source/vllm-ascend/csrc/attention/rms_norm_dynamic_quant/op_host/rms_norm_dynamic_quant_tiling.cpp:456:34: warning: unused variable ‘curSocVersion’ [-Wunused-variable]
DEBUG [2026-10-09 18:06:19]   456 |     platform_ascendc::SocVersion curSocVersion =
DEBUG [2026-10-09 18:06:19]       |                                  ^~~~~~~~~~~~~
DEBUG [2026-10-09 18:06:19] [31/69] Building CXX object gmm/grouped_matmul_swiglu_quant/op_host/CMakeFiles/ophost_transformer_tiling_obj.dir/__/__/__/attention/recurrent_gated_delta_rule/op_host/recurrent_gated_delta_rule_tiling.cpp.o
DEBUG [2026-10-09 18:06:19] [32/69] Building CXX object gmm/grouped_matmul_swiglu_quant/op_host/CMakeFiles/ophost_transformer_tiling_obj.dir/__/__/__/attention/sparse_attention_score/op_host/sparse_attention_score_tiling.cpp.o
DEBUG [2026-10-09 18:06:19] In file included from /ws/source/vllm-ascend/csrc/utils/inc/log/ops_log.h:18,
DEBUG [2026-10-09 18:06:19]                  from /ws/source/vllm-ascend/csrc/utils/inc/tiling/tiling_base.h:22,
DEBUG [2026-10-09 18:06:19]                  from /ws/source/vllm-ascend/csrc/attention/sparse_attention_score/op_host/sparse_attention_score_tiling.cpp:23:
DEBUG [2026-10-09 18:06:19] /ws/source/vllm-ascend/csrc/utils/inc/log/inner/dfx_base.h:136: warning: "OPS_INNER_ERR_STUB" redefined
DEBUG [2026-10-09 18:06:19]   136 | #define OPS_INNER_ERR_STUB(ERR_CODE_STR, OPS_DESC, FMT, ...)                                                           \
DEBUG [2026-10-09 18:06:19]       | 
DEBUG [2026-10-09 18:06:19] In file included from /ws/source/vllm-ascend/csrc/attention/sparse_attention_score/op_host/sparse_attention_score_tiling.cpp:19:
DEBUG [2026-10-09 18:06:19] /ws/source/vllm-ascend/csrc/common/include/err/ops_err.h:21: note: this is the location of the previous definition
DEBUG [2026-10-09 18:06:19]    21 | #define OPS_INNER_ERR_STUB(ERR_CODE_STR, OPS_DESC, FMT, ...)                                                           \
DEBUG [2026-10-09 18:06:19]       | 
DEBUG [2026-10-09 18:06:19] In file included from /ws/source/vllm-ascend/csrc/attention/sparse_attention_score/op_host/sparse_attention_score_tiling.cpp:18:
DEBUG [2026-10-09 18:06:19] /usr/local/Ascend/cann-9.1.0/aarch64-linux/include/op_common/log/log.h:45:9: warning: redundant redeclaration of ‘int32_t CheckLogLevel(int32_t, int32_t)’ in same scope [-Wredundant-decls]
DEBUG [2026-10-09 18:06:19]    45 | int32_t CheckLogLevel(int32_t moduleId, int32_t logLevel);
DEBUG [2026-10-09 18:06:19]       |         ^~~~~~~~~~~~~
DEBUG [2026-10-09 18:06:19] In file included from <command-line>:
DEBUG [2026-10-09 18:06:19] /ws/source/vllm-ascend/csrc/common/include/cann_compat.h:24:9: note: previous declaration of ‘int32_t CheckLogLevel(int32_t, int32_t)’
DEBUG [2026-10-09 18:06:19]    24 | int32_t CheckLogLevel(int32_t moduleId, int32_t logLevel);
DEBUG [2026-10-09 18:06:19]       |         ^~~~~~~~~~~~~
DEBUG [2026-10-09 18:06:19] /usr/local/Ascend/cann-9.1.0/aarch64-linux/include/op_common/log/log.h:46:6: warning: redundant redeclaration of ‘void DlogRecord(int32_t, int32_t, const char*, ...)’ in same scope [-Wredundant-decls]
DEBUG [2026-10-09 18:06:19]    46 | void DlogRecord(int32_t moduleId, int32_t level, const char* fmt, ...);
DEBUG [2026-10-09 18:06:19]       |      ^~~~~~~~~~
DEBUG [2026-10-09 18:06:19] /ws/source/vllm-ascend/csrc/common/include/cann_compat.h:25:6: note: previous declaration of ‘void DlogRecord(int32_t, int32_t, const char*, ...)’
DEBUG [2026-10-09 18:06:19]    25 | void DlogRecord(int32_t moduleId, int32_t level, const char *fmt, ...);
DEBUG [2026-10-09 18:06:19]       |      ^~~~~~~~~~
DEBUG [2026-10-09 18:06:19] [33/69] Generating binary/ascend910b/src/k2q_csr_hist/k2q_csr_hist_ascend910b_src_copy.done
DEBUG [2026-10-09 18:06:19] [34/69] Generating binary/ascend910b/src/k2q_csr_meta/k2q_csr_meta_ascend910b_src_copy.done
DEBUG [2026-10-09 18:06:19] [35/69] Generating binary/ascend910b/src/k2q_csr_row_prefix/k2q_csr_row_prefix_ascend910b_src_copy.done
DEBUG [2026-10-09 18:06:19] [36/69] Generating binary/ascend910b/src/k2q_csr_scatter/k2q_csr_scatter_ascend910b_src_copy.done
DEBUG [2026-10-09 18:06:19] [37/69] Generating binary/ascend910b/src/k2q_csr_tile_prefix/k2q_csr_tile_prefix_ascend910b_src_copy.done
DEBUG [2026-10-09 18:06:19] [38/69] Performing build step for 'tiling_sink_task'
DEBUG [2026-10-09 18:06:19] ninja: no work to do.
DEBUG [2026-10-09 18:06:19] [39/69] No install step for 'tiling_sink_task'
DEBUG [2026-10-09 18:06:19] [40/69] Building CXX object gmm/grouped_matmul_swiglu_quant/op_host/CMakeFiles/ophost_transformer_tiling_obj.dir/__/__/__/attention/sparse_flash_mla/op_host/checkers/metadata_checker.cpp.o
DEBUG [2026-10-09 18:06:19] In file included from /ws/source/vllm-ascend/csrc/attention/sparse_flash_mla/op_host/checkers/metadata_checker.cpp:12:
DEBUG [2026-10-09 18:06:19] /usr/local/Ascend/cann-9.1.0/aarch64-linux/include/op_common/log/log.h:45:9: warning: redundant redeclaration of ‘int32_t CheckLogLevel(int32_t, int32_t)’ in same scope [-Wredundant-decls]
DEBUG [2026-10-09 18:06:19]    45 | int32_t CheckLogLevel(int32_t moduleId, int32_t logLevel);
DEBUG [2026-10-09 18:06:19]       |         ^~~~~~~~~~~~~
DEBUG [2026-10-09 18:06:19] In file included from <command-line>:
DEBUG [2026-10-09 18:06:19] /ws/source/vllm-ascend/csrc/common/include/cann_compat.h:24:9: note: previous declaration of ‘int32_t CheckLogLevel(int32_t, int32_t)’
DEBUG [2026-10-09 18:06:19]    24 | int32_t CheckLogLevel(int32_t moduleId, int32_t logLevel);
DEBUG [2026-10-09 18:06:19]       |         ^~~~~~~~~~~~~
DEBUG [2026-10-09 18:06:19] /usr/local/Ascend/cann-9.1.0/aarch64-linux/include/op_common/log/log.h:46:6: warning: redundant redeclaration of ‘void DlogRecord(int32_t, int32_t, const char*, ...)’ in same scope [-Wredundant-decls]
DEBUG [2026-10-09 18:06:19]    46 | void DlogRecord(int32_t moduleId, int32_t level, const char* fmt, ...);
DEBUG [2026-10-09 18:06:19]       |      ^~~~~~~~~~
DEBUG [2026-10-09 18:06:19] /ws/source/vllm-ascend/csrc/common/include/cann_compat.h:25:6: note: previous declaration of ‘void DlogRecord(int32_t, int32_t, const char*, ...)’
DEBUG [2026-10-09 18:06:19]    25 | void DlogRecord(int32_t moduleId, int32_t level, const char *fmt, ...);
DEBUG [2026-10-09 18:06:19]       |      ^~~~~~~~~~
DEBUG [2026-10-09 18:06:19] [41/69] cd /ws/source/vllm-ascend/csrc/build && /ws/.venv/bin/python3.12 /ws/source/vllm-ascend/csrc/cmake/scripts/util/ascendc_impl_build.py "" "" "" "" /ws/source/vllm-ascend/csrc/build/impl /ws/source/vllm-ascend/csrc/build/autogen --opsinfo-dir /ws/source/vllm-ascend/csrc/build/autogen /ws/source/vllm-ascend/csrc/build/autogen/inner /ws/source/vllm-ascend/csrc/build/autogen/exc
DEBUG [2026-10-09 18:06:19] /ws/source/vllm-ascend/csrc/cmake/scripts/util/ascendc_impl_build.py:212: SyntaxWarning: invalid escape sequence '\d'
DEBUG [2026-10-09 18:06:19]   ascendc_api_version = re.findall(r"#define ASCENDC_API_VERSION (\d+)", ascendc_api_version_file.read())
DEBUG [2026-10-09 18:06:19] [42/69] Completed 'tiling_sink_task'
DEBUG [2026-10-09 18:06:19] [43/69] Building CXX object gmm/grouped_matmul_swiglu_quant/op_host/CMakeFiles/ophost_transformer_tiling_obj.dir/__/__/__/attention/sparse_flash_mla/op_host/checkers/base_checker.cpp.o
DEBUG [2026-10-09 18:06:19] In file included from /ws/source/vllm-ascend/csrc/attention/sparse_flash_mla/op_host/checkers/base_checker.cpp:14:
DEBUG [2026-10-09 18:06:19] /usr/local/Ascend/cann-9.1.0/aarch64-linux/include/op_common/log/log.h:45:9: warning: redundant redeclaration of ‘int32_t CheckLogLevel(int32_t, int32_t)’ in same scope [-Wredundant-decls]
DEBUG [2026-10-09 18:06:19]    45 | int32_t CheckLogLevel(int32_t moduleId, int32_t logLevel);
DEBUG [2026-10-09 18:06:19]       |         ^~~~~~~~~~~~~
DEBUG [2026-10-09 18:06:19] In file included from <command-line>:
DEBUG [2026-10-09 18:06:19] /ws/source/vllm-ascend/csrc/common/include/cann_compat.h:24:9: note: previous declaration of ‘int32_t CheckLogLevel(int32_t, int32_t)’
DEBUG [2026-10-09 18:06:19]    24 | int32_t CheckLogLevel(int32_t moduleId, int32_t logLevel);
DEBUG [2026-10-09 18:06:19]       |         ^~~~~~~~~~~~~
DEBUG [2026-10-09 18:06:19] /usr/local/Ascend/cann-9.1.0/aarch64-linux/include/op_common/log/log.h:46:6: warning: redundant redeclaration of ‘void DlogRecord(int32_t, int32_t, const char*, ...)’ in same scope [-Wredundant-decls]
DEBUG [2026-10-09 18:06:19]    46 | void DlogRecord(int32_t moduleId, int32_t level, const char* fmt, ...);
DEBUG [2026-10-09 18:06:19]       |      ^~~~~~~~~~
DEBUG [2026-10-09 18:06:19] /ws/source/vllm-ascend/csrc/common/include/cann_compat.h:25:6: note: previous declaration of ‘void DlogRecord(int32_t, int32_t, const char*, ...)’
DEBUG [2026-10-09 18:06:19]    25 | void DlogRecord(int32_t moduleId, int32_t level, const char *fmt, ...);
DEBUG [2026-10-09 18:06:19]       |      ^~~~~~~~~~
DEBUG [2026-10-09 18:06:19] [44/69] Building CXX object gmm/grouped_matmul_swiglu_quant/op_host/CMakeFiles/ophost_transformer_tiling_obj.dir/__/__/__/attention/sparse_flash_mla/op_host/checkers/common_checker.cpp.o
DEBUG [2026-10-09 18:06:19] In file included from /ws/source/vllm-ascend/csrc/attention/sparse_flash_mla/op_host/checkers/common_checker.cpp:14:
DEBUG [2026-10-09 18:06:19] /usr/local/Ascend/cann-9.1.0/aarch64-linux/include/op_common/log/log.h:45:9: warning: redundant redeclaration of ‘int32_t CheckLogLevel(int32_t, int32_t)’ in same scope [-Wredundant-decls]
DEBUG [2026-10-09 18:06:19]    45 | int32_t CheckLogLevel(int32_t moduleId, int32_t logLevel);
DEBUG [2026-10-09 18:06:19]       |         ^~~~~~~~~~~~~
DEBUG [2026-10-09 18:06:19] In file included from <command-line>:
DEBUG [2026-10-09 18:06:19] /ws/source/vllm-ascend/csrc/common/include/cann_compat.h:24:9: note: previous declaration of ‘int32_t CheckLogLevel(int32_t, int32_t)’
DEBUG [2026-10-09 18:06:19]    24 | int32_t CheckLogLevel(int32_t moduleId, int32_t logLevel);
DEBUG [2026-10-09 18:06:19]       |         ^~~~~~~~~~~~~
DEBUG [2026-10-09 18:06:19] /usr/local/Ascend/cann-9.1.0/aarch64-linux/include/op_common/log/log.h:46:6: warning: redundant redeclaration of ‘void DlogRecord(int32_t, int32_t, const char*, ...)’ in same scope [-Wredundant-decls]
DEBUG [2026-10-09 18:06:19]    46 | void DlogRecord(int32_t moduleId, int32_t level, const char* fmt, ...);
DEBUG [2026-10-09 18:06:19]       |      ^~~~~~~~~~
DEBUG [2026-10-09 18:06:19] /ws/source/vllm-ascend/csrc/common/include/cann_compat.h:25:6: note: previous declaration of ‘void DlogRecord(int32_t, int32_t, const char*, ...)’
DEBUG [2026-10-09 18:06:19]    25 | void DlogRecord(int32_t moduleId, int32_t level, const char *fmt, ...);
DEBUG [2026-10-09 18:06:19]       |      ^~~~~~~~~~
DEBUG [2026-10-09 18:06:19] [45/69] Building CXX object gmm/grouped_matmul_swiglu_quant/op_host/CMakeFiles/ophost_transformer_tiling_obj.dir/__/__/__/attention/sparse_flash_mla/op_host/checkers/mask_checker.cpp.o
DEBUG [2026-10-09 18:06:19] In file included from /ws/source/vllm-ascend/csrc/attention/sparse_flash_mla/op_host/checkers/mask_checker.cpp:12:
DEBUG [2026-10-09 18:06:19] /usr/local/Ascend/cann-9.1.0/aarch64-linux/include/op_common/log/log.h:45:9: warning: redundant redeclaration of ‘int32_t CheckLogLevel(int32_t, int32_t)’ in same scope [-Wredundant-decls]
DEBUG [2026-10-09 18:06:19]    45 | int32_t CheckLogLevel(int32_t moduleId, int32_t logLevel);
DEBUG [2026-10-09 18:06:19]       |         ^~~~~~~~~~~~~
DEBUG [2026-10-09 18:06:19] In file included from <command-line>:
DEBUG [2026-10-09 18:06:19] /ws/source/vllm-ascend/csrc/common/include/cann_compat.h:24:9: note: previous declaration of ‘int32_t CheckLogLevel(int32_t, int32_t)’
DEBUG [2026-10-09 18:06:19]    24 | int32_t CheckLogLevel(int32_t moduleId, int32_t logLevel);
DEBUG [2026-10-09 18:06:19]       |         ^~~~~~~~~~~~~
DEBUG [2026-10-09 18:06:19] /usr/local/Ascend/cann-9.1.0/aarch64-linux/include/op_common/log/log.h:46:6: warning: redundant redeclaration of ‘void DlogRecord(int32_t, int32_t, const char*, ...)’ in same scope [-Wredundant-decls]
DEBUG [2026-10-09 18:06:19]    46 | void DlogRecord(int32_t moduleId, int32_t level, const char* fmt, ...);
DEBUG [2026-10-09 18:06:19]       |      ^~~~~~~~~~
DEBUG [2026-10-09 18:06:19] /ws/source/vllm-ascend/csrc/common/include/cann_compat.h:25:6: note: previous declaration of ‘void DlogRecord(int32_t, int32_t, const char*, ...)’
DEBUG [2026-10-09 18:06:19]    25 | void DlogRecord(int32_t moduleId, int32_t level, const char *fmt, ...);
DEBUG [2026-10-09 18:06:19]       |      ^~~~~~~~~~
DEBUG [2026-10-09 18:06:19] [46/69] Building CXX object gmm/grouped_matmul_swiglu_quant/op_host/CMakeFiles/ophost_transformer_tiling_obj.dir/__/__/__/attention/sparse_flash_mla/op_host/checkers/paged_attention_checker.cpp.o
DEBUG [2026-10-09 18:06:19] In file included from /ws/source/vllm-ascend/csrc/attention/sparse_flash_mla/op_host/checkers/paged_attention_checker.cpp:12:
DEBUG [2026-10-09 18:06:19] /usr/local/Ascend/cann-9.1.0/aarch64-linux/include/op_common/log/log.h:45:9: warning: redundant redeclaration of ‘int32_t CheckLogLevel(int32_t, int32_t)’ in same scope [-Wredundant-decls]
DEBUG [2026-10-09 18:06:19]    45 | int32_t CheckLogLevel(int32_t moduleId, int32_t logLevel);
DEBUG [2026-10-09 18:06:19]       |         ^~~~~~~~~~~~~
DEBUG [2026-10-09 18:06:19] In file included from <command-line>:
DEBUG [2026-10-09 18:06:19] /ws/source/vllm-ascend/csrc/common/include/cann_compat.h:24:9: note: previous declaration of ‘int32_t CheckLogLevel(int32_t, int32_t)’
DEBUG [2026-10-09 18:06:19]    24 | int32_t CheckLogLevel(int32_t moduleId, int32_t logLevel);
DEBUG [2026-10-09 18:06:19]       |         ^~~~~~~~~~~~~
DEBUG [2026-10-09 18:06:19] /usr/local/Ascend/cann-9.1.0/aarch64-linux/include/op_common/log/log.h:46:6: warning: redundant redeclaration of ‘void DlogRecord(int32_t, int32_t, const char*, ...)’ in same scope [-Wredundant-decls]
DEBUG [2026-10-09 18:06:19]    46 | void DlogRecord(int32_t moduleId, int32_t level, const char* fmt, ...);
DEBUG [2026-10-09 18:06:19]       |      ^~~~~~~~~~
DEBUG [2026-10-09 18:06:19] /ws/source/vllm-ascend/csrc/common/include/cann_compat.h:25:6: note: previous declaration of ‘void DlogRecord(int32_t, int32_t, const char*, ...)’
DEBUG [2026-10-09 18:06:19]    25 | void DlogRecord(int32_t moduleId, int32_t level, const char *fmt, ...);
DEBUG [2026-10-09 18:06:19]       |      ^~~~~~~~~~
DEBUG [2026-10-09 18:06:19] [47/69] Building CXX object gmm/grouped_matmul_swiglu_quant/op_host/CMakeFiles/ophost_transformer_tiling_obj.dir/__/__/__/attention/sparse_flash_mla/op_host/checkers/sinks_checker.cpp.o
DEBUG [2026-10-09 18:06:19] In file included from /ws/source/vllm-ascend/csrc/attention/sparse_flash_mla/op_host/checkers/sinks_checker.cpp:12:
DEBUG [2026-10-09 18:06:19] /usr/local/Ascend/cann-9.1.0/aarch64-linux/include/op_common/log/log.h:45:9: warning: redundant redeclaration of ‘int32_t CheckLogLevel(int32_t, int32_t)’ in same scope [-Wredundant-decls]
DEBUG [2026-10-09 18:06:19]    45 | int32_t CheckLogLevel(int32_t moduleId, int32_t logLevel);
DEBUG [2026-10-09 18:06:19]       |         ^~~~~~~~~~~~~
DEBUG [2026-10-09 18:06:19] In file included from <command-line>:
DEBUG [2026-10-09 18:06:19] /ws/source/vllm-ascend/csrc/common/include/cann_compat.h:24:9: note: previous declaration of ‘int32_t CheckLogLevel(int32_t, int32_t)’
DEBUG [2026-10-09 18:06:19]    24 | int32_t CheckLogLevel(int32_t moduleId, int32_t logLevel);
DEBUG [2026-10-09 18:06:19]       |         ^~~~~~~~~~~~~
DEBUG [2026-10-09 18:06:19] /usr/local/Ascend/cann-9.1.0/aarch64-linux/include/op_common/log/log.h:46:6: warning: redundant redeclaration of ‘void DlogRecord(int32_t, int32_t, const char*, ...)’ in same scope [-Wredundant-decls]
DEBUG [2026-10-09 18:06:19]    46 | void DlogRecord(int32_t moduleId, int32_t level, const char* fmt, ...);
DEBUG [2026-10-09 18:06:19]       |      ^~~~~~~~~~
DEBUG [2026-10-09 18:06:19] /ws/source/vllm-ascend/csrc/common/include/cann_compat.h:25:6: note: previous declaration of ‘void DlogRecord(int32_t, int32_t, const char*, ...)’
DEBUG [2026-10-09 18:06:19]    25 | void DlogRecord(int32_t moduleId, int32_t level, const char *fmt, ...);
DEBUG [2026-10-09 18:06:19]       |      ^~~~~~~~~~
DEBUG [2026-10-09 18:06:19] [48/69] cd /ws/source/vllm-ascend/csrc/build && /usr/local/python3.12.13/lib/python3.12/site-packages/cmake/data/bin/cmake -E make_directory /ws/source/vllm-ascend/csrc/build/binary/ascend910b/gen && /ws/.venv/bin/python3.12 /ws/source/vllm-ascend/csrc/cmake/scripts/util/ascendc_bin_param_build.py /ws/source/vllm-ascend/csrc/build/autogen/aic-ascend910b-ops-info.ini /ws/source/vllm-ascend/csrc/build/binary/ascend910b/gen ascend910b --opc-config-file /ws/source/vllm-ascend/csrc/build/autogen/custom_opc_options.ini && /ws/.venv/bin/python3.12 /ws/source/vllm-ascend/csrc/cmake/scripts/util/ascendc_bin_param_build.py /ws/source/vllm-ascend/csrc/build/autogen/inner/aic-ascend910b-ops-info.ini /ws/source/vllm-ascend/csrc/build/binary/ascend910b/gen ascend910b --opc-config-file /ws/source/vllm-ascend/csrc/build/autogen/custom_opc_options.ini && /ws/.venv/bin/python3.12 /ws/source/vllm-ascend/csrc/cmake/scripts/util/ascendc_bin_param_build.py /ws/source/vllm-ascend/csrc/build/autogen/exc/aic-ascend910b-ops-info.ini /ws/source/vllm-ascend/csrc/build/binary/ascend910b/gen ascend910b --opc-config-file /ws/source/vllm-ascend/csrc/build/autogen/custom_opc_options.ini && bash /ws/source/vllm-ascend/csrc/cmake/scripts/fix_format.sh /ws/source/vllm-ascend/csrc/build/binary/ascend910b/gen
DEBUG [2026-10-09 18:06:19] Found GroupedMatmulSwigluQuant_*json files, performing sed operation...
DEBUG [2026-10-09 18:06:19] [49/69] Building CXX object gmm/grouped_matmul_swiglu_quant/op_host/CMakeFiles/ophost_transformer_tiling_obj.dir/__/__/__/attention/sparse_flash_mla/op_host/checkers/seq_len_checker.cpp.o
DEBUG [2026-10-09 18:06:19] In file included from /ws/source/vllm-ascend/csrc/attention/sparse_flash_mla/op_host/checkers/seq_len_checker.cpp:12:
DEBUG [2026-10-09 18:06:19] /usr/local/Ascend/cann-9.1.0/aarch64-linux/include/op_common/log/log.h:45:9: warning: redundant redeclaration of ‘int32_t CheckLogLevel(int32_t, int32_t)’ in same scope [-Wredundant-decls]
DEBUG [2026-10-09 18:06:19]    45 | int32_t CheckLogLevel(int32_t moduleId, int32_t logLevel);
DEBUG [2026-10-09 18:06:19]       |         ^~~~~~~~~~~~~
DEBUG [2026-10-09 18:06:19] In file included from <command-line>:
DEBUG [2026-10-09 18:06:19] /ws/source/vllm-ascend/csrc/common/include/cann_compat.h:24:9: note: previous declaration of ‘int32_t CheckLogLevel(int32_t, int32_t)’
DEBUG [2026-10-09 18:06:19]    24 | int32_t CheckLogLevel(int32_t moduleId, int32_t logLevel);
DEBUG [2026-10-09 18:06:19]       |         ^~~~~~~~~~~~~
DEBUG [2026-10-09 18:06:19] /usr/local/Ascend/cann-9.1.0/aarch64-linux/include/op_common/log/log.h:46:6: warning: redundant redeclaration of ‘void DlogRecord(int32_t, int32_t, const char*, ...)’ in same scope [-Wredundant-decls]
DEBUG [2026-10-09 18:06:19]    46 | void DlogRecord(int32_t moduleId, int32_t level, const char* fmt, ...);
DEBUG [2026-10-09 18:06:19]       |      ^~~~~~~~~~
DEBUG [2026-10-09 18:06:19] /ws/source/vllm-ascend/csrc/common/include/cann_compat.h:25:6: note: previous declaration of ‘void DlogRecord(int32_t, int32_t, const char*, ...)’
DEBUG [2026-10-09 18:06:19]    25 | void DlogRecord(int32_t moduleId, int32_t level, const char *fmt, ...);
DEBUG [2026-10-09 18:06:19]       |      ^~~~~~~~~~
DEBUG [2026-10-09 18:06:19] [50/69] Building CXX object gmm/grouped_matmul_swiglu_quant/op_host/CMakeFiles/ophost_transformer_tiling_obj.dir/__/__/__/attention/recurrent_kda/op_host/recurrent_kda_tiling.cpp.o
DEBUG [2026-10-09 18:06:19] In file included from /ws/source/vllm-ascend/csrc/common/include/err/ops_err.h:19,
DEBUG [2026-10-09 18:06:19]                  from /ws/source/vllm-ascend/csrc/attention/recurrent_kda/op_host/recurrent_kda_tiling.h:16,
DEBUG [2026-10-09 18:06:19]                  from /ws/source/vllm-ascend/csrc/attention/recurrent_kda/op_host/recurrent_kda_tiling.cpp:11:
DEBUG [2026-10-09 18:06:19] /usr/local/Ascend/cann-9.1.0/aarch64-linux/include/op_common/log/log.h:1118: warning: "OP_LOGI" redefined
DEBUG [2026-10-09 18:06:19]  1118 | #define OP_LOGI(opName, ...) D_OP_LOGI(Ops::Base::GetOpInfo(opName), __VA_ARGS__)
DEBUG [2026-10-09 18:06:19]       | 
DEBUG [2026-10-09 18:06:19] In file included from /ws/source/vllm-ascend/csrc/common/include/tiling_base/tiling_base.h:22,
DEBUG [2026-10-09 18:06:19]                  from /ws/source/vllm-ascend/csrc/attention/recurrent_kda/op_host/recurrent_kda_tiling.h:15:
DEBUG [2026-10-09 18:06:19] /ws/source/vllm-ascend/csrc/common/include/tiling_base/error_log.h:10: note: this is the location of the previous definition
DEBUG [2026-10-09 18:06:19]    10 | #define OP_LOGI(opname, ...)
DEBUG [2026-10-09 18:06:19]       | 
DEBUG [2026-10-09 18:06:19] /usr/local/Ascend/cann-9.1.0/aarch64-linux/include/op_common/log/log.h:1119: warning: "OP_LOGW" redefined
DEBUG [2026-10-09 18:06:19]  1119 | #define OP_LOGW(opName, ...) D_OP_LOGW(Ops::Base::GetOpInfo(opName), __VA_ARGS__)
DEBUG [2026-10-09 18:06:19]       | 
DEBUG [2026-10-09 18:06:19] /ws/source/vllm-ascend/csrc/common/include/tiling_base/error_log.h:13: note: this is the location of the previous definition
DEBUG [2026-10-09 18:06:19]    13 | #define OP_LOGW(opname, ...)       \
DEBUG [2026-10-09 18:06:19]       | 
DEBUG [2026-10-09 18:06:19] /usr/local/Ascend/cann-9.1.0/aarch64-linux/include/op_common/log/log.h:1120: warning: "OP_LOGE_WITHOUT_REPORT" redefined
DEBUG [2026-10-09 18:06:19]  1120 | #define OP_LOGE_WITHOUT_REPORT(opName, ...) OP_LOGE_LIBOPAPI_REPORT(opName, __VA_ARGS__)
DEBUG [2026-10-09 18:06:19]       | 
DEBUG [2026-10-09 18:06:19] /ws/source/vllm-ascend/csrc/common/include/tiling_base/error_log.h:21: note: this is the location of the previous definition
DEBUG [2026-10-09 18:06:19]    21 | #define OP_LOGE_WITHOUT_REPORT(opname, ...) \
DEBUG [2026-10-09 18:06:19]       | 
DEBUG [2026-10-09 18:06:19] /usr/local/Ascend/cann-9.1.0/aarch64-linux/include/op_common/log/log.h:1121: warning: "OP_LOGE" redefined
DEBUG [2026-10-09 18:06:19]  1121 | #define OP_LOGE(opName, ...)                            \
DEBUG [2026-10-09 18:06:19]       | 
DEBUG [2026-10-09 18:06:19] /ws/source/vllm-ascend/csrc/common/include/tiling_base/error_log.h:29: note: this is the location of the previous definition
DEBUG [2026-10-09 18:06:19]    29 | #define OP_LOGE(opname, ...)       \
DEBUG [2026-10-09 18:06:19]       | 
DEBUG [2026-10-09 18:06:19] /usr/local/Ascend/cann-9.1.0/aarch64-linux/include/op_common/log/log.h:1126: warning: "OP_LOGD" redefined
DEBUG [2026-10-09 18:06:19]  1126 | #define OP_LOGD(opName, ...) D_OP_LOGD(Ops::Base::GetOpInfo(opName), __VA_ARGS__)
DEBUG [2026-10-09 18:06:19]       | 
DEBUG [2026-10-09 18:06:19] /ws/source/vllm-ascend/csrc/common/include/tiling_base/error_log.h:11: note: this is the location of the previous definition
DEBUG [2026-10-09 18:06:19]    11 | #define OP_LOGD(opname, ...)
DEBUG [2026-10-09 18:06:19]       | 
DEBUG [2026-10-09 18:06:19] /usr/local/Ascend/cann-9.1.0/aarch64-linux/include/op_common/log/log.h:1127: warning: "OP_CHECK_IF" redefined
DEBUG [2026-10-09 18:06:19]  1127 | #define OP_CHECK_IF(condition, log, return_expr) \
DEBUG [2026-10-09 18:06:19]       | 
DEBUG [2026-10-09 18:06:19] /ws/source/vllm-ascend/csrc/common/include/tiling_base/error_log.h:44: note: this is the location of the previous definition
DEBUG [2026-10-09 18:06:19]    44 | #define OP_CHECK_IF(cond, log_func, expr) \
DEBUG [2026-10-09 18:06:19]       | 
DEBUG [2026-10-09 18:06:19] /usr/local/Ascend/cann-9.1.0/aarch64-linux/include/op_common/log/log.h:1134: warning: "OP_CHECK_NULL_WITH_CONTEXT" redefined
DEBUG [2026-10-09 18:06:19]  1134 | #define OP_CHECK_NULL_WITH_CONTEXT(context, ptr)                                                           \
DEBUG [2026-10-09 18:06:19]       | 
DEBUG [2026-10-09 18:06:19] /ws/source/vllm-ascend/csrc/common/include/tiling_base/error_log.h:60: note: this is the location of the previous definition
DEBUG [2026-10-09 18:06:19]    60 | #define OP_CHECK_NULL_WITH_CONTEXT(context, ptr)                 \
DEBUG [2026-10-09 18:06:19]       | 
DEBUG [2026-10-09 18:06:19] /usr/local/Ascend/cann-9.1.0/aarch64-linux/include/op_common/log/log.h:45:9: warning: redundant redeclaration of ‘int32_t CheckLogLevel(int32_t, int32_t)’ in same scope [-Wredundant-decls]
DEBUG [2026-10-09 18:06:19]    45 | int32_t CheckLogLevel(int32_t moduleId, int32_t logLevel);
DEBUG [2026-10-09 18:06:19]       |         ^~~~~~~~~~~~~
DEBUG [2026-10-09 18:06:19] In file included from <command-line>:
DEBUG [2026-10-09 18:06:19] /ws/source/vllm-ascend/csrc/common/include/cann_compat.h:24:9: note: previous declaration of ‘int32_t CheckLogLevel(int32_t, int32_t)’
DEBUG [2026-10-09 18:06:19]    24 | int32_t CheckLogLevel(int32_t moduleId, int32_t logLevel);
DEBUG [2026-10-09 18:06:19]       |         ^~~~~~~~~~~~~
DEBUG [2026-10-09 18:06:19] /usr/local/Ascend/cann-9.1.0/aarch64-linux/include/op_common/log/log.h:46:6: warning: redundant redeclaration of ‘void DlogRecord(int32_t, int32_t, const char*, ...)’ in same scope [-Wredundant-decls]
DEBUG [2026-10-09 18:06:19]    46 | void DlogRecord(int32_t moduleId, int32_t level, const char* fmt, ...);
DEBUG [2026-10-09 18:06:19]       |      ^~~~~~~~~~
DEBUG [2026-10-09 18:06:19] /ws/source/vllm-ascend/csrc/common/include/cann_compat.h:25:6: note: previous declaration of ‘void DlogRecord(int32_t, int32_t, const char*, ...)’
DEBUG [2026-10-09 18:06:19]    25 | void DlogRecord(int32_t moduleId, int32_t level, const char *fmt, ...);
DEBUG [2026-10-09 18:06:19]       |      ^~~~~~~~~~
DEBUG [2026-10-09 18:06:19] [51/69] Building CXX object gmm/grouped_matmul_swiglu_quant/op_host/CMakeFiles/ophost_transformer_tiling_obj.dir/__/__/__/attention/sparse_flash_mla/op_host/checkers/softmax_lse_checker.cpp.o
DEBUG [2026-10-09 18:06:19] In file included from /ws/source/vllm-ascend/csrc/attention/sparse_flash_mla/op_host/checkers/softmax_lse_checker.cpp:12:
DEBUG [2026-10-09 18:06:19] /usr/local/Ascend/cann-9.1.0/aarch64-linux/include/op_common/log/log.h:45:9: warning: redundant redeclaration of ‘int32_t CheckLogLevel(int32_t, int32_t)’ in same scope [-Wredundant-decls]
DEBUG [2026-10-09 18:06:19]    45 | int32_t CheckLogLevel(int32_t moduleId, int32_t logLevel);
DEBUG [2026-10-09 18:06:19]       |         ^~~~~~~~~~~~~
DEBUG [2026-10-09 18:06:19] In file included from <command-line>:
DEBUG [2026-10-09 18:06:19] /ws/source/vllm-ascend/csrc/common/include/cann_compat.h:24:9: note: previous declaration of ‘int32_t CheckLogLevel(int32_t, int32_t)’
DEBUG [2026-10-09 18:06:19]    24 | int32_t CheckLogLevel(int32_t moduleId, int32_t logLevel);
DEBUG [2026-10-09 18:06:19]       |         ^~~~~~~~~~~~~
DEBUG [2026-10-09 18:06:19] /usr/local/Ascend/cann-9.1.0/aarch64-linux/include/op_common/log/log.h:46:6: warning: redundant redeclaration of ‘void DlogRecord(int32_t, int32_t, const char*, ...)’ in same scope [-Wredundant-decls]
DEBUG [2026-10-09 18:06:19]    46 | void DlogRecord(int32_t moduleId, int32_t level, const char* fmt, ...);
DEBUG [2026-10-09 18:06:19]       |      ^~~~~~~~~~
DEBUG [2026-10-09 18:06:19] /ws/source/vllm-ascend/csrc/common/include/cann_compat.h:25:6: note: previous declaration of ‘void DlogRecord(int32_t, int32_t, const char*, ...)’
DEBUG [2026-10-09 18:06:19]    25 | void DlogRecord(int32_t moduleId, int32_t level, const char *fmt, ...);
DEBUG [2026-10-09 18:06:19]       |      ^~~~~~~~~~
DEBUG [2026-10-09 18:06:19] [52/69] Building CXX object gmm/grouped_matmul_swiglu_quant/op_host/CMakeFiles/ophost_transformer_tiling_obj.dir/__/__/__/attention/quant_lightning_indexer_v2/op_host/quant_lightning_indexer_v2_tiling.cpp.o
DEBUG [2026-10-09 18:06:19] In file included from /ws/source/vllm-ascend/csrc/attention/quant_lightning_indexer_v2/op_host/quant_lightning_indexer_v2_tiling.cpp:18:
DEBUG [2026-10-09 18:06:19] /ws/source/vllm-ascend/csrc/attention/quant_lightning_indexer_v2/op_host/../op_kernel/quant_lightning_indexer_v2_template_tiling_key.h:33:6: warning: "__CCE_AICORE__" is not defined, evaluates to 0 [-Wundef]
DEBUG [2026-10-09 18:06:19]    33 | #if (__CCE_AICORE__ == 310)
DEBUG [2026-10-09 18:06:19]       |      ^~~~~~~~~~~~~~
DEBUG [2026-10-09 18:06:19] In file included from /ws/source/vllm-ascend/csrc/common/include/err/ops_err.h:19,
DEBUG [2026-10-09 18:06:19]                  from /ws/source/vllm-ascend/csrc/attention/quant_lightning_indexer_v2/op_host/quant_lightning_indexer_v2_tiling.h:19,
DEBUG [2026-10-09 18:06:19]                  from /ws/source/vllm-ascend/csrc/attention/quant_lightning_indexer_v2/op_host/quant_lightning_indexer_v2_tiling.cpp:16:
DEBUG [2026-10-09 18:06:19] /usr/local/Ascend/cann-9.1.0/aarch64-linux/include/op_common/log/log.h:45:9: warning: redundant redeclaration of ‘int32_t CheckLogLevel(int32_t, int32_t)’ in same scope [-Wredundant-decls]
DEBUG [2026-10-09 18:06:19]    45 | int32_t CheckLogLevel(int32_t moduleId, int32_t logLevel);
DEBUG [2026-10-09 18:06:19]       |         ^~~~~~~~~~~~~
DEBUG [2026-10-09 18:06:19] In file included from <command-line>:
DEBUG [2026-10-09 18:06:19] /ws/source/vllm-ascend/csrc/common/include/cann_compat.h:24:9: note: previous declaration of ‘int32_t CheckLogLevel(int32_t, int32_t)’
DEBUG [2026-10-09 18:06:19]    24 | int32_t CheckLogLevel(int32_t moduleId, int32_t logLevel);
DEBUG [2026-10-09 18:06:19]       |         ^~~~~~~~~~~~~
DEBUG [2026-10-09 18:06:19] /usr/local/Ascend/cann-9.1.0/aarch64-linux/include/op_common/log/log.h:46:6: warning: redundant redeclaration of ‘void DlogRecord(int32_t, int32_t, const char*, ...)’ in same scope [-Wredundant-decls]
DEBUG [2026-10-09 18:06:19]    46 | void DlogRecord(int32_t moduleId, int32_t level, const char* fmt, ...);
DEBUG [2026-10-09 18:06:19]       |      ^~~~~~~~~~
DEBUG [2026-10-09 18:06:19] /ws/source/vllm-ascend/csrc/common/include/cann_compat.h:25:6: note: previous declaration of ‘void DlogRecord(int32_t, int32_t, const char*, ...)’
DEBUG [2026-10-09 18:06:19]    25 | void DlogRecord(int32_t moduleId, int32_t level, const char *fmt, ...);
DEBUG [2026-10-09 18:06:19]       |      ^~~~~~~~~~
DEBUG [2026-10-09 18:06:19] /ws/source/vllm-ascend/csrc/attention/quant_lightning_indexer_v2/op_host/quant_lightning_indexer_v2_tiling.cpp: In member function ‘ge::graphStatus optiling::QLIV2InfoParser::CheckAttrParaInfo()’:
DEBUG [2026-10-09 18:06:19] /ws/source/vllm-ascend/csrc/attention/quant_lightning_indexer_v2/op_host/quant_lightning_indexer_v2_tiling.cpp:359:38: warning: format ‘%d’ expects argument of type ‘int’, but argument 6 has type ‘unsigned int’ [-Wformat=]
DEBUG [2026-10-09 18:06:19]   359 |                     OP_LOGE(opName_, "input attr sparse_count must > 0 and <= %d, but now sparse_count is %d",
DEBUG [2026-10-09 18:06:19]   360 |                             SPARSE_LIMIT, *opParamInfo_.sparseCount),
DEBUG [2026-10-09 18:06:19]       |                             ~~~~~~~~~~~~
DEBUG [2026-10-09 18:06:19]       |                             |
DEBUG [2026-10-09 18:06:19]       |                             unsigned int
DEBUG [2026-10-09 18:06:19] /usr/local/Ascend/cann-9.1.0/aarch64-linux/include/op_common/log/log.h:1130:13: note: in definition of macro ‘OP_CHECK_IF’
DEBUG [2026-10-09 18:06:19]  1130 |             log;                                 \
DEBUG [2026-10-09 18:06:19]       |             ^~~
DEBUG [2026-10-09 18:06:19] /ws/source/vllm-ascend/csrc/attention/quant_lightning_indexer_v2/op_host/quant_lightning_indexer_v2_tiling.cpp:359:21: note: in expansion of macro ‘OP_LOGE’
DEBUG [2026-10-09 18:06:19]   359 |                     OP_LOGE(opName_, "input attr sparse_count must > 0 and <= %d, but now sparse_count is %d",
DEBUG [2026-10-09 18:06:19]       |                     ^~~~~~~
DEBUG [2026-10-09 18:06:19] /ws/source/vllm-ascend/csrc/attention/quant_lightning_indexer_v2/op_host/quant_lightning_indexer_v2_tiling.cpp:365:29: warning: format ‘%ld’ expects argument of type ‘long int’, but argument 6 has type ‘int’ [-Wformat=]
DEBUG [2026-10-09 18:06:19]   365 |                             "input attr cmpRatio must > 0 and <= 128 and should be powers of 2,"
DEBUG [2026-10-09 18:06:19]   366 |                             " but now cmpRatio is %ld.",
DEBUG [2026-10-09 18:06:19]   367 |                             *opParamInfo_.cmpRatio),
DEBUG [2026-10-09 18:06:19]       |                             ~~~~~~~~~~~~~~~~~~~~~~
DEBUG [2026-10-09 18:06:19]       |                             |
DEBUG [2026-10-09 18:06:19]       |                             int
DEBUG [2026-10-09 18:06:19] /usr/local/Ascend/cann-9.1.0/aarch64-linux/include/op_common/log/log.h:1130:13: note: in definition of macro ‘OP_CHECK_IF’
DEBUG [2026-10-09 18:06:19]  1130 |             log;                                 \
DEBUG [2026-10-09 18:06:19]       |             ^~~
DEBUG [2026-10-09 18:06:19] /ws/source/vllm-ascend/csrc/attention/quant_lightning_indexer_v2/op_host/quant_lightning_indexer_v2_tiling.cpp:364:21: note: in expansion of macro ‘OP_LOGE’
DEBUG [2026-10-09 18:06:19]   364 |                     OP_LOGE(opName_,
DEBUG [2026-10-09 18:06:19]       |                     ^~~~~~~
DEBUG [2026-10-09 18:06:19] /ws/source/vllm-ascend/csrc/attention/quant_lightning_indexer_v2/op_host/quant_lightning_indexer_v2_tiling.cpp:366:53: note: format string is defined here
DEBUG [2026-10-09 18:06:19]   366 |                             " but now cmpRatio is %ld.",
DEBUG [2026-10-09 18:06:19]       |                                                   ~~^
DEBUG [2026-10-09 18:06:19]       |                                                     |
DEBUG [2026-10-09 18:06:19]       |                                                     long int
DEBUG [2026-10-09 18:06:19]       |                                                   %d
DEBUG [2026-10-09 18:06:19] /ws/source/vllm-ascend/csrc/attention/quant_lightning_indexer_v2/op_host/quant_lightning_indexer_v2_tiling.cpp: In member function ‘ge::graphStatus optiling::QLIV2InfoParser::CheckKeyContiguous() const’:
DEBUG [2026-10-09 18:06:19] /ws/source/vllm-ascend/csrc/attention/quant_lightning_indexer_v2/op_host/quant_lightning_indexer_v2_tiling.cpp:1471:66: warning: narrowing conversion of ‘(((& shape)->gert::Shape::GetDim(1) * (& shape)->gert::Shape::GetDim(2)) * (& shape)->gert::Shape::GetDim(3))’ from ‘int64_t’ {aka ‘long int’} to ‘unsigned int’ [-Wnarrowing]
DEBUG [2026-10-09 18:06:19]  1471 |             expectedStrides = {shape.GetDim(1) * shape.GetDim(2) * shape.GetDim(3), shape.GetDim(2) * shape.GetDim(3),
DEBUG [2026-10-09 18:06:19]       |                                ~~~~~~~~~~~~~~~~~~~~~~~~~~~~~~~~~~^~~~~~~~~~~~~~~~~
DEBUG [2026-10-09 18:06:19] /ws/source/vllm-ascend/csrc/attention/quant_lightning_indexer_v2/op_host/quant_lightning_indexer_v2_tiling.cpp:1471:66: warning: narrowing conversion of ‘(((& shape)->gert::Shape::GetDim(1) * (& shape)->gert::Shape::GetDim(2)) * (& shape)->gert::Shape::GetDim(3))’ from ‘int64_t’ {aka ‘long int’} to ‘unsigned int’ [-Wnarrowing]
DEBUG [2026-10-09 18:06:19] /ws/source/vllm-ascend/csrc/attention/quant_lightning_indexer_v2/op_host/quant_lightning_indexer_v2_tiling.cpp:1471:101: warning: narrowing conversion of ‘((& shape)->gert::Shape::GetDim(2) * (& shape)->gert::Shape::GetDim(3))’ from ‘int64_t’ {aka ‘long int’} to ‘unsigned int’ [-Wnarrowing]
DEBUG [2026-10-09 18:06:19]  1471 |             expectedStrides = {shape.GetDim(1) * shape.GetDim(2) * shape.GetDim(3), shape.GetDim(2) * shape.GetDim(3),
DEBUG [2026-10-09 18:06:19]       |                                                                                     ~~~~~~~~~~~~~~~~^~~~~~~~~~~~~~~~~
DEBUG [2026-10-09 18:06:19] /ws/source/vllm-ascend/csrc/attention/quant_lightning_indexer_v2/op_host/quant_lightning_indexer_v2_tiling.cpp:1471:101: warning: narrowing conversion of ‘((& shape)->gert::Shape::GetDim(2) * (& shape)->gert::Shape::GetDim(3))’ from ‘int64_t’ {aka ‘long int’} to ‘unsigned int’ [-Wnarrowing]
DEBUG [2026-10-09 18:06:19] /ws/source/vllm-ascend/csrc/attention/quant_lightning_indexer_v2/op_host/quant_lightning_indexer_v2_tiling.cpp:1472:44: warning: narrowing conversion of ‘(& shape)->gert::Shape::GetDim(3)’ from ‘int64_t’ {aka ‘long int’} to ‘unsigned int’ [-Wnarrowing]
DEBUG [2026-10-09 18:06:19]  1472 |                                shape.GetDim(3), 1};
DEBUG [2026-10-09 18:06:19]       |                                ~~~~~~~~~~~~^~~
DEBUG [2026-10-09 18:06:19] /ws/source/vllm-ascend/csrc/attention/quant_lightning_indexer_v2/op_host/quant_lightning_indexer_v2_tiling.cpp:1472:44: warning: narrowing conversion of ‘(& shape)->gert::Shape::GetDim(3)’ from ‘int64_t’ {aka ‘long int’} to ‘unsigned int’ [-Wnarrowing]
DEBUG [2026-10-09 18:06:19] /ws/source/vllm-ascend/csrc/attention/quant_lightning_indexer_v2/op_host/quant_lightning_indexer_v2_tiling.cpp:1474:48: warning: narrowing conversion of ‘((& shape)->gert::Shape::GetDim(1) * (& shape)->gert::Shape::GetDim(2))’ from ‘int64_t’ {aka ‘long int’} to ‘unsigned int’ [-Wnarrowing]
DEBUG [2026-10-09 18:06:19]  1474 |             expectedStrides = {shape.GetDim(1) * shape.GetDim(2), shape.GetDim(2), 1};
DEBUG [2026-10-09 18:06:19]       |                                ~~~~~~~~~~~~~~~~^~~~~~~~~~~~~~~~~
DEBUG [2026-10-09 18:06:19] /ws/source/vllm-ascend/csrc/attention/quant_lightning_indexer_v2/op_host/quant_lightning_indexer_v2_tiling.cpp:1474:48: warning: narrowing conversion of ‘((& shape)->gert::Shape::GetDim(1) * (& shape)->gert::Shape::GetDim(2))’ from ‘int64_t’ {aka ‘long int’} to ‘unsigned int’ [-Wnarrowing]
DEBUG [2026-10-09 18:06:19] /ws/source/vllm-ascend/csrc/attention/quant_lightning_indexer_v2/op_host/quant_lightning_indexer_v2_tiling.cpp:1474:79: warning: narrowing conversion of ‘(& shape)->gert::Shape::GetDim(2)’ from ‘int64_t’ {aka ‘long int’} to ‘unsigned int’ [-Wnarrowing]
DEBUG [2026-10-09 18:06:19]  1474 |             expectedStrides = {shape.GetDim(1) * shape.GetDim(2), shape.GetDim(2), 1};
DEBUG [2026-10-09 18:06:19]       |                                                                   ~~~~~~~~~~~~^~~
DEBUG [2026-10-09 18:06:19] /ws/source/vllm-ascend/csrc/attention/quant_lightning_indexer_v2/op_host/quant_lightning_indexer_v2_tiling.cpp:1474:79: warning: narrowing conversion of ‘(& shape)->gert::Shape::GetDim(2)’ from ‘int64_t’ {aka ‘long int’} to ‘unsigned int’ [-Wnarrowing]
DEBUG [2026-10-09 18:06:19] /ws/source/vllm-ascend/csrc/attention/quant_lightning_indexer_v2/op_host/quant_lightning_indexer_v2_tiling.cpp:1490:88: warning: narrowing conversion of ‘((((& shape)->gert::Shape::GetDim(1) * (& shape)->gert::Shape::GetDim(2)) * (& shape)->gert::Shape::GetDim(3)) * (& shape)->gert::Shape::GetDim(4))’ from ‘int64_t’ {aka ‘long int’} to ‘unsigned int’ [-Wnarrowing]
DEBUG [2026-10-09 18:06:19]  1490 |                 expectedStrides = {shape.GetDim(1) * shape.GetDim(2) * shape.GetDim(3) * shape.GetDim(4),
DEBUG [2026-10-09 18:06:19]       |                                    ~~~~~~~~~~~~~~~~~~~~~~~~~~~~~~~~~~~~~~~~~~~~~~~~~~~~^~~~~~~~~~~~~~~~~
DEBUG [2026-10-09 18:06:19] /ws/source/vllm-ascend/csrc/attention/quant_lightning_indexer_v2/op_host/quant_lightning_indexer_v2_tiling.cpp:1490:88: warning: narrowing conversion of ‘((((& shape)->gert::Shape::GetDim(1) * (& shape)->gert::Shape::GetDim(2)) * (& shape)->gert::Shape::GetDim(3)) * (& shape)->gert::Shape::GetDim(4))’ from ‘int64_t’ {aka ‘long int’} to ‘unsigned int’ [-Wnarrowing]
DEBUG [2026-10-09 18:06:19] /ws/source/vllm-ascend/csrc/attention/quant_lightning_indexer_v2/op_host/quant_lightning_indexer_v2_tiling.cpp:1491:70: warning: narrowing conversion of ‘(((& shape)->gert::Shape::GetDim(2) * (& shape)->gert::Shape::GetDim(3)) * (& shape)->gert::Shape::GetDim(4))’ from ‘int64_t’ {aka ‘long int’} to ‘unsigned int’ [-Wnarrowing]
DEBUG [2026-10-09 18:06:19]  1491 |                                    shape.GetDim(2) * shape.GetDim(3) * shape.GetDim(4),
DEBUG [2026-10-09 18:06:19]       |                                    ~~~~~~~~~~~~~~~~~~~~~~~~~~~~~~~~~~^~~~~~~~~~~~~~~~~
DEBUG [2026-10-09 18:06:19] /ws/source/vllm-ascend/csrc/attention/quant_lightning_indexer_v2/op_host/quant_lightning_indexer_v2_tiling.cpp:1491:70: warning: narrowing conversion of ‘(((& shape)->gert::Shape::GetDim(2) * (& shape)->gert::Shape::GetDim(3)) * (& shape)->gert::Shape::GetDim(4))’ from ‘int64_t’ {aka ‘long int’} to ‘unsigned int’ [-Wnarrowing]
DEBUG [2026-10-09 18:06:19] /ws/source/vllm-ascend/csrc/attention/quant_lightning_indexer_v2/op_host/quant_lightning_indexer_v2_tiling.cpp:1492:52: warning: narrowing conversion of ‘((& shape)->gert::Shape::GetDim(3) * (& shape)->gert::Shape::GetDim(4))’ from ‘int64_t’ {aka ‘long int’} to ‘unsigned int’ [-Wnarrowing]
DEBUG [2026-10-09 18:06:19]  1492 |                                    shape.GetDim(3) * shape.GetDim(4), shape.GetDim(4), 1};
DEBUG [2026-10-09 18:06:19]       |                                    ~~~~~~~~~~~~~~~~^~~~~~~~~~~~~~~~~
DEBUG [2026-10-09 18:06:19] /ws/source/vllm-ascend/csrc/attention/quant_lightning_indexer_v2/op_host/quant_lightning_indexer_v2_tiling.cpp:1492:52: warning: narrowing conversion of ‘((& shape)->gert::Shape::GetDim(3) * (& shape)->gert::Shape::GetDim(4))’ from ‘int64_t’ {aka ‘long int’} to ‘unsigned int’ [-Wnarrowing]
DEBUG [2026-10-09 18:06:19] /ws/source/vllm-ascend/csrc/attention/quant_lightning_indexer_v2/op_host/quant_lightning_indexer_v2_tiling.cpp:1492:83: warning: narrowing conversion of ‘(& shape)->gert::Shape::GetDim(4)’ from ‘int64_t’ {aka ‘long int’} to ‘unsigned int’ [-Wnarrowing]
DEBUG [2026-10-09 18:06:19]  1492 |                                    shape.GetDim(3) * shape.GetDim(4), shape.GetDim(4), 1};
DEBUG [2026-10-09 18:06:19]       |                                                                       ~~~~~~~~~~~~^~~
DEBUG [2026-10-09 18:06:19] /ws/source/vllm-ascend/csrc/attention/quant_lightning_indexer_v2/op_host/quant_lightning_indexer_v2_tiling.cpp:1492:83: warning: narrowing conversion of ‘(& shape)->gert::Shape::GetDim(4)’ from ‘int64_t’ {aka ‘long int’} to ‘unsigned int’ [-Wnarrowing]
DEBUG [2026-10-09 18:06:19] /ws/source/vllm-ascend/csrc/attention/quant_lightning_indexer_v2/op_host/quant_lightning_indexer_v2_tiling.cpp:1494:70: warning: narrowing conversion of ‘(((& shape)->gert::Shape::GetDim(1) * (& shape)->gert::Shape::GetDim(2)) * (& shape)->gert::Shape::GetDim(3))’ from ‘int64_t’ {aka ‘long int’} to ‘unsigned int’ [-Wnarrowing]
DEBUG [2026-10-09 18:06:19]  1494 |                 expectedStrides = {shape.GetDim(1) * shape.GetDim(2) * shape.GetDim(3),
DEBUG [2026-10-09 18:06:19]       |                                    ~~~~~~~~~~~~~~~~~~~~~~~~~~~~~~~~~~^~~~~~~~~~~~~~~~~
DEBUG [2026-10-09 18:06:19] /ws/source/vllm-ascend/csrc/attention/quant_lightning_indexer_v2/op_host/quant_lightning_indexer_v2_tiling.cpp:1494:70: warning: narrowing conversion of ‘(((& shape)->gert::Shape::GetDim(1) * (& shape)->gert::Shape::GetDim(2)) * (& shape)->gert::Shape::GetDim(3))’ from ‘int64_t’ {aka ‘long int’} to ‘unsigned int’ [-Wnarrowing]
DEBUG [2026-10-09 18:06:19] /ws/source/vllm-ascend/csrc/attention/quant_lightning_indexer_v2/op_host/quant_lightning_indexer_v2_tiling.cpp:1495:52: warning: narrowing conversion of ‘((& shape)->gert::Shape::GetDim(2) * (& shape)->gert::Shape::GetDim(3))’ from ‘int64_t’ {aka ‘long int’} to ‘unsigned int’ [-Wnarrowing]
DEBUG [2026-10-09 18:06:19]  1495 |                                    shape.GetDim(2) * shape.GetDim(3), shape.GetDim(3), 1};
DEBUG [2026-10-09 18:06:19]       |                                    ~~~~~~~~~~~~~~~~^~~~~~~~~~~~~~~~~
DEBUG [2026-10-09 18:06:19] /ws/source/vllm-ascend/csrc/attention/quant_lightning_indexer_v2/op_host/quant_lightning_indexer_v2_tiling.cpp:1495:52: warning: narrowing conversion of ‘((& shape)->gert::Shape::GetDim(2) * (& shape)->gert::Shape::GetDim(3))’ from ‘int64_t’ {aka ‘long int’} to ‘unsigned int’ [-Wnarrowing]
DEBUG [2026-10-09 18:06:19] /ws/source/vllm-ascend/csrc/attention/quant_lightning_indexer_v2/op_host/quant_lightning_indexer_v2_tiling.cpp:1495:83: warning: narrowing conversion of ‘(& shape)->gert::Shape::GetDim(3)’ from ‘int64_t’ {aka ‘long int’} to ‘unsigned int’ [-Wnarrowing]
DEBUG [2026-10-09 18:06:19]  1495 |                                    shape.GetDim(2) * shape.GetDim(3), shape.GetDim(3), 1};
DEBUG [2026-10-09 18:06:19]       |                                                                       ~~~~~~~~~~~~^~~
DEBUG [2026-10-09 18:06:19] /ws/source/vllm-ascend/csrc/attention/quant_lightning_indexer_v2/op_host/quant_lightning_indexer_v2_tiling.cpp:1495:83: warning: narrowing conversion of ‘(& shape)->gert::Shape::GetDim(3)’ from ‘int64_t’ {aka ‘long int’} to ‘unsigned int’ [-Wnarrowing]
DEBUG [2026-10-09 18:06:28] /ws/source/vllm-ascend/csrc/attention/quant_lightning_indexer_v2/op_host/quant_lightning_indexer_v2_tiling.cpp:1499:52: warning: narrowing conversion of ‘((& shape)->gert::Shape::GetDim(1) * (& shape)->gert::Shape::GetDim(2))’ from ‘int64_t’ {aka ‘long int’} to ‘unsigned int’ [-Wnarrowing]
DEBUG [2026-10-09 18:06:28]  1499 |                 expectedStrides = {shape.GetDim(1) * shape.GetDim(2), shape.GetDim(2), 1};
DEBUG [2026-10-09 18:06:28]       |                                    ~~~~~~~~~~~~~~~~^~~~~~~~~~~~~~~~~
DEBUG [2026-10-09 18:06:28] /ws/source/vllm-ascend/csrc/attention/quant_lightning_indexer_v2/op_host/quant_lightning_indexer_v2_tiling.cpp:1499:52: warning: narrowing conversion of ‘((& shape)->gert::Shape::GetDim(1) * (& shape)->gert::Shape::GetDim(2))’ from ‘int64_t’ {aka ‘long int’} to ‘unsigned int’ [-Wnarrowing]
DEBUG [2026-10-09 18:06:28] /ws/source/vllm-ascend/csrc/attention/quant_lightning_indexer_v2/op_host/quant_lightning_indexer_v2_tiling.cpp:1499:83: warning: narrowing conversion of ‘(& shape)->gert::Shape::GetDim(2)’ from ‘int64_t’ {aka ‘long int’} to ‘unsigned int’ [-Wnarrowing]
DEBUG [2026-10-09 18:06:28]  1499 |                 expectedStrides = {shape.GetDim(1) * shape.GetDim(2), shape.GetDim(2), 1};
DEBUG [2026-10-09 18:06:28]       |                                                                       ~~~~~~~~~~~~^~~
DEBUG [2026-10-09 18:06:28] /ws/source/vllm-ascend/csrc/attention/quant_lightning_indexer_v2/op_host/quant_lightning_indexer_v2_tiling.cpp:1499:83: warning: narrowing conversion of ‘(& shape)->gert::Shape::GetDim(2)’ from ‘int64_t’ {aka ‘long int’} to ‘unsigned int’ [-Wnarrowing]
DEBUG [2026-10-09 18:06:28] /ws/source/vllm-ascend/csrc/attention/quant_lightning_indexer_v2/op_host/quant_lightning_indexer_v2_tiling.cpp:1501:48: warning: narrowing conversion of ‘(& shape)->gert::Shape::GetDim(1)’ from ‘int64_t’ {aka ‘long int’} to ‘unsigned int’ [-Wnarrowing]
DEBUG [2026-10-09 18:06:28]  1501 |                 expectedStrides = {shape.GetDim(1), 1};
DEBUG [2026-10-09 18:06:28]       |                                    ~~~~~~~~~~~~^~~
DEBUG [2026-10-09 18:06:28] /ws/source/vllm-ascend/csrc/attention/quant_lightning_indexer_v2/op_host/quant_lightning_indexer_v2_tiling.cpp:1501:48: warning: narrowing conversion of ‘(& shape)->gert::Shape::GetDim(1)’ from ‘int64_t’ {aka ‘long int’} to ‘unsigned int’ [-Wnarrowing]
DEBUG [2026-10-09 18:06:28] [53/69] Building CXX object common/src/framework/CMakeFiles/op_transformer_onnx_plugin_obj.dir/embedding_bag_onnx_plugin.cpp.o
DEBUG [2026-10-09 18:06:28] [54/69] Building CXX object common/src/framework/CMakeFiles/op_transformer_onnx_plugin_obj.dir/fillwindowcache_onnx_plugin.cpp.o
DEBUG [2026-10-09 18:06:28] [55/69] Building CXX object common/src/framework/CMakeFiles/op_transformer_onnx_plugin_obj.dir/multi_head_attention_onnx_plugin.cpp.o
DEBUG [2026-10-09 18:06:28] [56/69] Building CXX object gmm/grouped_matmul_swiglu_quant/op_host/CMakeFiles/ophost_transformer_tiling_obj.dir/__/__/__/attention/sparse_flash_mla/op_host/checkers/sparse_compression_checker.cpp.o
DEBUG [2026-10-09 18:06:28] In file included from /ws/source/vllm-ascend/csrc/attention/sparse_flash_mla/op_host/checkers/sparse_compression_checker.cpp:12:
DEBUG [2026-10-09 18:06:28] /usr/local/Ascend/cann-9.1.0/aarch64-linux/include/op_common/log/log.h:45:9: warning: redundant redeclaration of ‘int32_t CheckLogLevel(int32_t, int32_t)’ in same scope [-Wredundant-decls]
DEBUG [2026-10-09 18:06:28]    45 | int32_t CheckLogLevel(int32_t moduleId, int32_t logLevel);
DEBUG [2026-10-09 18:06:28]       |         ^~~~~~~~~~~~~
DEBUG [2026-10-09 18:06:28] In file included from <command-line>:
DEBUG [2026-10-09 18:06:28] /ws/source/vllm-ascend/csrc/common/include/cann_compat.h:24:9: note: previous declaration of ‘int32_t CheckLogLevel(int32_t, int32_t)’
DEBUG [2026-10-09 18:06:28]    24 | int32_t CheckLogLevel(int32_t moduleId, int32_t logLevel);
DEBUG [2026-10-09 18:06:28]       |         ^~~~~~~~~~~~~
DEBUG [2026-10-09 18:06:28] /usr/local/Ascend/cann-9.1.0/aarch64-linux/include/op_common/log/log.h:46:6: warning: redundant redeclaration of ‘void DlogRecord(int32_t, int32_t, const char*, ...)’ in same scope [-Wredundant-decls]
DEBUG [2026-10-09 18:06:28]    46 | void DlogRecord(int32_t moduleId, int32_t level, const char* fmt, ...);
DEBUG [2026-10-09 18:06:28]       |      ^~~~~~~~~~
DEBUG [2026-10-09 18:06:28] /ws/source/vllm-ascend/csrc/common/include/cann_compat.h:25:6: note: previous declaration of ‘void DlogRecord(int32_t, int32_t, const char*, ...)’
DEBUG [2026-10-09 18:06:28]    25 | void DlogRecord(int32_t moduleId, int32_t level, const char *fmt, ...);
DEBUG [2026-10-09 18:06:28]       |      ^~~~~~~~~~
DEBUG [2026-10-09 18:06:28] [57/69] Building CXX object gmm/grouped_matmul_swiglu_quant/op_host/CMakeFiles/ophost_transformer_tiling_obj.dir/__/__/__/attention/sparse_flash_mla/op_host/checkers/sparse_flash_mla_checker.cpp.o
DEBUG [2026-10-09 18:06:28] In file included from /ws/source/vllm-ascend/csrc/common/include/err/ops_err.h:19,
DEBUG [2026-10-09 18:06:28]                  from /ws/source/vllm-ascend/csrc/attention/sparse_flash_mla/op_host/checkers/../sparse_flash_mla_tiling.h:22,
DEBUG [2026-10-09 18:06:28]                  from /ws/source/vllm-ascend/csrc/attention/sparse_flash_mla/op_host/checkers/sparse_flash_mla_checker.h:14,
DEBUG [2026-10-09 18:06:28]                  from /ws/source/vllm-ascend/csrc/attention/sparse_flash_mla/op_host/checkers/sparse_flash_mla_checker.cpp:11:
DEBUG [2026-10-09 18:06:28] /usr/local/Ascend/cann-9.1.0/aarch64-linux/include/op_common/log/log.h:45:9: warning: redundant redeclaration of ‘int32_t CheckLogLevel(int32_t, int32_t)’ in same scope [-Wredundant-decls]
DEBUG [2026-10-09 18:06:28]    45 | int32_t CheckLogLevel(int32_t moduleId, int32_t logLevel);
DEBUG [2026-10-09 18:06:28]       |         ^~~~~~~~~~~~~
DEBUG [2026-10-09 18:06:28] In file included from <command-line>:
DEBUG [2026-10-09 18:06:28] /ws/source/vllm-ascend/csrc/common/include/cann_compat.h:24:9: note: previous declaration of ‘int32_t CheckLogLevel(int32_t, int32_t)’
DEBUG [2026-10-09 18:06:28]    24 | int32_t CheckLogLevel(int32_t moduleId, int32_t logLevel);
DEBUG [2026-10-09 18:06:28]       |         ^~~~~~~~~~~~~
DEBUG [2026-10-09 18:06:28] /usr/local/Ascend/cann-9.1.0/aarch64-linux/include/op_common/log/log.h:46:6: warning: redundant redeclaration of ‘void DlogRecord(int32_t, int32_t, const char*, ...)’ in same scope [-Wredundant-decls]
DEBUG [2026-10-09 18:06:28]    46 | void DlogRecord(int32_t moduleId, int32_t level, const char* fmt, ...);
DEBUG [2026-10-09 18:06:28]       |      ^~~~~~~~~~
DEBUG [2026-10-09 18:06:28] /ws/source/vllm-ascend/csrc/common/include/cann_compat.h:25:6: note: previous declaration of ‘void DlogRecord(int32_t, int32_t, const char*, ...)’
DEBUG [2026-10-09 18:06:28]    25 | void DlogRecord(int32_t moduleId, int32_t level, const char *fmt, ...);
DEBUG [2026-10-09 18:06:28]       |      ^~~~~~~~~~
DEBUG [2026-10-09 18:06:28] /ws/source/vllm-ascend/csrc/attention/sparse_flash_mla/op_host/checkers/../sparse_flash_mla_tiling.h:180:57: warning: missing initializer for member ‘optiling::SMLATilingOptionalParaInfo::shape’ [-Wmissing-field-initializers]
DEBUG [2026-10-09 18:06:28]   180 |     SMLATilingOptionalParaInfo oriKv = {nullptr, nullptr};
DEBUG [2026-10-09 18:06:28]       |                                                         ^
DEBUG [2026-10-09 18:06:28] /ws/source/vllm-ascend/csrc/attention/sparse_flash_mla/op_host/checkers/../sparse_flash_mla_tiling.h:181:57: warning: missing initializer for member ‘optiling::SMLATilingOptionalParaInfo::shape’ [-Wmissing-field-initializers]
DEBUG [2026-10-09 18:06:28]   181 |     SMLATilingOptionalParaInfo cmpKv = {nullptr, nullptr};
DEBUG [2026-10-09 18:06:28]       |                                                         ^
DEBUG [2026-10-09 18:06:28] /ws/source/vllm-ascend/csrc/attention/sparse_flash_mla/op_host/checkers/../sparse_flash_mla_tiling.h:182:68: warning: missing initializer for member ‘optiling::SMLATilingOptionalParaInfo::shape’ [-Wmissing-field-initializers]
DEBUG [2026-10-09 18:06:28]   182 |     SMLATilingOptionalParaInfo oriSparseIndices = {nullptr, nullptr};
DEBUG [2026-10-09 18:06:28]       |                                                                    ^
DEBUG [2026-10-09 18:06:28] /ws/source/vllm-ascend/csrc/attention/sparse_flash_mla/op_host/checkers/../sparse_flash_mla_tiling.h:183:68: warning: missing initializer for member ‘optiling::SMLATilingOptionalParaInfo::shape’ [-Wmissing-field-initializers]
DEBUG [2026-10-09 18:06:28]   183 |     SMLATilingOptionalParaInfo cmpSparseIndices = {nullptr, nullptr};
DEBUG [2026-10-09 18:06:28]       |                                                                    ^
DEBUG [2026-10-09 18:06:28] /ws/source/vllm-ascend/csrc/attention/sparse_flash_mla/op_host/checkers/../sparse_flash_mla_tiling.h:184:65: warning: missing initializer for member ‘optiling::SMLATilingOptionalParaInfo::shape’ [-Wmissing-field-initializers]
DEBUG [2026-10-09 18:06:28]   184 |     SMLATilingOptionalParaInfo oriBlockTable = {nullptr, nullptr};
DEBUG [2026-10-09 18:06:28]       |                                                                 ^
DEBUG [2026-10-09 18:06:28] /ws/source/vllm-ascend/csrc/attention/sparse_flash_mla/op_host/checkers/../sparse_flash_mla_tiling.h:185:65: warning: missing initializer for member ‘optiling::SMLATilingOptionalParaInfo::shape’ [-Wmissing-field-initializers]
DEBUG [2026-10-09 18:06:28]   185 |     SMLATilingOptionalParaInfo cmpBlockTable = {nullptr, nullptr};
DEBUG [2026-10-09 18:06:28]       |                                                                 ^
DEBUG [2026-10-09 18:06:28] /ws/source/vllm-ascend/csrc/attention/sparse_flash_mla/op_host/checkers/../sparse_flash_mla_tiling.h:186:62: warning: missing initializer for member ‘optiling::SMLATilingOptionalParaInfo::shape’ [-Wmissing-field-initializers]
DEBUG [2026-10-09 18:06:28]   186 |     SMLATilingOptionalParaInfo cuSeqLensQ = {nullptr, nullptr};
DEBUG [2026-10-09 18:06:28]       |                                                              ^
DEBUG [2026-10-09 18:06:28] /ws/source/vllm-ascend/csrc/attention/sparse_flash_mla/op_host/checkers/../sparse_flash_mla_tiling.h:187:66: warning: missing initializer for member ‘optiling::SMLATilingOptionalParaInfo::shape’ [-Wmissing-field-initializers]
DEBUG [2026-10-09 18:06:28]   187 |     SMLATilingOptionalParaInfo cuSeqLensOriKv = {nullptr, nullptr}; // A5
DEBUG [2026-10-09 18:06:28]       |                                                                  ^
DEBUG [2026-10-09 18:06:28] /ws/source/vllm-ascend/csrc/attention/sparse_flash_mla/op_host/checkers/../sparse_flash_mla_tiling.h:188:66: warning: missing initializer for member ‘optiling::SMLATilingOptionalParaInfo::shape’ [-Wmissing-field-initializers]
DEBUG [2026-10-09 18:06:28]   188 |     SMLATilingOptionalParaInfo cuSeqLensCmpKv = {nullptr, nullptr}; // A5
DEBUG [2026-10-09 18:06:28]       |                                                                  ^
DEBUG [2026-10-09 18:06:28] /ws/source/vllm-ascend/csrc/attention/sparse_flash_mla/op_host/checkers/../sparse_flash_mla_tiling.h:189:63: warning: missing initializer for member ‘optiling::SMLATilingOptionalParaInfo::shape’ [-Wmissing-field-initializers]
DEBUG [2026-10-09 18:06:28]   189 |     SMLATilingOptionalParaInfo cuSeqLensKv = {nullptr, nullptr};    // A2/A3
DEBUG [2026-10-09 18:06:28]       |                                                               ^
DEBUG [2026-10-09 18:06:28] /ws/source/vllm-ascend/csrc/attention/sparse_flash_mla/op_host/checkers/../sparse_flash_mla_tiling.h:190:60: warning: missing initializer for member ‘optiling::SMLATilingOptionalParaInfo::shape’ [-Wmissing-field-initializers]
DEBUG [2026-10-09 18:06:28]   190 |     SMLATilingOptionalParaInfo seqUsedQ = {nullptr, nullptr};
DEBUG [2026-10-09 18:06:28]       |                                                            ^
DEBUG [2026-10-09 18:06:28] /ws/source/vllm-ascend/csrc/attention/sparse_flash_mla/op_host/checkers/../sparse_flash_mla_tiling.h:191:64: warning: missing initializer for member ‘optiling::SMLATilingOptionalParaInfo::shape’ [-Wmissing-field-initializers]
DEBUG [2026-10-09 18:06:28]   191 |     SMLATilingOptionalParaInfo sequsedOriKv = {nullptr, nullptr};
DEBUG [2026-10-09 18:06:28]       |                                                                ^
DEBUG [2026-10-09 18:06:28] /ws/source/vllm-ascend/csrc/attention/sparse_flash_mla/op_host/checkers/../sparse_flash_mla_tiling.h:192:64: warning: missing initializer for member ‘optiling::SMLATilingOptionalParaInfo::shape’ [-Wmissing-field-initializers]
DEBUG [2026-10-09 18:06:28]   192 |     SMLATilingOptionalParaInfo sequsedCmpKv = {nullptr, nullptr};
DEBUG [2026-10-09 18:06:28]       |                                                                ^
DEBUG [2026-10-09 18:06:28] /ws/source/vllm-ascend/csrc/attention/sparse_flash_mla/op_host/checkers/../sparse_flash_mla_tiling.h:193:65: warning: missing initializer for member ‘optiling::SMLATilingOptionalParaInfo::shape’ [-Wmissing-field-initializers]
DEBUG [2026-10-09 18:06:28]   193 |     SMLATilingOptionalParaInfo cmpResidualKv = {nullptr, nullptr};
DEBUG [2026-10-09 18:06:28]       |                                                                 ^
DEBUG [2026-10-09 18:06:28] /ws/source/vllm-ascend/csrc/attention/sparse_flash_mla/op_host/checkers/../sparse_flash_mla_tiling.h:194:65: warning: missing initializer for member ‘optiling::SMLATilingOptionalParaInfo::shape’ [-Wmissing-field-initializers]
DEBUG [2026-10-09 18:06:28]   194 |     SMLATilingOptionalParaInfo oriTopkLength = {nullptr, nullptr};
DEBUG [2026-10-09 18:06:28]       |                                                                 ^
DEBUG [2026-10-09 18:06:28] /ws/source/vllm-ascend/csrc/attention/sparse_flash_mla/op_host/checkers/../sparse_flash_mla_tiling.h:195:65: warning: missing initializer for member ‘optiling::SMLATilingOptionalParaInfo::shape’ [-Wmissing-field-initializers]
DEBUG [2026-10-09 18:06:28]   195 |     SMLATilingOptionalParaInfo cmpTopkLength = {nullptr, nullptr};
DEBUG [2026-10-09 18:06:28]       |                                                                 ^
DEBUG [2026-10-09 18:06:28] /ws/source/vllm-ascend/csrc/attention/sparse_flash_mla/op_host/checkers/../sparse_flash_mla_tiling.h:196:57: warning: missing initializer for member ‘optiling::SMLATilingOptionalParaInfo::shape’ [-Wmissing-field-initializers]
DEBUG [2026-10-09 18:06:28]   196 |     SMLATilingOptionalParaInfo sinks = {nullptr, nullptr};
DEBUG [2026-10-09 18:06:28]       |                                                         ^
DEBUG [2026-10-09 18:06:28] /ws/source/vllm-ascend/csrc/attention/sparse_flash_mla/op_host/checkers/../sparse_flash_mla_tiling.h:197:60: warning: missing initializer for member ‘optiling::SMLATilingOptionalParaInfo::shape’ [-Wmissing-field-initializers]
DEBUG [2026-10-09 18:06:28]   197 |     SMLATilingOptionalParaInfo metadata = {nullptr, nullptr};
DEBUG [2026-10-09 18:06:28]       |                                                            ^
DEBUG [2026-10-09 18:06:28] /ws/source/vllm-ascend/csrc/attention/sparse_flash_mla/op_host/checkers/../sparse_flash_mla_tiling.h:292:7: warning: ‘class optiling::SMLATilingCheck’ has virtual functions and accessible non-virtual destructor [-Wnon-virtual-dtor]
DEBUG [2026-10-09 18:06:28]   292 | class SMLATilingCheck {
DEBUG [2026-10-09 18:06:28]       |       ^~~~~~~~~~~~~~~
DEBUG [2026-10-09 18:06:28] /ws/source/vllm-ascend/csrc/attention/sparse_flash_mla/op_host/checkers/../sparse_flash_mla_tiling.h:213:20: warning: ‘std::string optiling::SMLADataTypeToSerialString(ge::DataType)’ declared ‘static’ but never defined [-Wunused-function]
DEBUG [2026-10-09 18:06:28]   213 | static std::string SMLADataTypeToSerialString(ge::DataType type);
DEBUG [2026-10-09 18:06:28]       |                    ^~~~~~~~~~~~~~~~~~~~~~~~~~
DEBUG [2026-10-09 18:06:28] [58/69] Building CXX object gmm/grouped_matmul_swiglu_quant/op_host/CMakeFiles/ophost_transformer_tiling_obj.dir/__/__/__/attention/sparse_attn_sharedkv/op_host/sparse_attn_sharedkv_tiling.cpp.o
DEBUG [2026-10-09 18:06:28] In file included from /ws/source/vllm-ascend/csrc/attention/sparse_attn_sharedkv/op_host/sparse_attn_sharedkv_tiling.h:24,
DEBUG [2026-10-09 18:06:28]                  from /ws/source/vllm-ascend/csrc/attention/sparse_attn_sharedkv/op_host/sparse_attn_sharedkv_tiling.cpp:16:
DEBUG [2026-10-09 18:06:28] /usr/local/Ascend/cann-9.1.0/aarch64-linux/include/op_common/log/log.h:45:9: warning: redundant redeclaration of ‘int32_t CheckLogLevel(int32_t, int32_t)’ in same scope [-Wredundant-decls]
DEBUG [2026-10-09 18:06:28]    45 | int32_t CheckLogLevel(int32_t moduleId, int32_t logLevel);
DEBUG [2026-10-09 18:06:28]       |         ^~~~~~~~~~~~~
DEBUG [2026-10-09 18:06:28] In file included from <command-line>:
DEBUG [2026-10-09 18:06:28] /ws/source/vllm-ascend/csrc/common/include/cann_compat.h:24:9: note: previous declaration of ‘int32_t CheckLogLevel(int32_t, int32_t)’
DEBUG [2026-10-09 18:06:28]    24 | int32_t CheckLogLevel(int32_t moduleId, int32_t logLevel);
DEBUG [2026-10-09 18:06:28]       |         ^~~~~~~~~~~~~
DEBUG [2026-10-09 18:06:28] /usr/local/Ascend/cann-9.1.0/aarch64-linux/include/op_common/log/log.h:46:6: warning: redundant redeclaration of ‘void DlogRecord(int32_t, int32_t, const char*, ...)’ in same scope [-Wredundant-decls]
DEBUG [2026-10-09 18:06:28]    46 | void DlogRecord(int32_t moduleId, int32_t level, const char* fmt, ...);
DEBUG [2026-10-09 18:06:28]       |      ^~~~~~~~~~
DEBUG [2026-10-09 18:06:28] /ws/source/vllm-ascend/csrc/common/include/cann_compat.h:25:6: note: previous declaration of ‘void DlogRecord(int32_t, int32_t, const char*, ...)’
DEBUG [2026-10-09 18:06:28]    25 | void DlogRecord(int32_t moduleId, int32_t level, const char *fmt, ...);
DEBUG [2026-10-09 18:06:28]       |      ^~~~~~~~~~
DEBUG [2026-10-09 18:06:28] /ws/source/vllm-ascend/csrc/attention/sparse_attn_sharedkv/op_host/sparse_attn_sharedkv_tiling.h:288:7: warning: ‘class optiling::SASTilingCheck’ has virtual functions and accessible non-virtual destructor [-Wnon-virtual-dtor]
DEBUG [2026-10-09 18:06:28]   288 | class SASTilingCheck {
DEBUG [2026-10-09 18:06:28]       |       ^~~~~~~~~~~~~~
DEBUG [2026-10-09 18:06:28] /ws/source/vllm-ascend/csrc/attention/sparse_attn_sharedkv/op_host/sparse_attn_sharedkv_tiling.cpp: In member function ‘void optiling::SASInfoParser::SetSASShape()’:
DEBUG [2026-10-09 18:06:28] /ws/source/vllm-ascend/csrc/attention/sparse_attn_sharedkv/op_host/sparse_attn_sharedkv_tiling.cpp:438:22: warning: unused variable ‘cmpSparseIndicesT’ [-Wunused-variable]
DEBUG [2026-10-09 18:06:28]   438 |             uint32_t cmpSparseIndicesT = GetAxisNum(cmpSparseIndicesShape_, SASAxis::T, cmpSparseIndicesLayout_);
DEBUG [2026-10-09 18:06:28]       |                      ^~~~~~~~~~~~~~~~~
DEBUG [2026-10-09 18:06:28] In file included from /usr/local/Ascend/cann-9.1.0/aarch64-linux/include/op_common/log/log.h:24:
DEBUG [2026-10-09 18:06:28] /ws/source/vllm-ascend/csrc/attention/sparse_attn_sharedkv/op_host/sparse_attn_sharedkv_tiling.cpp: In member function ‘ge::graphStatus optiling::SASInfoParser::GetMaxBlockNumPerBatch()’:
DEBUG [2026-10-09 18:06:28] /ws/source/vllm-ascend/csrc/attention/sparse_attn_sharedkv/op_host/sparse_attn_sharedkv_tiling.cpp:589:26: warning: format ‘%lld’ expects argument of type ‘long long int’, but argument 7 has type ‘int64_t’ {aka ‘long int’} [-Wformat=]
DEBUG [2026-10-09 18:06:28]   589 |         OP_LOGE(opName_, "%s's second dimension(%lld) should be non-negative number.",
DEBUG [2026-10-09 18:06:28]   590 |             ORI_BLOCK_TABLE_NAME.c_str(), opParamInfo_.oriBlockTable.tensor->GetStorageShape().GetDim(1));
DEBUG [2026-10-09 18:06:28]       |                                           ~~~~~~~~~~~~~~~~~~~~~~~~~~~~~~~~~~~~~~~~~~~~~~~~~~~~~~~~~~~~~~
DEBUG [2026-10-09 18:06:28]       |                                                                                                      |
DEBUG [2026-10-09 18:06:28]       |                                                                                                      int64_t {aka long int}
DEBUG [2026-10-09 18:06:28] /ws/source/vllm-ascend/csrc/attention/sparse_attn_sharedkv/op_host/sparse_attn_sharedkv_tiling.cpp:589:9: note: in expansion of macro ‘OP_LOGE’
DEBUG [2026-10-09 18:06:28]   589 |         OP_LOGE(opName_, "%s's second dimension(%lld) should be non-negative number.",
DEBUG [2026-10-09 18:06:28]       |         ^~~~~~~
DEBUG [2026-10-09 18:06:28] /ws/source/vllm-ascend/csrc/attention/sparse_attn_sharedkv/op_host/sparse_attn_sharedkv_tiling.cpp:603:34: warning: format ‘%u’ expects argument of type ‘unsigned int’, but argument 6 has type ‘int64_t’ {aka ‘long int’} [-Wformat=]
DEBUG [2026-10-09 18:06:28]   603 |                 OP_LOGE(opName_, "cmp_block_table's first dimension(%u) should be equal to query's B(%u).",
DEBUG [2026-10-09 18:06:28]   604 |                     opParamInfo_.cmpBlockTable.tensor->GetStorageShape().GetDim(1), bSize_ - 1);
DEBUG [2026-10-09 18:06:28]       |                     ~~~~~~~~~~~~~~~~~~~~~~~~~~~~~~~~~~~~~~~~~~~~~~~~~~~~~~~~~~~~~~
DEBUG [2026-10-09 18:06:28]       |                                                                                |
DEBUG [2026-10-09 18:06:28]       |                                                                                int64_t {aka long int}
DEBUG [2026-10-09 18:06:28] /ws/source/vllm-ascend/csrc/attention/sparse_attn_sharedkv/op_host/sparse_attn_sharedkv_tiling.cpp:603:17: note: in expansion of macro ‘OP_LOGE’
DEBUG [2026-10-09 18:06:28]   603 |                 OP_LOGE(opName_, "cmp_block_table's first dimension(%u) should be equal to query's B(%u).",
DEBUG [2026-10-09 18:06:28]       |                 ^~~~~~~
DEBUG [2026-10-09 18:06:28] /ws/source/vllm-ascend/csrc/attention/sparse_attn_sharedkv/op_host/sparse_attn_sharedkv_tiling.cpp:609:34: warning: format ‘%u’ expects argument of type ‘unsigned int’, but argument 6 has type ‘int64_t’ {aka ‘long int’} [-Wformat=]
DEBUG [2026-10-09 18:06:28]   609 |                 OP_LOGE(opName_, "cmp_block_table's first dimension(%u) should be equal to query's B(%u).",
DEBUG [2026-10-09 18:06:28]   610 |                     opParamInfo_.cmpBlockTable.tensor->GetStorageShape().GetDim(1), bSize_);
DEBUG [2026-10-09 18:06:28]       |                     ~~~~~~~~~~~~~~~~~~~~~~~~~~~~~~~~~~~~~~~~~~~~~~~~~~~~~~~~~~~~~~
DEBUG [2026-10-09 18:06:28]       |                                                                                |
DEBUG [2026-10-09 18:06:28]       |                                                                                int64_t {aka long int}
DEBUG [2026-10-09 18:06:28] /ws/source/vllm-ascend/csrc/attention/sparse_attn_sharedkv/op_host/sparse_attn_sharedkv_tiling.cpp:609:17: note: in expansion of macro ‘OP_LOGE’
DEBUG [2026-10-09 18:06:28]   609 |                 OP_LOGE(opName_, "cmp_block_table's first dimension(%u) should be equal to query's B(%u).",
DEBUG [2026-10-09 18:06:28]       |                 ^~~~~~~
DEBUG [2026-10-09 18:06:28] /ws/source/vllm-ascend/csrc/attention/sparse_attn_sharedkv/op_host/sparse_attn_sharedkv_tiling.cpp:615:30: warning: format ‘%lld’ expects argument of type ‘long long int’, but argument 7 has type ‘int64_t’ {aka ‘long int’} [-Wformat=]
DEBUG [2026-10-09 18:06:28]   615 |             OP_LOGE(opName_, "%s's second dimension(%lld) should be greater than 0",
DEBUG [2026-10-09 18:06:28]   616 |                 CMP_BLOCK_TABLE_NAME.c_str(), opParamInfo_.cmpBlockTable.tensor->GetStorageShape().GetDim(1));
DEBUG [2026-10-09 18:06:28]       |                                               ~~~~~~~~~~~~~~~~~~~~~~~~~~~~~~~~~~~~~~~~~~~~~~~~~~~~~~~~~~~~~~
DEBUG [2026-10-09 18:06:28]       |                                                                                                          |
DEBUG [2026-10-09 18:06:28]       |                                                                                                          int64_t {aka long int}
DEBUG [2026-10-09 18:06:28] /ws/source/vllm-ascend/csrc/attention/sparse_attn_sharedkv/op_host/sparse_attn_sharedkv_tiling.cpp:615:13: note: in expansion of macro ‘OP_LOGE’
DEBUG [2026-10-09 18:06:28]   615 |             OP_LOGE(opName_, "%s's second dimension(%lld) should be greater than 0",
DEBUG [2026-10-09 18:06:28]       |             ^~~~~~~
DEBUG [2026-10-09 18:06:28] /ws/source/vllm-ascend/csrc/attention/sparse_attn_sharedkv/op_host/sparse_attn_sharedkv_tiling.cpp: In member function ‘ge::graphStatus optiling::SASTilingCheck::CheckSingleParaCmpSparseIndices() const’:
DEBUG [2026-10-09 18:06:28] /ws/source/vllm-ascend/csrc/attention/sparse_attn_sharedkv/op_host/sparse_attn_sharedkv_tiling.cpp:1163:42: warning: format ‘%lld’ expects argument of type ‘long long int’, but argument 6 has type ‘int64_t’ {aka ‘long int’} [-Wformat=]
DEBUG [2026-10-09 18:06:28]  1163 |                         OP_LOGE(opName_, "K should be 512 or 1024, but got: %lld ",
DEBUG [2026-10-09 18:06:28]  1164 |                         opParamInfo_.cmpSparseIndices.tensor->GetStorageShape().GetDim(DIM_NUM_THREE - 1)),
DEBUG [2026-10-09 18:06:28]       |                         ~~~~~~~~~~~~~~~~~~~~~~~~~~~~~~~~~~~~~~~~~~~~~~~~~~~~~~~~~~~~~~~~~~~~~~~~~~~~~~~~~
DEBUG [2026-10-09 18:06:28]       |                                                                                       |
DEBUG [2026-10-09 18:06:28]       |                                                                                       int64_t {aka long int}
DEBUG [2026-10-09 18:06:28] /usr/local/Ascend/cann-9.1.0/aarch64-linux/include/op_common/log/log.h:1130:13: note: in definition of macro ‘OP_CHECK_IF’
DEBUG [2026-10-09 18:06:28]  1130 |             log;                                 \
DEBUG [2026-10-09 18:06:28]       |             ^~~
DEBUG [2026-10-09 18:06:28] /ws/source/vllm-ascend/csrc/attention/sparse_attn_sharedkv/op_host/sparse_attn_sharedkv_tiling.cpp:1163:25: note: in expansion of macro ‘OP_LOGE’
DEBUG [2026-10-09 18:06:28]  1163 |                         OP_LOGE(opName_, "K should be 512 or 1024, but got: %lld ",
DEBUG [2026-10-09 18:06:28]       |                         ^~~~~~~
DEBUG [2026-10-09 18:06:28] /ws/source/vllm-ascend/csrc/attention/sparse_attn_sharedkv/op_host/sparse_attn_sharedkv_tiling.cpp:1169:42: warning: format ‘%lld’ expects argument of type ‘long long int’, but argument 6 has type ‘int64_t’ {aka ‘long int’} [-Wformat=]
DEBUG [2026-10-09 18:06:28]  1169 |                         OP_LOGE(opName_, "K should be 512 or 1024, but got: %lld ",
DEBUG [2026-10-09 18:06:28]  1170 |                         opParamInfo_.cmpSparseIndices.tensor->GetStorageShape().GetDim(DIM_NUM_FOUR - 1)),
DEBUG [2026-10-09 18:06:28]       |                         ~~~~~~~~~~~~~~~~~~~~~~~~~~~~~~~~~~~~~~~~~~~~~~~~~~~~~~~~~~~~~~~~~~~~~~~~~~~~~~~~
DEBUG [2026-10-09 18:06:28]       |                                                                                       |
DEBUG [2026-10-09 18:06:28]       |                                                                                       int64_t {aka long int}
DEBUG [2026-10-09 18:06:28] /usr/local/Ascend/cann-9.1.0/aarch64-linux/include/op_common/log/log.h:1130:13: note: in definition of macro ‘OP_CHECK_IF’
DEBUG [2026-10-09 18:06:28]  1130 |             log;                                 \
DEBUG [2026-10-09 18:06:28]       |             ^~~
DEBUG [2026-10-09 18:06:28] /ws/source/vllm-ascend/csrc/attention/sparse_attn_sharedkv/op_host/sparse_attn_sharedkv_tiling.cpp:1169:25: note: in expansion of macro ‘OP_LOGE’
DEBUG [2026-10-09 18:06:28]  1169 |                         OP_LOGE(opName_, "K should be 512 or 1024, but got: %lld ",
DEBUG [2026-10-09 18:06:28]       |                         ^~~~~~~
DEBUG [2026-10-09 18:06:28] /ws/source/vllm-ascend/csrc/attention/sparse_attn_sharedkv/op_host/sparse_attn_sharedkv_tiling.cpp: In member function ‘ge::graphStatus optiling::SASTilingCheck::CheckSingleParaSinks() const’:
DEBUG [2026-10-09 18:06:28] /ws/source/vllm-ascend/csrc/attention/sparse_attn_sharedkv/op_host/sparse_attn_sharedkv_tiling.cpp:1234:26: warning: format ‘%u’ expects argument of type ‘unsigned int’, but argument 7 has type ‘size_t’ {aka ‘long unsigned int’} [-Wformat=]
DEBUG [2026-10-09 18:06:28]  1234 |         OP_LOGE(opName_, "the dim num of %s is %u, it should be %u.", SINKS_NAME.c_str(),
DEBUG [2026-10-09 18:06:28]  1235 |             opParamInfo_.sinks.tensor->GetStorageShape().GetDimNum(), DIM_NUM_ONE);
DEBUG [2026-10-09 18:06:28]       |             ~~~~~~~~~~~~~~~~~~~~~~~~~~~~~~~~~~~~~~~~~~~~~~~~~~~~~~~~
DEBUG [2026-10-09 18:06:28]       |                                                                   |
DEBUG [2026-10-09 18:06:28]       |                                                                   size_t {aka long unsigned int}
DEBUG [2026-10-09 18:06:28] /ws/source/vllm-ascend/csrc/attention/sparse_attn_sharedkv/op_host/sparse_attn_sharedkv_tiling.cpp:1234:9: note: in expansion of macro ‘OP_LOGE’
DEBUG [2026-10-09 18:06:28]  1234 |         OP_LOGE(opName_, "the dim num of %s is %u, it should be %u.", SINKS_NAME.c_str(),
DEBUG [2026-10-09 18:06:28]       |         ^~~~~~~
DEBUG [2026-10-09 18:06:28] /ws/source/vllm-ascend/csrc/attention/sparse_attn_sharedkv/op_host/sparse_attn_sharedkv_tiling.cpp: In member function ‘ge::graphStatus optiling::SASTilingCheck::CheckSingleParaCmpRatio() const’:
DEBUG [2026-10-09 18:06:28] /ws/source/vllm-ascend/csrc/attention/sparse_attn_sharedkv/op_host/sparse_attn_sharedkv_tiling.cpp:1268:38: warning: format ‘%u’ expects argument of type ‘unsigned int’, but argument 6 has type ‘long int’ [-Wformat=]
DEBUG [2026-10-09 18:06:28]  1268 |                     OP_LOGE(opName_, "cmp_ratio should be 128 or 4, but got %u", cmpRatio_),
DEBUG [2026-10-09 18:06:28]       |                                                                                  ~~~~~~~~~
DEBUG [2026-10-09 18:06:28]       |                                                                                  |
DEBUG [2026-10-09 18:06:28]       |                                                                                  long int
DEBUG [2026-10-09 18:06:28] /usr/local/Ascend/cann-9.1.0/aarch64-linux/include/op_common/log/log.h:1130:13: note: in definition of macro ‘OP_CHECK_IF’
DEBUG [2026-10-09 18:06:28]  1130 |             log;                                 \
DEBUG [2026-10-09 18:06:28]       |             ^~~
DEBUG [2026-10-09 18:06:28] /ws/source/vllm-ascend/csrc/attention/sparse_attn_sharedkv/op_host/sparse_attn_sharedkv_tiling.cpp:1268:21: note: in expansion of macro ‘OP_LOGE’
DEBUG [2026-10-09 18:06:28]  1268 |                     OP_LOGE(opName_, "cmp_ratio should be 128 or 4, but got %u", cmpRatio_),
DEBUG [2026-10-09 18:06:28]       |                     ^~~~~~~
DEBUG [2026-10-09 18:06:28] /ws/source/vllm-ascend/csrc/attention/sparse_attn_sharedkv/op_host/sparse_attn_sharedkv_tiling.cpp: In member function ‘ge::graphStatus optiling::SASTilingCheck::CheckFeatureShape() const’:
DEBUG [2026-10-09 18:06:28] /ws/source/vllm-ascend/csrc/attention/sparse_attn_sharedkv/op_host/sparse_attn_sharedkv_tiling.cpp:1440:34: warning: format ‘%d’ expects argument of type ‘int’, but argument 6 has type ‘unsigned int’ [-Wformat=]
DEBUG [2026-10-09 18:06:28]  1440 |                 OP_LOGE(opName_, "ori_mask_mode should be 4, but got %d", *opParamInfo_.oriMaskMode),
DEBUG [2026-10-09 18:06:28]       |                                                                           ~~~~~~~~~~~~~~~~~~~~~~~~~
DEBUG [2026-10-09 18:06:28]       |                                                                           |
DEBUG [2026-10-09 18:06:28]       |                                                                           unsigned int
DEBUG [2026-10-09 18:06:28] /usr/local/Ascend/cann-9.1.0/aarch64-linux/include/op_common/log/log.h:1130:13: note: in definition of macro ‘OP_CHECK_IF’
DEBUG [2026-10-09 18:06:28]  1130 |             log;                                 \
DEBUG [2026-10-09 18:06:28]       |             ^~~
DEBUG [2026-10-09 18:06:28] /ws/source/vllm-ascend/csrc/attention/sparse_attn_sharedkv/op_host/sparse_attn_sharedkv_tiling.cpp:1440:17: note: in expansion of macro ‘OP_LOGE’
DEBUG [2026-10-09 18:06:28]  1440 |                 OP_LOGE(opName_, "ori_mask_mode should be 4, but got %d", *opParamInfo_.oriMaskMode),
DEBUG [2026-10-09 18:06:28]       |                 ^~~~~~~
DEBUG [2026-10-09 18:06:28] /ws/source/vllm-ascend/csrc/attention/sparse_attn_sharedkv/op_host/sparse_attn_sharedkv_tiling.cpp:1443:34: warning: format ‘%d’ expects argument of type ‘int’, but argument 6 has type ‘unsigned int’ [-Wformat=]
DEBUG [2026-10-09 18:06:28]  1443 |                 OP_LOGE(opName_, "cmp_mask_mode should be 3, but got %d", *opParamInfo_.cmpMaskMode),
DEBUG [2026-10-09 18:06:28]       |                                                                           ~~~~~~~~~~~~~~~~~~~~~~~~~
DEBUG [2026-10-09 18:06:28]       |                                                                           |
DEBUG [2026-10-09 18:06:28]       |                                                                           unsigned int
DEBUG [2026-10-09 18:06:28] /usr/local/Ascend/cann-9.1.0/aarch64-linux/include/op_common/log/log.h:1130:13: note: in definition of macro ‘OP_CHECK_IF’
DEBUG [2026-10-09 18:06:28]  1130 |             log;                                 \
DEBUG [2026-10-09 18:06:28]       |             ^~~
DEBUG [2026-10-09 18:06:28] /ws/source/vllm-ascend/csrc/attention/sparse_attn_sharedkv/op_host/sparse_attn_sharedkv_tiling.cpp:1443:17: note: in expansion of macro ‘OP_LOGE’
DEBUG [2026-10-09 18:06:28]  1443 |                 OP_LOGE(opName_, "cmp_mask_mode should be 3, but got %d", *opParamInfo_.cmpMaskMode),
DEBUG [2026-10-09 18:06:28]       |                 ^~~~~~~
DEBUG [2026-10-09 18:06:28] /ws/source/vllm-ascend/csrc/attention/sparse_attn_sharedkv/op_host/sparse_attn_sharedkv_tiling.cpp: In member function ‘void optiling::SparseAttnSharedkvTiling::SplitBalanced(optiling::SASTilingInfo*)’:
DEBUG [2026-10-09 18:06:28] /ws/source/vllm-ascend/csrc/attention/sparse_attn_sharedkv/op_host/sparse_attn_sharedkv_tiling.cpp:1624:14: warning: unused variable ‘s2Size’ [-Wunused-variable]
DEBUG [2026-10-09 18:06:28]  1624 |     uint32_t s2Size = tilingInfo->s2Size;
DEBUG [2026-10-09 18:06:28]       |              ^~~~~~
DEBUG [2026-10-09 18:06:28] [59/69] Building CXX object common/src/framework/CMakeFiles/op_transformer_onnx_plugin_obj.dir/npu_scaled_masked_softmax_onnx_plugin.cpp.o
DEBUG [2026-10-09 18:06:28] [60/69] Building CXX object common/src/framework/CMakeFiles/op_transformer_onnx_plugin_obj.dir/tfidf_vectorizer_onnx_plugin.cpp.o
DEBUG [2026-10-09 18:06:28] [61/69] Building CXX object common/src/framework/CMakeFiles/op_transformer_onnx_plugin_obj.dir/npu_masked_softmax_with_relposbias_onnx_plugin.cpp.o
DEBUG [2026-10-09 18:06:28] [62/69] Building CXX object common/src/framework/CMakeFiles/op_transformer_onnx_plugin_obj.dir/npu_fused_attention_score_fwd_onnx_plugin.cpp.o
DEBUG [2026-10-09 18:06:28] [63/69] Building CXX object common/src/framework/CMakeFiles/op_transformer_onnx_plugin_obj.dir/npu_fused_attention_score_onnx_plugin.cpp.o
DEBUG [2026-10-09 18:06:28] [64/69] Building CXX object gmm/grouped_matmul_swiglu_quant/op_host/CMakeFiles/ophost_transformer_tiling_obj.dir/__/__/__/attention/vllm_quant_lightning_indexer/op_host/vllm_quant_lightning_indexer_tiling.cpp.o
DEBUG [2026-10-09 18:06:28] In file included from /ws/source/vllm-ascend/csrc/attention/vllm_quant_lightning_indexer/op_host/vllm_quant_lightning_indexer_tiling.cpp:18:
DEBUG [2026-10-09 18:06:28] /ws/source/vllm-ascend/csrc/attention/vllm_quant_lightning_indexer/op_host/../op_kernel/vllm_quant_lightning_indexer_template_tiling_key.h:31:6: warning: "__CCE_AICORE__" is not defined, evaluates to 0 [-Wundef]
DEBUG [2026-10-09 18:06:28]    31 | #if (__CCE_AICORE__ == 310)
DEBUG [2026-10-09 18:06:28]       |      ^~~~~~~~~~~~~~
DEBUG [2026-10-09 18:06:28] In file included from /ws/source/vllm-ascend/csrc/common/include/err/ops_err.h:19,
DEBUG [2026-10-09 18:06:28]                  from /ws/source/vllm-ascend/csrc/attention/vllm_quant_lightning_indexer/op_host/vllm_quant_lightning_indexer_tiling.h:19,
DEBUG [2026-10-09 18:06:28]                  from /ws/source/vllm-ascend/csrc/attention/vllm_quant_lightning_indexer/op_host/vllm_quant_lightning_indexer_tiling.cpp:16:
DEBUG [2026-10-09 18:06:28] /usr/local/Ascend/cann-9.1.0/aarch64-linux/include/op_common/log/log.h:45:9: warning: redundant redeclaration of ‘int32_t CheckLogLevel(int32_t, int32_t)’ in same scope [-Wredundant-decls]
DEBUG [2026-10-09 18:06:28]    45 | int32_t CheckLogLevel(int32_t moduleId, int32_t logLevel);
DEBUG [2026-10-09 18:06:28]       |         ^~~~~~~~~~~~~
DEBUG [2026-10-09 18:06:28] In file included from <command-line>:
DEBUG [2026-10-09 18:06:28] /ws/source/vllm-ascend/csrc/common/include/cann_compat.h:24:9: note: previous declaration of ‘int32_t CheckLogLevel(int32_t, int32_t)’
DEBUG [2026-10-09 18:06:28]    24 | int32_t CheckLogLevel(int32_t moduleId, int32_t logLevel);
DEBUG [2026-10-09 18:06:28]       |         ^~~~~~~~~~~~~
DEBUG [2026-10-09 18:06:28] /usr/local/Ascend/cann-9.1.0/aarch64-linux/include/op_common/log/log.h:46:6: warning: redundant redeclaration of ‘void DlogRecord(int32_t, int32_t, const char*, ...)’ in same scope [-Wredundant-decls]
DEBUG [2026-10-09 18:06:28]    46 | void DlogRecord(int32_t moduleId, int32_t level, const char* fmt, ...);
DEBUG [2026-10-09 18:06:28]       |      ^~~~~~~~~~
DEBUG [2026-10-09 18:06:28] /ws/source/vllm-ascend/csrc/common/include/cann_compat.h:25:6: note: previous declaration of ‘void DlogRecord(int32_t, int32_t, const char*, ...)’
DEBUG [2026-10-09 18:06:28]    25 | void DlogRecord(int32_t moduleId, int32_t level, const char *fmt, ...);
DEBUG [2026-10-09 18:06:28]       |      ^~~~~~~~~~
DEBUG [2026-10-09 18:06:28] /ws/source/vllm-ascend/csrc/attention/vllm_quant_lightning_indexer/op_host/vllm_quant_lightning_indexer_tiling.cpp: In member function ‘ge::graphStatus optiling::QLIInfoParser::CheckAttrParaInfo()’:
DEBUG [2026-10-09 18:06:28] /ws/source/vllm-ascend/csrc/attention/vllm_quant_lightning_indexer/op_host/vllm_quant_lightning_indexer_tiling.cpp:226:34: warning: format ‘%d’ expects argument of type ‘int’, but argument 6 has type ‘unsigned int’ [-Wformat=]
DEBUG [2026-10-09 18:06:28]   226 |                 OP_LOGE(opName_, "input attr sparse_count must > 0 and <= %d, but now sparse_count is %d",
DEBUG [2026-10-09 18:06:28]   227 |                        SPARSE_LIMIT, *opParamInfo_.sparseCount),return ge::GRAPH_FAILED);
DEBUG [2026-10-09 18:06:28]       |                        ~~~~~~~~~~~~
DEBUG [2026-10-09 18:06:28]       |                        |
DEBUG [2026-10-09 18:06:28]       |                        unsigned int
DEBUG [2026-10-09 18:06:28] /usr/local/Ascend/cann-9.1.0/aarch64-linux/include/op_common/log/log.h:1130:13: note: in definition of macro ‘OP_CHECK_IF’
DEBUG [2026-10-09 18:06:28]  1130 |             log;                                 \
DEBUG [2026-10-09 18:06:28]       |             ^~~
DEBUG [2026-10-09 18:06:28] /ws/source/vllm-ascend/csrc/attention/vllm_quant_lightning_indexer/op_host/vllm_quant_lightning_indexer_tiling.cpp:226:17: note: in expansion of macro ‘OP_LOGE’
DEBUG [2026-10-09 18:06:28]   226 |                 OP_LOGE(opName_, "input attr sparse_count must > 0 and <= %d, but now sparse_count is %d",
DEBUG [2026-10-09 18:06:28]       |                 ^~~~~~~
DEBUG [2026-10-09 18:06:28] /ws/source/vllm-ascend/csrc/attention/vllm_quant_lightning_indexer/op_host/vllm_quant_lightning_indexer_tiling.cpp:226:34: warning: format ‘%d’ expects argument of type ‘int’, but argument 7 has type ‘long int’ [-Wformat=]
DEBUG [2026-10-09 18:06:28]   226 |                 OP_LOGE(opName_, "input attr sparse_count must > 0 and <= %d, but now sparse_count is %d",
DEBUG [2026-10-09 18:06:28]   227 |                        SPARSE_LIMIT, *opParamInfo_.sparseCount),return ge::GRAPH_FAILED);
DEBUG [2026-10-09 18:06:28]       |                                      ~~~~~~~~~~~~~~~~~~~~~~~~~
DEBUG [2026-10-09 18:06:28]       |                                      |
DEBUG [2026-10-09 18:06:28]       |                                      long int
DEBUG [2026-10-09 18:06:28] /usr/local/Ascend/cann-9.1.0/aarch64-linux/include/op_common/log/log.h:1130:13: note: in definition of macro ‘OP_CHECK_IF’
DEBUG [2026-10-09 18:06:28]  1130 |             log;                                 \
DEBUG [2026-10-09 18:06:28]       |             ^~~
DEBUG [2026-10-09 18:06:28] /ws/source/vllm-ascend/csrc/attention/vllm_quant_lightning_indexer/op_host/vllm_quant_lightning_indexer_tiling.cpp:226:17: note: in expansion of macro ‘OP_LOGE’
DEBUG [2026-10-09 18:06:28]   226 |                 OP_LOGE(opName_, "input attr sparse_count must > 0 and <= %d, but now sparse_count is %d",
DEBUG [2026-10-09 18:06:28]       |                 ^~~~~~~
DEBUG [2026-10-09 18:06:28] /ws/source/vllm-ascend/csrc/attention/vllm_quant_lightning_indexer/op_host/vllm_quant_lightning_indexer_tiling.cpp:234:34: warning: format ‘%d’ expects argument of type ‘int’, but argument 6 has type ‘unsigned int’ [-Wformat=]
DEBUG [2026-10-09 18:06:28]   234 |                 OP_LOGE(opName_, "input attr sparse_count must > 0 and <= %d, but now sparse_count is %d",
DEBUG [2026-10-09 18:06:28]   235 |                        SPARSE_LIMIT, *opParamInfo_.sparseCount),return ge::GRAPH_FAILED);
DEBUG [2026-10-09 18:06:28]       |                        ~~~~~~~~~~~~
DEBUG [2026-10-09 18:06:28]       |                        |
DEBUG [2026-10-09 18:06:28]       |                        unsigned int
DEBUG [2026-10-09 18:06:28] /usr/local/Ascend/cann-9.1.0/aarch64-linux/include/op_common/log/log.h:1130:13: note: in definition of macro ‘OP_CHECK_IF’
DEBUG [2026-10-09 18:06:28]  1130 |             log;                                 \
DEBUG [2026-10-09 18:06:28]       |             ^~~
DEBUG [2026-10-09 18:06:28] /ws/source/vllm-ascend/csrc/attention/vllm_quant_lightning_indexer/op_host/vllm_quant_lightning_indexer_tiling.cpp:234:17: note: in expansion of macro ‘OP_LOGE’
DEBUG [2026-10-09 18:06:28]   234 |                 OP_LOGE(opName_, "input attr sparse_count must > 0 and <= %d, but now sparse_count is %d",
DEBUG [2026-10-09 18:06:28]       |                 ^~~~~~~
DEBUG [2026-10-09 18:06:28] /ws/source/vllm-ascend/csrc/attention/vllm_quant_lightning_indexer/op_host/vllm_quant_lightning_indexer_tiling.cpp:234:34: warning: format ‘%d’ expects argument of type ‘int’, but argument 7 has type ‘long int’ [-Wformat=]
DEBUG [2026-10-09 18:06:28]   234 |                 OP_LOGE(opName_, "input attr sparse_count must > 0 and <= %d, but now sparse_count is %d",
DEBUG [2026-10-09 18:06:28]   235 |                        SPARSE_LIMIT, *opParamInfo_.sparseCount),return ge::GRAPH_FAILED);
DEBUG [2026-10-09 18:06:28]       |                                      ~~~~~~~~~~~~~~~~~~~~~~~~~
DEBUG [2026-10-09 18:06:28]       |                                      |
DEBUG [2026-10-09 18:06:28]       |                                      long int
DEBUG [2026-10-09 18:06:28] /usr/local/Ascend/cann-9.1.0/aarch64-linux/include/op_common/log/log.h:1130:13: note: in definition of macro ‘OP_CHECK_IF’
DEBUG [2026-10-09 18:06:28]  1130 |             log;                                 \
DEBUG [2026-10-09 18:06:28]       |             ^~~
DEBUG [2026-10-09 18:06:28] /ws/source/vllm-ascend/csrc/attention/vllm_quant_lightning_indexer/op_host/vllm_quant_lightning_indexer_tiling.cpp:234:17: note: in expansion of macro ‘OP_LOGE’
DEBUG [2026-10-09 18:06:28]   234 |                 OP_LOGE(opName_, "input attr sparse_count must > 0 and <= %d, but now sparse_count is %d",
DEBUG [2026-10-09 18:06:28]       |                 ^~~~~~~
DEBUG [2026-10-09 18:06:28] /ws/source/vllm-ascend/csrc/attention/vllm_quant_lightning_indexer/op_host/vllm_quant_lightning_indexer_tiling.cpp:250:34: warning: format ‘%d’ expects argument of type ‘int’, but argument 6 has type ‘long int’ [-Wformat=]
DEBUG [2026-10-09 18:06:28]   250 |                 OP_LOGE(opName_, "input attr sparse_mode only supported 0 or 3, but now sparseMode is %d.",
DEBUG [2026-10-09 18:06:28]   251 |                        *opParamInfo_.sparseMode), return ge::GRAPH_FAILED);
DEBUG [2026-10-09 18:06:28]       |                        ~~~~~~~~~~~~~~~~~~~~~~~~
DEBUG [2026-10-09 18:06:28]       |                        |
DEBUG [2026-10-09 18:06:28]       |                        long int
DEBUG [2026-10-09 18:06:28] /usr/local/Ascend/cann-9.1.0/aarch64-linux/include/op_common/log/log.h:1130:13: note: in definition of macro ‘OP_CHECK_IF’
DEBUG [2026-10-09 18:06:28]  1130 |             log;                                 \
DEBUG [2026-10-09 18:06:28]       |             ^~~
DEBUG [2026-10-09 18:06:28] /ws/source/vllm-ascend/csrc/attention/vllm_quant_lightning_indexer/op_host/vllm_quant_lightning_indexer_tiling.cpp:250:17: note: in expansion of macro ‘OP_LOGE’
DEBUG [2026-10-09 18:06:28]   250 |                 OP_LOGE(opName_, "input attr sparse_mode only supported 0 or 3, but now sparseMode is %d.",
DEBUG [2026-10-09 18:06:28]       |                 ^~~~~~~
DEBUG [2026-10-09 18:06:28] /ws/source/vllm-ascend/csrc/attention/vllm_quant_lightning_indexer/op_host/vllm_quant_lightning_indexer_tiling.cpp: In member function ‘ge::graphStatus optiling::QLIInfoParser::CheckShapeDim()’:
DEBUG [2026-10-09 18:06:28] /ws/source/vllm-ascend/csrc/attention/vllm_quant_lightning_indexer/op_host/vllm_quant_lightning_indexer_tiling.cpp:405:34: warning: format ‘%u’ expects argument of type ‘unsigned int’, but argument 6 has type ‘size_t’ {aka ‘long unsigned int’} [-Wformat=]
DEBUG [2026-10-09 18:06:28]   405 |                 OP_LOGE(opName_, "the dim num of block_table's shape should be 2, but now is %u",
DEBUG [2026-10-09 18:06:28]   406 |                 opParamInfo_.blockTable.tensor->GetStorageShape().GetDimNum()), return ge::GRAPH_FAILED);
DEBUG [2026-10-09 18:06:28]       |                 ~~~~~~~~~~~~~~~~~~~~~~~~~~~~~~~~~~~~~~~~~~~~~~~~~~~~~~~~~~~~~
DEBUG [2026-10-09 18:06:28]       |                                                                            |
DEBUG [2026-10-09 18:06:28]       |                                                                            size_t {aka long unsigned int}
DEBUG [2026-10-09 18:06:28] /usr/local/Ascend/cann-9.1.0/aarch64-linux/include/op_common/log/log.h:1130:13: note: in definition of macro ‘OP_CHECK_IF’
DEBUG [2026-10-09 18:06:28]  1130 |             log;                                 \
DEBUG [2026-10-09 18:06:28]       |             ^~~
DEBUG [2026-10-09 18:06:28] /ws/source/vllm-ascend/csrc/attention/vllm_quant_lightning_indexer/op_host/vllm_quant_lightning_indexer_tiling.cpp:405:17: note: in expansion of macro ‘OP_LOGE’
DEBUG [2026-10-09 18:06:28]   405 |                 OP_LOGE(opName_, "the dim num of block_table's shape should be 2, but now is %u",
DEBUG [2026-10-09 18:06:28]       |                 ^~~~~~~
DEBUG [2026-10-09 18:06:28] /ws/source/vllm-ascend/csrc/attention/vllm_quant_lightning_indexer/op_host/vllm_quant_lightning_indexer_tiling.cpp:410:26: warning: format ‘%u’ expects argument of type ‘unsigned int’, but argument 6 has type ‘size_t’ {aka ‘long unsigned int’} [-Wformat=]
DEBUG [2026-10-09 18:06:28]   410 |         OP_LOGE(opName_, "the dim num of key's shape should be 4, but now is %u",
DEBUG [2026-10-09 18:06:28]   411 |                 opParamInfo_.key.shape->GetStorageShape().GetDimNum()), return ge::GRAPH_FAILED);
DEBUG [2026-10-09 18:06:28]       |                 ~~~~~~~~~~~~~~~~~~~~~~~~~~~~~~~~~~~~~~~~~~~~~~~~~~~~~
DEBUG [2026-10-09 18:06:28]       |                                                                    |
DEBUG [2026-10-09 18:06:28]       |                                                                    size_t {aka long unsigned int}
DEBUG [2026-10-09 18:06:28] /usr/local/Ascend/cann-9.1.0/aarch64-linux/include/op_common/log/log.h:1130:13: note: in definition of macro ‘OP_CHECK_IF’
DEBUG [2026-10-09 18:06:28]  1130 |             log;                                 \
DEBUG [2026-10-09 18:06:28]       |             ^~~
DEBUG [2026-10-09 18:06:28] /ws/source/vllm-ascend/csrc/attention/vllm_quant_lightning_indexer/op_host/vllm_quant_lightning_indexer_tiling.cpp:410:9: note: in expansion of macro ‘OP_LOGE’
DEBUG [2026-10-09 18:06:28]   410 |         OP_LOGE(opName_, "the dim num of key's shape should be 4, but now is %u",
DEBUG [2026-10-09 18:06:28]       |         ^~~~~~~
DEBUG [2026-10-09 18:06:28] /ws/source/vllm-ascend/csrc/attention/vllm_quant_lightning_indexer/op_host/vllm_quant_lightning_indexer_tiling.cpp:414:26: warning: format ‘%u’ expects argument of type ‘unsigned int’, but argument 6 has type ‘size_t’ {aka ‘long unsigned int’} [-Wformat=]
DEBUG [2026-10-09 18:06:28]   414 |         OP_LOGE(opName_, "the dim num of key's shape should be 3, but now is %u",
DEBUG [2026-10-09 18:06:28]   415 |                 opParamInfo_.key.shape->GetStorageShape().GetDimNum()), return ge::GRAPH_FAILED);
DEBUG [2026-10-09 18:06:28]       |                 ~~~~~~~~~~~~~~~~~~~~~~~~~~~~~~~~~~~~~~~~~~~~~~~~~~~~~
DEBUG [2026-10-09 18:06:28]       |                                                                    |
DEBUG [2026-10-09 18:06:28]       |                                                                    size_t {aka long unsigned int}
DEBUG [2026-10-09 18:06:28] /usr/local/Ascend/cann-9.1.0/aarch64-linux/include/op_common/log/log.h:1130:13: note: in definition of macro ‘OP_CHECK_IF’
DEBUG [2026-10-09 18:06:28]  1130 |             log;                                 \
DEBUG [2026-10-09 18:06:28]       |             ^~~
DEBUG [2026-10-09 18:06:28] /ws/source/vllm-ascend/csrc/attention/vllm_quant_lightning_indexer/op_host/vllm_quant_lightning_indexer_tiling.cpp:414:9: note: in expansion of macro ‘OP_LOGE’
DEBUG [2026-10-09 18:06:28]   414 |         OP_LOGE(opName_, "the dim num of key's shape should be 3, but now is %u",
DEBUG [2026-10-09 18:06:28]       |         ^~~~~~~
DEBUG [2026-10-09 18:06:28] /ws/source/vllm-ascend/csrc/attention/vllm_quant_lightning_indexer/op_host/vllm_quant_lightning_indexer_tiling.cpp: In member function ‘ge::graphStatus optiling::QLIInfoParser::ValidateInputShapesMatch()’:
DEBUG [2026-10-09 18:06:28] /ws/source/vllm-ascend/csrc/attention/vllm_quant_lightning_indexer/op_host/vllm_quant_lightning_indexer_tiling.cpp:650:17: warning: format ‘%u’ expects argument of type ‘unsigned int’, but argument 7 has type ‘int64_t’ {aka ‘long int’} [-Wformat=]
DEBUG [2026-10-09 18:06:28]   650 |                 "TND case input actual_seq_lengths_query, actual_seq_lengths_key, block_table dim 0 are %u, %u, %u "
DEBUG [2026-10-09 18:06:28]   651 |                 "respectively, they must be same.",
DEBUG [2026-10-09 18:06:28]   652 |                 bSize_, opParamInfo_.actualSeqLengthsK.tensor->GetShapeSize(),
DEBUG [2026-10-09 18:06:28]       |                         ~~~~~~~~~~~~~~~~~~~~~~~~~~~~~~~~~~~~~~~~~~~~~~~~~~~~~
DEBUG [2026-10-09 18:06:28]       |                                                                            |
DEBUG [2026-10-09 18:06:28]       |                                                                            int64_t {aka long int}
DEBUG [2026-10-09 18:06:28] /usr/local/Ascend/cann-9.1.0/aarch64-linux/include/op_common/log/log.h:1130:13: note: in definition of macro ‘OP_CHECK_IF’
DEBUG [2026-10-09 18:06:28]  1130 |             log;                                 \
DEBUG [2026-10-09 18:06:28]       |             ^~~
DEBUG [2026-10-09 18:06:28] /ws/source/vllm-ascend/csrc/attention/vllm_quant_lightning_indexer/op_host/vllm_quant_lightning_indexer_tiling.cpp:648:13: note: in expansion of macro ‘OP_LOGE’
DEBUG [2026-10-09 18:06:28]   648 |             OP_LOGE(
DEBUG [2026-10-09 18:06:28]       |             ^~~~~~~
DEBUG [2026-10-09 18:06:28] /ws/source/vllm-ascend/csrc/attention/vllm_quant_lightning_indexer/op_host/vllm_quant_lightning_indexer_tiling.cpp:650:110: note: format string is defined here
DEBUG [2026-10-09 18:06:28]   650 |                 "TND case input actual_seq_lengths_query, actual_seq_lengths_key, block_table dim 0 are %u, %u, %u "
DEBUG [2026-10-09 18:06:28]       |                                                                                                             ~^
DEBUG [2026-10-09 18:06:28]       |                                                                                                              |
DEBUG [2026-10-09 18:06:28]       |                                                                                                              unsigned int
DEBUG [2026-10-09 18:06:28]       |                                                                                                             %lu
DEBUG [2026-10-09 18:06:28] /ws/source/vllm-ascend/csrc/attention/vllm_quant_lightning_indexer/op_host/vllm_quant_lightning_indexer_tiling.cpp:650:17: warning: format ‘%u’ expects argument of type ‘unsigned int’, but argument 8 has type ‘int64_t’ {aka ‘long int’} [-Wformat=]
DEBUG [2026-10-09 18:06:28]   650 |                 "TND case input actual_seq_lengths_query, actual_seq_lengths_key, block_table dim 0 are %u, %u, %u "
DEBUG [2026-10-09 18:06:28] ......
DEBUG [2026-10-09 18:06:28]   653 |                 opParamInfo_.blockTable.tensor->GetStorageShape().GetDim(0)),
DEBUG [2026-10-09 18:06:28]       |                 ~~~~~~~~~~~~~~~~~~~~~~~~~~~~~~~~~~~~~~~~~~~~~~~~~~~~~~~~~~~
DEBUG [2026-10-09 18:06:28]       |                                                                         |
DEBUG [2026-10-09 18:06:28]       |                                                                         int64_t {aka long int}
DEBUG [2026-10-09 18:06:28] /usr/local/Ascend/cann-9.1.0/aarch64-linux/include/op_common/log/log.h:1130:13: note: in definition of macro ‘OP_CHECK_IF’
DEBUG [2026-10-09 18:06:28]  1130 |             log;                                 \
DEBUG [2026-10-09 18:06:28]       |             ^~~
DEBUG [2026-10-09 18:06:28] /ws/source/vllm-ascend/csrc/attention/vllm_quant_lightning_indexer/op_host/vllm_quant_lightning_indexer_tiling.cpp:648:13: note: in expansion of macro ‘OP_LOGE’
DEBUG [2026-10-09 18:06:28]   648 |             OP_LOGE(
DEBUG [2026-10-09 18:06:28]       |             ^~~~~~~
DEBUG [2026-10-09 18:06:28] /ws/source/vllm-ascend/csrc/attention/vllm_quant_lightning_indexer/op_host/vllm_quant_lightning_indexer_tiling.cpp:650:114: note: format string is defined here
DEBUG [2026-10-09 18:06:28]   650 |                 "TND case input actual_seq_lengths_query, actual_seq_lengths_key, block_table dim 0 are %u, %u, %u "
DEBUG [2026-10-09 18:06:28]       |                                                                                                                 ~^
DEBUG [2026-10-09 18:06:28]       |                                                                                                                  |
DEBUG [2026-10-09 18:06:28]       |                                                                                                                  unsigned int
DEBUG [2026-10-09 18:06:28]       |                                                                                                                 %lu
DEBUG [2026-10-09 18:06:28] /ws/source/vllm-ascend/csrc/attention/vllm_quant_lightning_indexer/op_host/vllm_quant_lightning_indexer_tiling.cpp:659:17: warning: format ‘%u’ expects argument of type ‘unsigned int’, but argument 7 has type ‘int64_t’ {aka ‘long int’} [-Wformat=]
DEBUG [2026-10-09 18:06:28]   659 |                 "TND case input actual_seq_lengths_query, actual_seq_lengths_key, are %u, %u "
DEBUG [2026-10-09 18:06:28]   660 |                 "respectively, they must be same.",
DEBUG [2026-10-09 18:06:28]   661 |                 bSize_, opParamInfo_.actualSeqLengthsK.tensor->GetShapeSize()),
DEBUG [2026-10-09 18:06:28]       |                         ~~~~~~~~~~~~~~~~~~~~~~~~~~~~~~~~~~~~~~~~~~~~~~~~~~~~~
DEBUG [2026-10-09 18:06:28]       |                                                                            |
DEBUG [2026-10-09 18:06:28]       |                                                                            int64_t {aka long int}
DEBUG [2026-10-09 18:06:28] /usr/local/Ascend/cann-9.1.0/aarch64-linux/include/op_common/log/log.h:1130:13: note: in definition of macro ‘OP_CHECK_IF’
DEBUG [2026-10-09 18:06:28]  1130 |             log;                                 \
DEBUG [2026-10-09 18:06:28]       |             ^~~
DEBUG [2026-10-09 18:06:28] /ws/source/vllm-ascend/csrc/attention/vllm_quant_lightning_indexer/op_host/vllm_quant_lightning_indexer_tiling.cpp:657:13: note: in expansion of macro ‘OP_LOGE’
DEBUG [2026-10-09 18:06:28]   657 |             OP_LOGE(
DEBUG [2026-10-09 18:06:28]       |             ^~~~~~~
DEBUG [2026-10-09 18:06:28] /ws/source/vllm-ascend/csrc/attention/vllm_quant_lightning_indexer/op_host/vllm_quant_lightning_indexer_tiling.cpp:659:92: note: format string is defined here
DEBUG [2026-10-09 18:06:28]   659 |                 "TND case input actual_seq_lengths_query, actual_seq_lengths_key, are %u, %u "
DEBUG [2026-10-09 18:06:28]       |                                                                                           ~^
DEBUG [2026-10-09 18:06:28]       |                                                                                            |
DEBUG [2026-10-09 18:06:28]       |                                                                                            unsigned int
DEBUG [2026-10-09 18:06:28]       |                                                                                           %lu
DEBUG [2026-10-09 18:06:28] /ws/source/vllm-ascend/csrc/attention/vllm_quant_lightning_indexer/op_host/vllm_quant_lightning_indexer_tiling.cpp:668:30: warning: format ‘%u’ expects argument of type ‘unsigned int’, but argument 7 has type ‘int64_t’ {aka ‘long int’} [-Wformat=]
DEBUG [2026-10-09 18:06:28]   668 |                              "TND case input query, weights, sparse_indices dim 0 are %u, %u, %u "
DEBUG [2026-10-09 18:06:28]   669 |                              "respectively, they must be same.",
DEBUG [2026-10-09 18:06:28]   670 |                              qTsize, opParamInfo_.weights.shape->GetStorageShape().GetDim(0),
DEBUG [2026-10-09 18:06:28]       |                                      ~~~~~~~~~~~~~~~~~~~~~~~~~~~~~~~~~~~~~~~~~~~~~~~~~~~~~~~
DEBUG [2026-10-09 18:06:28]       |                                                                                          |
DEBUG [2026-10-09 18:06:28]       |                                                                                          int64_t {aka long int}
DEBUG [2026-10-09 18:06:28] /usr/local/Ascend/cann-9.1.0/aarch64-linux/include/op_common/log/log.h:1130:13: note: in definition of macro ‘OP_CHECK_IF’
DEBUG [2026-10-09 18:06:28]  1130 |             log;                                 \
DEBUG [2026-10-09 18:06:28]       |             ^~~
DEBUG [2026-10-09 18:06:28] /ws/source/vllm-ascend/csrc/attention/vllm_quant_lightning_indexer/op_host/vllm_quant_lightning_indexer_tiling.cpp:667:20: note: in expansion of macro ‘OP_LOGE’
DEBUG [2026-10-09 18:06:28]   667 |                    OP_LOGE(opName_,
DEBUG [2026-10-09 18:06:28]       |                    ^~~~~~~
DEBUG [2026-10-09 18:06:28] /ws/source/vllm-ascend/csrc/attention/vllm_quant_lightning_indexer/op_host/vllm_quant_lightning_indexer_tiling.cpp:668:92: note: format string is defined here
DEBUG [2026-10-09 18:06:28]   668 |                              "TND case input query, weights, sparse_indices dim 0 are %u, %u, %u "
DEBUG [2026-10-09 18:06:28]       |                                                                                           ~^
DEBUG [2026-10-09 18:06:28]       |                                                                                            |
DEBUG [2026-10-09 18:06:28]       |                                                                                            unsigned int
DEBUG [2026-10-09 18:06:28]       |                                                                                           %lu
DEBUG [2026-10-09 18:06:28] /ws/source/vllm-ascend/csrc/attention/vllm_quant_lightning_indexer/op_host/vllm_quant_lightning_indexer_tiling.cpp:668:30: warning: format ‘%u’ expects argument of type ‘unsigned int’, but argument 8 has type ‘int64_t’ {aka ‘long int’} [-Wformat=]
DEBUG [2026-10-09 18:06:28]   668 |                              "TND case input query, weights, sparse_indices dim 0 are %u, %u, %u "
DEBUG [2026-10-09 18:06:28] ......
DEBUG [2026-10-09 18:06:28]   671 |                              opParamInfo_.attenOut.shape->GetStorageShape().GetDim(0)),
DEBUG [2026-10-09 18:06:28]       |                              ~~~~~~~~~~~~~~~~~~~~~~~~~~~~~~~~~~~~~~~~~~~~~~~~~~~~~~~~
DEBUG [2026-10-09 18:06:28]       |                                                                                   |
DEBUG [2026-10-09 18:06:28]       |                                                                                   int64_t {aka long int}
DEBUG [2026-10-09 18:06:28] /usr/local/Ascend/cann-9.1.0/aarch64-linux/include/op_common/log/log.h:1130:13: note: in definition of macro ‘OP_CHECK_IF’
DEBUG [2026-10-09 18:06:28]  1130 |             log;                                 \
DEBUG [2026-10-09 18:06:28]       |             ^~~
DEBUG [2026-10-09 18:06:28] /ws/source/vllm-ascend/csrc/attention/vllm_quant_lightning_indexer/op_host/vllm_quant_lightning_indexer_tiling.cpp:667:20: note: in expansion of macro ‘OP_LOGE’
DEBUG [2026-10-09 18:06:28]   667 |                    OP_LOGE(opName_,
DEBUG [2026-10-09 18:06:28]       |                    ^~~~~~~
DEBUG [2026-10-09 18:06:28] /ws/source/vllm-ascend/csrc/attention/vllm_quant_lightning_indexer/op_host/vllm_quant_lightning_indexer_tiling.cpp:668:96: note: format string is defined here
DEBUG [2026-10-09 18:06:28]   668 |                              "TND case input query, weights, sparse_indices dim 0 are %u, %u, %u "
DEBUG [2026-10-09 18:06:28]       |                                                                                               ~^
DEBUG [2026-10-09 18:06:28]       |                                                                                                |
DEBUG [2026-10-09 18:06:28]       |                                                                                                unsigned int
DEBUG [2026-10-09 18:06:28]       |                                                                                               %lu
DEBUG [2026-10-09 18:06:28] /ws/source/vllm-ascend/csrc/attention/vllm_quant_lightning_indexer/op_host/vllm_quant_lightning_indexer_tiling.cpp:683:30: warning: format ‘%u’ expects argument of type ‘unsigned int’, but argument 7 has type ‘int64_t’ {aka ‘long int’} [-Wformat=]
DEBUG [2026-10-09 18:06:28]   683 |                              "BSND case input query, weight, actual_seq_lengths_key, block_table, sparse_indices dim 0 are %u, %u, %u, %u, %u respectively, they must be same.",
DEBUG [2026-10-09 18:06:28]   684 |                               bSize_, opParamInfo_.weights.shape->GetStorageShape().GetDim(0),
DEBUG [2026-10-09 18:06:28]       |                                       ~~~~~~~~~~~~~~~~~~~~~~~~~~~~~~~~~~~~~~~~~~~~~~~~~~~~~~~
DEBUG [2026-10-09 18:06:28]       |                                                                                           |
DEBUG [2026-10-09 18:06:28]       |                                                                                           int64_t {aka long int}
DEBUG [2026-10-09 18:06:28] /usr/local/Ascend/cann-9.1.0/aarch64-linux/include/op_common/log/log.h:1130:13: note: in definition of macro ‘OP_CHECK_IF’
DEBUG [2026-10-09 18:06:28]  1130 |             log;                                 \
DEBUG [2026-10-09 18:06:28]       |             ^~~
DEBUG [2026-10-09 18:06:28] /ws/source/vllm-ascend/csrc/attention/vllm_quant_lightning_indexer/op_host/vllm_quant_lightning_indexer_tiling.cpp:682:20: note: in expansion of macro ‘OP_LOGE’
DEBUG [2026-10-09 18:06:28]   682 |                    OP_LOGE(opName_,
DEBUG [2026-10-09 18:06:28]       |                    ^~~~~~~
DEBUG [2026-10-09 18:06:28] /ws/source/vllm-ascend/csrc/attention/vllm_quant_lightning_indexer/op_host/vllm_quant_lightning_indexer_tiling.cpp:683:30: warning: format ‘%u’ expects argument of type ‘unsigned int’, but argument 8 has type ‘int64_t’ {aka ‘long int’} [-Wformat=]
DEBUG [2026-10-09 18:06:28]   683 |                              "BSND case input query, weight, actual_seq_lengths_key, block_table, sparse_indices dim 0 are %u, %u, %u, %u, %u respectively, they must be same.",
DEBUG [2026-10-09 18:06:28]   684 |                               bSize_, opParamInfo_.weights.shape->GetStorageShape().GetDim(0),
DEBUG [2026-10-09 18:06:28]   685 |                               opParamInfo_.actualSeqLengthsK.tensor->GetShapeSize(),
DEBUG [2026-10-09 18:06:28]       |                               ~~~~~~~~~~~~~~~~~~~~~~~~~~~~~~~~~~~~~~~~~~~~~~~~~~~~~
DEBUG [2026-10-09 18:06:28]       |                                                                                  |
DEBUG [2026-10-09 18:06:28]       |                                                                                  int64_t {aka long int}
DEBUG [2026-10-09 18:06:28] /usr/local/Ascend/cann-9.1.0/aarch64-linux/include/op_common/log/log.h:1130:13: note: in definition of macro ‘OP_CHECK_IF’
DEBUG [2026-10-09 18:06:28]  1130 |             log;                                 \
DEBUG [2026-10-09 18:06:28]       |             ^~~
DEBUG [2026-10-09 18:06:28] /ws/source/vllm-ascend/csrc/attention/vllm_quant_lightning_indexer/op_host/vllm_quant_lightning_indexer_tiling.cpp:682:20: note: in expansion of macro ‘OP_LOGE’
DEBUG [2026-10-09 18:06:28]   682 |                    OP_LOGE(opName_,
DEBUG [2026-10-09 18:06:28]       |                    ^~~~~~~
DEBUG [2026-10-09 18:06:28] /ws/source/vllm-ascend/csrc/attention/vllm_quant_lightning_indexer/op_host/vllm_quant_lightning_indexer_tiling.cpp:683:30: warning: format ‘%u’ expects argument of type ‘unsigned int’, but argument 9 has type ‘int64_t’ {aka ‘long int’} [-Wformat=]
DEBUG [2026-10-09 18:06:28]   683 |                              "BSND case input query, weight, actual_seq_lengths_key, block_table, sparse_indices dim 0 are %u, %u, %u, %u, %u respectively, they must be same.",
DEBUG [2026-10-09 18:06:28] ......
DEBUG [2026-10-09 18:06:28]   686 |                               opParamInfo_.blockTable.tensor->GetStorageShape().GetDim(0),
DEBUG [2026-10-09 18:06:28]       |                               ~~~~~~~~~~~~~~~~~~~~~~~~~~~~~~~~~~~~~~~~~~~~~~~~~~~~~~~~~~~
DEBUG [2026-10-09 18:06:28]       |                                                                                       |
DEBUG [2026-10-09 18:06:28]       |                                                                                       int64_t {aka long int}
DEBUG [2026-10-09 18:06:28] /usr/local/Ascend/cann-9.1.0/aarch64-linux/include/op_common/log/log.h:1130:13: note: in definition of macro ‘OP_CHECK_IF’
DEBUG [2026-10-09 18:06:28]  1130 |             log;                                 \
DEBUG [2026-10-09 18:06:28]       |             ^~~
DEBUG [2026-10-09 18:06:28] /ws/source/vllm-ascend/csrc/attention/vllm_quant_lightning_indexer/op_host/vllm_quant_lightning_indexer_tiling.cpp:682:20: note: in expansion of macro ‘OP_LOGE’
DEBUG [2026-10-09 18:06:28]   682 |                    OP_LOGE(opName_,
DEBUG [2026-10-09 18:06:28]       |                    ^~~~~~~
DEBUG [2026-10-09 18:06:28] /ws/source/vllm-ascend/csrc/attention/vllm_quant_lightning_indexer/op_host/vllm_quant_lightning_indexer_tiling.cpp:683:30: warning: format ‘%u’ expects argument of type ‘unsigned int’, but argument 10 has type ‘int64_t’ {aka ‘long int’} [-Wformat=]
DEBUG [2026-10-09 18:06:28]   683 |                              "BSND case input query, weight, actual_seq_lengths_key, block_table, sparse_indices dim 0 are %u, %u, %u, %u, %u respectively, they must be same.",
DEBUG [2026-10-09 18:06:28] ......
DEBUG [2026-10-09 18:06:28]   687 |                               opParamInfo_.attenOut.shape->GetStorageShape().GetDim(0)),
DEBUG [2026-10-09 18:06:28]       |                               ~~~~~~~~~~~~~~~~~~~~~~~~~~~~~~~~~~~~~~~~~~~~~~~~~~~~~~~~
DEBUG [2026-10-09 18:06:28]       |                                                                                    |
DEBUG [2026-10-09 18:06:28]       |                                                                                    int64_t {aka long int}
DEBUG [2026-10-09 18:06:28] /usr/local/Ascend/cann-9.1.0/aarch64-linux/include/op_common/log/log.h:1130:13: note: in definition of macro ‘OP_CHECK_IF’
DEBUG [2026-10-09 18:06:28]  1130 |             log;                                 \
DEBUG [2026-10-09 18:06:28]       |             ^~~
DEBUG [2026-10-09 18:06:28] /ws/source/vllm-ascend/csrc/attention/vllm_quant_lightning_indexer/op_host/vllm_quant_lightning_indexer_tiling.cpp:682:20: note: in expansion of macro ‘OP_LOGE’
DEBUG [2026-10-09 18:06:28]   682 |                    OP_LOGE(opName_,
DEBUG [2026-10-09 18:06:28]       |                    ^~~~~~~
DEBUG [2026-10-09 18:06:28] /ws/source/vllm-ascend/csrc/attention/vllm_quant_lightning_indexer/op_host/vllm_quant_lightning_indexer_tiling.cpp:695:30: warning: format ‘%u’ expects argument of type ‘unsigned int’, but argument 7 has type ‘int64_t’ {aka ‘long int’} [-Wformat=]
DEBUG [2026-10-09 18:06:28]   695 |                              "BSND case input query, weight, actual_seq_lengths_key, sparse_indices dim 0 are %u, %u, %u, %u respectively, they must be same.",
DEBUG [2026-10-09 18:06:28]   696 |                               bSize_, opParamInfo_.weights.shape->GetStorageShape().GetDim(0),
DEBUG [2026-10-09 18:06:28]       |                                       ~~~~~~~~~~~~~~~~~~~~~~~~~~~~~~~~~~~~~~~~~~~~~~~~~~~~~~~
DEBUG [2026-10-09 18:06:28]       |                                                                                           |
DEBUG [2026-10-09 18:06:28]       |                                                                                           int64_t {aka long int}
DEBUG [2026-10-09 18:06:28] /usr/local/Ascend/cann-9.1.0/aarch64-linux/include/op_common/log/log.h:1130:13: note: in definition of macro ‘OP_CHECK_IF’
DEBUG [2026-10-09 18:06:28]  1130 |             log;                                 \
DEBUG [2026-10-09 18:06:28]       |             ^~~
DEBUG [2026-10-09 18:06:28] /ws/source/vllm-ascend/csrc/attention/vllm_quant_lightning_indexer/op_host/vllm_quant_lightning_indexer_tiling.cpp:694:20: note: in expansion of macro ‘OP_LOGE’
DEBUG [2026-10-09 18:06:28]   694 |                    OP_LOGE(opName_,
DEBUG [2026-10-09 18:06:28]       |                    ^~~~~~~
DEBUG [2026-10-09 18:06:28] /ws/source/vllm-ascend/csrc/attention/vllm_quant_lightning_indexer/op_host/vllm_quant_lightning_indexer_tiling.cpp:695:30: warning: format ‘%u’ expects argument of type ‘unsigned int’, but argument 8 has type ‘int64_t’ {aka ‘long int’} [-Wformat=]
DEBUG [2026-10-09 18:06:28]   695 |                              "BSND case input query, weight, actual_seq_lengths_key, sparse_indices dim 0 are %u, %u, %u, %u respectively, they must be same.",
DEBUG [2026-10-09 18:06:28]   696 |                               bSize_, opParamInfo_.weights.shape->GetStorageShape().GetDim(0),
DEBUG [2026-10-09 18:06:28]   697 |                               opParamInfo_.actualSeqLengthsK.tensor->GetShapeSize(),
DEBUG [2026-10-09 18:06:28]       |                               ~~~~~~~~~~~~~~~~~~~~~~~~~~~~~~~~~~~~~~~~~~~~~~~~~~~~~
DEBUG [2026-10-09 18:06:28]       |                                                                                  |
DEBUG [2026-10-09 18:06:28]       |                                                                                  int64_t {aka long int}
DEBUG [2026-10-09 18:06:28] /usr/local/Ascend/cann-9.1.0/aarch64-linux/include/op_common/log/log.h:1130:13: note: in definition of macro ‘OP_CHECK_IF’
DEBUG [2026-10-09 18:06:28]  1130 |             log;                                 \
DEBUG [2026-10-09 18:06:28]       |             ^~~
DEBUG [2026-10-09 18:06:28] /ws/source/vllm-ascend/csrc/attention/vllm_quant_lightning_indexer/op_host/vllm_quant_lightning_indexer_tiling.cpp:694:20: note: in expansion of macro ‘OP_LOGE’
DEBUG [2026-10-09 18:06:28]   694 |                    OP_LOGE(opName_,
DEBUG [2026-10-09 18:06:28]       |                    ^~~~~~~
DEBUG [2026-10-09 18:06:28] /ws/source/vllm-ascend/csrc/attention/vllm_quant_lightning_indexer/op_host/vllm_quant_lightning_indexer_tiling.cpp:695:30: warning: format ‘%u’ expects argument of type ‘unsigned int’, but argument 9 has type ‘int64_t’ {aka ‘long int’} [-Wformat=]
DEBUG [2026-10-09 18:06:28]   695 |                              "BSND case input query, weight, actual_seq_lengths_key, sparse_indices dim 0 are %u, %u, %u, %u respectively, they must be same.",
DEBUG [2026-10-09 18:06:28] ......
DEBUG [2026-10-09 18:06:28]   698 |                               opParamInfo_.attenOut.shape->GetStorageShape().GetDim(0)),
DEBUG [2026-10-09 18:06:28]       |                               ~~~~~~~~~~~~~~~~~~~~~~~~~~~~~~~~~~~~~~~~~~~~~~~~~~~~~~~~
DEBUG [2026-10-09 18:06:28]       |                                                                                    |
DEBUG [2026-10-09 18:06:28]       |                                                                                    int64_t {aka long int}
DEBUG [2026-10-09 18:06:28] /usr/local/Ascend/cann-9.1.0/aarch64-linux/include/op_common/log/log.h:1130:13: note: in definition of macro ‘OP_CHECK_IF’
DEBUG [2026-10-09 18:06:28]  1130 |             log;                                 \
DEBUG [2026-10-09 18:06:28]       |             ^~~
DEBUG [2026-10-09 18:06:28] /ws/source/vllm-ascend/csrc/attention/vllm_quant_lightning_indexer/op_host/vllm_quant_lightning_indexer_tiling.cpp:694:20: note: in expansion of macro ‘OP_LOGE’
DEBUG [2026-10-09 18:06:28]   694 |                    OP_LOGE(opName_,
DEBUG [2026-10-09 18:06:28]       |                    ^~~~~~~
DEBUG [2026-10-09 18:06:28] /ws/source/vllm-ascend/csrc/attention/vllm_quant_lightning_indexer/op_host/vllm_quant_lightning_indexer_tiling.cpp:712:30: warning: format ‘%u’ expects argument of type ‘unsigned int’, but argument 7 has type ‘int64_t’ {aka ‘long int’} [-Wformat=]
DEBUG [2026-10-09 18:06:28]   712 |             OP_LOGE(opName_, "BSND case input query, weight, sparse_indices dim 1 are %u, %u, %u, they must be same.",
DEBUG [2026-10-09 18:06:28]   713 |                       s1Size_, opParamInfo_.weights.shape->GetStorageShape().GetDim(1),
DEBUG [2026-10-09 18:06:28]       |                                ~~~~~~~~~~~~~~~~~~~~~~~~~~~~~~~~~~~~~~~~~~~~~~~~~~~~~~~
DEBUG [2026-10-09 18:06:28]       |                                                                                    |
DEBUG [2026-10-09 18:06:28]       |                                                                                    int64_t {aka long int}
DEBUG [2026-10-09 18:06:28] /usr/local/Ascend/cann-9.1.0/aarch64-linux/include/op_common/log/log.h:1130:13: note: in definition of macro ‘OP_CHECK_IF’
DEBUG [2026-10-09 18:06:28]  1130 |             log;                                 \
DEBUG [2026-10-09 18:06:28]       |             ^~~
DEBUG [2026-10-09 18:06:28] /ws/source/vllm-ascend/csrc/attention/vllm_quant_lightning_indexer/op_host/vllm_quant_lightning_indexer_tiling.cpp:712:13: note: in expansion of macro ‘OP_LOGE’
DEBUG [2026-10-09 18:06:28]   712 |             OP_LOGE(opName_, "BSND case input query, weight, sparse_indices dim 1 are %u, %u, %u, they must be same.",
DEBUG [2026-10-09 18:06:28]       |             ^~~~~~~
DEBUG [2026-10-09 18:06:28] /ws/source/vllm-ascend/csrc/attention/vllm_quant_lightning_indexer/op_host/vllm_quant_lightning_indexer_tiling.cpp:712:30: warning: format ‘%u’ expects argument of type ‘unsigned int’, but argument 8 has type ‘int64_t’ {aka ‘long int’} [-Wformat=]
DEBUG [2026-10-09 18:06:28]   712 |             OP_LOGE(opName_, "BSND case input query, weight, sparse_indices dim 1 are %u, %u, %u, they must be same.",
DEBUG [2026-10-09 18:06:28]   713 |                       s1Size_, opParamInfo_.weights.shape->GetStorageShape().GetDim(1),
DEBUG [2026-10-09 18:06:28]   714 |                       opParamInfo_.attenOut.shape->GetStorageShape().GetDim(1)),
DEBUG [2026-10-09 18:06:28]       |                       ~~~~~~~~~~~~~~~~~~~~~~~~~~~~~~~~~~~~~~~~~~~~~~~~~~~~~~~~
DEBUG [2026-10-09 18:06:28]       |                                                                            |
DEBUG [2026-10-09 18:06:28]       |                                                                            int64_t {aka long int}
DEBUG [2026-10-09 18:06:28] /usr/local/Ascend/cann-9.1.0/aarch64-linux/include/op_common/log/log.h:1130:13: note: in definition of macro ‘OP_CHECK_IF’
DEBUG [2026-10-09 18:06:28]  1130 |             log;                                 \
DEBUG [2026-10-09 18:06:28]       |             ^~~
DEBUG [2026-10-09 18:06:28] /ws/source/vllm-ascend/csrc/attention/vllm_quant_lightning_indexer/op_host/vllm_quant_lightning_indexer_tiling.cpp:712:13: note: in expansion of macro ‘OP_LOGE’
DEBUG [2026-10-09 18:06:28]   712 |             OP_LOGE(opName_, "BSND case input query, weight, sparse_indices dim 1 are %u, %u, %u, they must be same.",
DEBUG [2026-10-09 18:06:28]       |             ^~~~~~~
DEBUG [2026-10-09 18:06:28] /ws/source/vllm-ascend/csrc/attention/vllm_quant_lightning_indexer/op_host/vllm_quant_lightning_indexer_tiling.cpp:721:33: warning: format ‘%u’ expects argument of type ‘unsigned int’, but argument 6 has type ‘int64_t’ {aka ‘long int’} [-Wformat=]
DEBUG [2026-10-09 18:06:28]   721 |                OP_LOGE(opName_, "input query, weight shape dim N1 must be same, but now are %u, %u respectively, they must be same.",
DEBUG [2026-10-09 18:06:28]   722 |                opParamInfo_.weights.shape->GetStorageShape().GetDim(queryWeightsN1Dim), n1Size_),
DEBUG [2026-10-09 18:06:28]       |                ~~~~~~~~~~~~~~~~~~~~~~~~~~~~~~~~~~~~~~~~~~~~~~~~~~~~~~~~~~~~~~~~~~~~~~~
DEBUG [2026-10-09 18:06:28]       |                                                                    |
DEBUG [2026-10-09 18:06:28]       |                                                                    int64_t {aka long int}
DEBUG [2026-10-09 18:06:28] /usr/local/Ascend/cann-9.1.0/aarch64-linux/include/op_common/log/log.h:1130:13: note: in definition of macro ‘OP_CHECK_IF’
DEBUG [2026-10-09 18:06:28]  1130 |             log;                                 \
DEBUG [2026-10-09 18:06:28]       |             ^~~
DEBUG [2026-10-09 18:06:28] /ws/source/vllm-ascend/csrc/attention/vllm_quant_lightning_indexer/op_host/vllm_quant_lightning_indexer_tiling.cpp:721:16: note: in expansion of macro ‘OP_LOGE’
DEBUG [2026-10-09 18:06:28]   721 |                OP_LOGE(opName_, "input query, weight shape dim N1 must be same, but now are %u, %u respectively, they must be same.",
DEBUG [2026-10-09 18:06:28]       |                ^~~~~~~
DEBUG [2026-10-09 18:06:28] [65/69] Building CXX object gmm/grouped_matmul_swiglu_quant/op_host/CMakeFiles/ophost_transformer_tiling_obj.dir/__/__/__/attention/sparse_flash_mla/op_host/sparse_flash_mla_tiling.cpp.o
DEBUG [2026-10-09 18:06:28] In file included from /ws/source/vllm-ascend/csrc/common/include/err/ops_err.h:19,
DEBUG [2026-10-09 18:06:28]                  from /ws/source/vllm-ascend/csrc/attention/sparse_flash_mla/op_host/sparse_flash_mla_tiling.h:22,
DEBUG [2026-10-09 18:06:28]                  from /ws/source/vllm-ascend/csrc/attention/sparse_flash_mla/op_host/sparse_flash_mla_tiling.cpp:16:
DEBUG [2026-10-09 18:06:28] /usr/local/Ascend/cann-9.1.0/aarch64-linux/include/op_common/log/log.h:45:9: warning: redundant redeclaration of ‘int32_t CheckLogLevel(int32_t, int32_t)’ in same scope [-Wredundant-decls]
DEBUG [2026-10-09 18:06:28]    45 | int32_t CheckLogLevel(int32_t moduleId, int32_t logLevel);
DEBUG [2026-10-09 18:06:28]       |         ^~~~~~~~~~~~~
DEBUG [2026-10-09 18:06:28] In file included from <command-line>:
DEBUG [2026-10-09 18:06:28] /ws/source/vllm-ascend/csrc/common/include/cann_compat.h:24:9: note: previous declaration of ‘int32_t CheckLogLevel(int32_t, int32_t)’
DEBUG [2026-10-09 18:06:28]    24 | int32_t CheckLogLevel(int32_t moduleId, int32_t logLevel);
DEBUG [2026-10-09 18:06:28]       |         ^~~~~~~~~~~~~
DEBUG [2026-10-09 18:06:28] /usr/local/Ascend/cann-9.1.0/aarch64-linux/include/op_common/log/log.h:46:6: warning: redundant redeclaration of ‘void DlogRecord(int32_t, int32_t, const char*, ...)’ in same scope [-Wredundant-decls]
DEBUG [2026-10-09 18:06:28]    46 | void DlogRecord(int32_t moduleId, int32_t level, const char* fmt, ...);
DEBUG [2026-10-09 18:06:28]       |      ^~~~~~~~~~
DEBUG [2026-10-09 18:06:28] /ws/source/vllm-ascend/csrc/common/include/cann_compat.h:25:6: note: previous declaration of ‘void DlogRecord(int32_t, int32_t, const char*, ...)’
DEBUG [2026-10-09 18:06:28]    25 | void DlogRecord(int32_t moduleId, int32_t level, const char *fmt, ...);
DEBUG [2026-10-09 18:06:28]       |      ^~~~~~~~~~
DEBUG [2026-10-09 18:06:28] /ws/source/vllm-ascend/csrc/attention/sparse_flash_mla/op_host/sparse_flash_mla_tiling.h:180:57: warning: missing initializer for member ‘optiling::SMLATilingOptionalParaInfo::shape’ [-Wmissing-field-initializers]
DEBUG [2026-10-09 18:06:28]   180 |     SMLATilingOptionalParaInfo oriKv = {nullptr, nullptr};
DEBUG [2026-10-09 18:06:28]       |                                                         ^
DEBUG [2026-10-09 18:06:28] /ws/source/vllm-ascend/csrc/attention/sparse_flash_mla/op_host/sparse_flash_mla_tiling.h:181:57: warning: missing initializer for member ‘optiling::SMLATilingOptionalParaInfo::shape’ [-Wmissing-field-initializers]
DEBUG [2026-10-09 18:06:28]   181 |     SMLATilingOptionalParaInfo cmpKv = {nullptr, nullptr};
DEBUG [2026-10-09 18:06:28]       |                                                         ^
DEBUG [2026-10-09 18:06:28] /ws/source/vllm-ascend/csrc/attention/sparse_flash_mla/op_host/sparse_flash_mla_tiling.h:182:68: warning: missing initializer for member ‘optiling::SMLATilingOptionalParaInfo::shape’ [-Wmissing-field-initializers]
DEBUG [2026-10-09 18:06:28]   182 |     SMLATilingOptionalParaInfo oriSparseIndices = {nullptr, nullptr};
DEBUG [2026-10-09 18:06:28]       |                                                                    ^
DEBUG [2026-10-09 18:06:28] /ws/source/vllm-ascend/csrc/attention/sparse_flash_mla/op_host/sparse_flash_mla_tiling.h:183:68: warning: missing initializer for member ‘optiling::SMLATilingOptionalParaInfo::shape’ [-Wmissing-field-initializers]
DEBUG [2026-10-09 18:06:28]   183 |     SMLATilingOptionalParaInfo cmpSparseIndices = {nullptr, nullptr};
DEBUG [2026-10-09 18:06:28]       |                                                                    ^
DEBUG [2026-10-09 18:06:28] /ws/source/vllm-ascend/csrc/attention/sparse_flash_mla/op_host/sparse_flash_mla_tiling.h:184:65: warning: missing initializer for member ‘optiling::SMLATilingOptionalParaInfo::shape’ [-Wmissing-field-initializers]
DEBUG [2026-10-09 18:06:28]   184 |     SMLATilingOptionalParaInfo oriBlockTable = {nullptr, nullptr};
DEBUG [2026-10-09 18:06:28]       |                                                                 ^
DEBUG [2026-10-09 18:06:28] /ws/source/vllm-ascend/csrc/attention/sparse_flash_mla/op_host/sparse_flash_mla_tiling.h:185:65: warning: missing initializer for member ‘optiling::SMLATilingOptionalParaInfo::shape’ [-Wmissing-field-initializers]
DEBUG [2026-10-09 18:06:28]   185 |     SMLATilingOptionalParaInfo cmpBlockTable = {nullptr, nullptr};
DEBUG [2026-10-09 18:06:28]       |                                                                 ^
DEBUG [2026-10-09 18:06:28] /ws/source/vllm-ascend/csrc/attention/sparse_flash_mla/op_host/sparse_flash_mla_tiling.h:186:62: warning: missing initializer for member ‘optiling::SMLATilingOptionalParaInfo::shape’ [-Wmissing-field-initializers]
DEBUG [2026-10-09 18:06:28]   186 |     SMLATilingOptionalParaInfo cuSeqLensQ = {nullptr, nullptr};
DEBUG [2026-10-09 18:06:28]       |                                                              ^
DEBUG [2026-10-09 18:06:28] /ws/source/vllm-ascend/csrc/attention/sparse_flash_mla/op_host/sparse_flash_mla_tiling.h:187:66: warning: missing initializer for member ‘optiling::SMLATilingOptionalParaInfo::shape’ [-Wmissing-field-initializers]
DEBUG [2026-10-09 18:06:28]   187 |     SMLATilingOptionalParaInfo cuSeqLensOriKv = {nullptr, nullptr}; // A5
DEBUG [2026-10-09 18:06:28]       |                                                                  ^
DEBUG [2026-10-09 18:06:28] /ws/source/vllm-ascend/csrc/attention/sparse_flash_mla/op_host/sparse_flash_mla_tiling.h:188:66: warning: missing initializer for member ‘optiling::SMLATilingOptionalParaInfo::shape’ [-Wmissing-field-initializers]
DEBUG [2026-10-09 18:06:28]   188 |     SMLATilingOptionalParaInfo cuSeqLensCmpKv = {nullptr, nullptr}; // A5
DEBUG [2026-10-09 18:06:28]       |                                                                  ^
DEBUG [2026-10-09 18:06:28] /ws/source/vllm-ascend/csrc/attention/sparse_flash_mla/op_host/sparse_flash_mla_tiling.h:189:63: warning: missing initializer for member ‘optiling::SMLATilingOptionalParaInfo::shape’ [-Wmissing-field-initializers]
DEBUG [2026-10-09 18:06:28]   189 |     SMLATilingOptionalParaInfo cuSeqLensKv = {nullptr, nullptr};    // A2/A3
DEBUG [2026-10-09 18:06:28]       |                                                               ^
DEBUG [2026-10-09 18:06:28] /ws/source/vllm-ascend/csrc/attention/sparse_flash_mla/op_host/sparse_flash_mla_tiling.h:190:60: warning: missing initializer for member ‘optiling::SMLATilingOptionalParaInfo::shape’ [-Wmissing-field-initializers]
DEBUG [2026-10-09 18:06:28]   190 |     SMLATilingOptionalParaInfo seqUsedQ = {nullptr, nullptr};
DEBUG [2026-10-09 18:06:28]       |                                                            ^
DEBUG [2026-10-09 18:06:28] /ws/source/vllm-ascend/csrc/attention/sparse_flash_mla/op_host/sparse_flash_mla_tiling.h:191:64: warning: missing initializer for member ‘optiling::SMLATilingOptionalParaInfo::shape’ [-Wmissing-field-initializers]
DEBUG [2026-10-09 18:06:28]   191 |     SMLATilingOptionalParaInfo sequsedOriKv = {nullptr, nullptr};
DEBUG [2026-10-09 18:06:28]       |                                                                ^
DEBUG [2026-10-09 18:06:28] /ws/source/vllm-ascend/csrc/attention/sparse_flash_mla/op_host/sparse_flash_mla_tiling.h:192:64: warning: missing initializer for member ‘optiling::SMLATilingOptionalParaInfo::shape’ [-Wmissing-field-initializers]
DEBUG [2026-10-09 18:06:28]   192 |     SMLATilingOptionalParaInfo sequsedCmpKv = {nullptr, nullptr};
DEBUG [2026-10-09 18:06:28]       |                                                                ^
DEBUG [2026-10-09 18:06:28] /ws/source/vllm-ascend/csrc/attention/sparse_flash_mla/op_host/sparse_flash_mla_tiling.h:193:65: warning: missing initializer for member ‘optiling::SMLATilingOptionalParaInfo::shape’ [-Wmissing-field-initializers]
DEBUG [2026-10-09 18:06:28]   193 |     SMLATilingOptionalParaInfo cmpResidualKv = {nullptr, nullptr};
DEBUG [2026-10-09 18:06:28]       |                                                                 ^
DEBUG [2026-10-09 18:06:28] /ws/source/vllm-ascend/csrc/attention/sparse_flash_mla/op_host/sparse_flash_mla_tiling.h:194:65: warning: missing initializer for member ‘optiling::SMLATilingOptionalParaInfo::shape’ [-Wmissing-field-initializers]
DEBUG [2026-10-09 18:06:28]   194 |     SMLATilingOptionalParaInfo oriTopkLength = {nullptr, nullptr};
DEBUG [2026-10-09 18:06:28]       |                                                                 ^
DEBUG [2026-10-09 18:06:28] /ws/source/vllm-ascend/csrc/attention/sparse_flash_mla/op_host/sparse_flash_mla_tiling.h:195:65: warning: missing initializer for member ‘optiling::SMLATilingOptionalParaInfo::shape’ [-Wmissing-field-initializers]
DEBUG [2026-10-09 18:06:28]   195 |     SMLATilingOptionalParaInfo cmpTopkLength = {nullptr, nullptr};
DEBUG [2026-10-09 18:06:28]       |                                                                 ^
DEBUG [2026-10-09 18:06:28] /ws/source/vllm-ascend/csrc/attention/sparse_flash_mla/op_host/sparse_flash_mla_tiling.h:196:57: warning: missing initializer for member ‘optiling::SMLATilingOptionalParaInfo::shape’ [-Wmissing-field-initializers]
DEBUG [2026-10-09 18:06:28]   196 |     SMLATilingOptionalParaInfo sinks = {nullptr, nullptr};
DEBUG [2026-10-09 18:06:28]       |                                                         ^
DEBUG [2026-10-09 18:06:28] /ws/source/vllm-ascend/csrc/attention/sparse_flash_mla/op_host/sparse_flash_mla_tiling.h:197:60: warning: missing initializer for member ‘optiling::SMLATilingOptionalParaInfo::shape’ [-Wmissing-field-initializers]
DEBUG [2026-10-09 18:06:28]   197 |     SMLATilingOptionalParaInfo metadata = {nullptr, nullptr};
DEBUG [2026-10-09 18:06:28]       |                                                            ^
DEBUG [2026-10-09 18:06:28] /ws/source/vllm-ascend/csrc/attention/sparse_flash_mla/op_host/sparse_flash_mla_tiling.h:292:7: warning: ‘class optiling::SMLATilingCheck’ has virtual functions and accessible non-virtual destructor [-Wnon-virtual-dtor]
DEBUG [2026-10-09 18:06:28]   292 | class SMLATilingCheck {
DEBUG [2026-10-09 18:06:28]       |       ^~~~~~~~~~~~~~~
DEBUG [2026-10-09 18:06:28] [66/69] Linking CXX shared library libcust_opmaster_rt2.0.so
DEBUG [2026-10-09 18:06:28] [67/69] Generating compat/liboptiling.so
DEBUG [2026-10-09 18:06:28] [68/69] cd /ws/source/vllm-ascend/csrc/build && /ws/.venv/bin/python3.12 /ws/source/vllm-ascend/csrc/cmake/scripts/util/ascendc_ops_config.py -p /ws/source/vllm-ascend/csrc/build/binary/ascend910b/bin -s ascend910b
DEBUG [2026-10-09 18:06:28] [68/69] Run CPack packaging tool...
DEBUG [2026-10-09 18:06:28] CPack: Create package using External
DEBUG [2026-10-09 18:06:28] CPack: Install projects
DEBUG [2026-10-09 18:06:28] CPack: - Install project: cann_ops-transformer []
DEBUG [2026-10-09 18:06:28] CPack: Create package
DEBUG [2026-10-09 18:06:28] 
DEBUG [2026-10-09 18:06:28] About to compress 63856 KB of data...
DEBUG [2026-10-09 18:06:28] Adding files to archive named "cann-ops-transformer-custom_linux-aarch64.run"...
DEBUG [2026-10-09 18:06:28] ./help.info
DEBUG [2026-10-09 18:06:28] ./install.sh
DEBUG [2026-10-09 18:06:28] ./packages/vendors/custom_transformer/op_api/include/aclnnop/aclnnInner_lightning_indexer.h
DEBUG [2026-10-09 18:06:28] ./packages/vendors/custom_transformer/op_api/include/aclnnop/aclnnInner_sparse_flash_attention.h
DEBUG [2026-10-09 18:06:28] ./packages/vendors/custom_transformer/op_api/include/aclnnop/aclnn_add_rms_norm_bias.h
DEBUG [2026-10-09 18:06:28] ./packages/vendors/custom_transformer/op_api/include/aclnnop/aclnn_causal_conv1d.h
DEBUG [2026-10-09 18:06:28] ./packages/vendors/custom_transformer/op_api/include/aclnnop/aclnn_chunk_fwd_o.h
DEBUG [2026-10-09 18:06:28] ./packages/vendors/custom_transformer/op_api/include/aclnnop/aclnn_chunk_gated_delta_rule_fwd_h.h
DEBUG [2026-10-09 18:06:28] ./packages/vendors/custom_transformer/op_api/include/aclnnop/aclnn_chunk_kda_fwd.h
DEBUG [2026-10-09 18:06:28] ./packages/vendors/custom_transformer/op_api/include/aclnnop/aclnn_compressor.h
DEBUG [2026-10-09 18:06:28] ./packages/vendors/custom_transformer/op_api/include/aclnnop/aclnn_compressor_metadata.h
DEBUG [2026-10-09 18:06:28] ./packages/vendors/custom_transformer/op_api/include/aclnnop/aclnn_copy_and_expand_eagle_inputs.h
DEBUG [2026-10-09 18:06:28] ./packages/vendors/custom_transformer/op_api/include/aclnnop/aclnn_dequant_situ_quant.h
DEBUG [2026-10-09 18:06:28] ./packages/vendors/custom_transformer/op_api/include/aclnnop/aclnn_dequant_swiglu_quant.h
DEBUG [2026-10-09 18:06:28] ./packages/vendors/custom_transformer/op_api/include/aclnnop/aclnn_dequant_swiglu_quant_v2.h
DEBUG [2026-10-09 18:06:28] ./packages/vendors/custom_transformer/op_api/include/aclnnop/aclnn_fused_sparse_attention_overlap.h
DEBUG [2026-10-09 18:06:28] ./packages/vendors/custom_transformer/op_api/include/aclnnop/aclnn_grouped_matmul_swiglu_quant.h
DEBUG [2026-10-09 18:06:28] ./packages/vendors/custom_transformer/op_api/include/aclnnop/aclnn_grouped_matmul_swiglu_quant_v2.h
DEBUG [2026-10-09 18:06:28] ./packages/vendors/custom_transformer/op_api/include/aclnnop/aclnn_grouped_matmul_swiglu_quant_weight_nz.h
DEBUG [2026-10-09 18:06:28] ./packages/vendors/custom_transformer/op_api/include/aclnnop/aclnn_grouped_matmul_swiglu_quant_weight_nz_tensor_list.h
DEBUG [2026-10-09 18:06:28] ./packages/vendors/custom_transformer/op_api/include/aclnnop/aclnn_grouped_matmul_swiglu_quant_weight_nz_v2.h
DEBUG [2026-10-09 18:06:28] ./packages/vendors/custom_transformer/op_api/include/aclnnop/aclnn_hc_post.h
DEBUG [2026-10-09 18:06:28] ./packages/vendors/custom_transformer/op_api/include/aclnnop/aclnn_hc_pre.h
DEBUG [2026-10-09 18:06:28] ./packages/vendors/custom_transformer/op_api/include/aclnnop/aclnn_inplace_partial_rotary_mul.h
DEBUG [2026-10-09 18:06:28] ./packages/vendors/custom_transformer/op_api/include/aclnnop/aclnn_k2q_csr_hist.h
DEBUG [2026-10-09 18:06:28] ./packages/vendors/custom_transformer/op_api/include/aclnnop/aclnn_k2q_csr_meta.h
DEBUG [2026-10-09 18:06:28] ./packages/vendors/custom_transformer/op_api/include/aclnnop/aclnn_k2q_csr_row_prefix.h
DEBUG [2026-10-09 18:06:28] ./packages/vendors/custom_transformer/op_api/include/aclnnop/aclnn_k2q_csr_scatter.h
DEBUG [2026-10-09 18:06:28] ./packages/vendors/custom_transformer/op_api/include/aclnnop/aclnn_k2q_csr_tile_prefix.h
DEBUG [2026-10-09 18:06:28] ./packages/vendors/custom_transformer/op_api/include/aclnnop/aclnn_kda_gate_cumsum.h
DEBUG [2026-10-09 18:06:28] ./packages/vendors/custom_transformer/op_api/include/aclnnop/aclnn_kda_layout_swap12.h
DEBUG [2026-10-09 18:06:28] ./packages/vendors/custom_transformer/op_api/include/aclnnop/aclnn_kv_quant_sparse_flash_attention.h
DEBUG [2026-10-09 18:06:28] ./packages/vendors/custom_transformer/op_api/include/aclnnop/aclnn_lightning_indexer.h
DEBUG [2026-10-09 18:06:28] ./packages/vendors/custom_transformer/op_api/include/aclnnop/aclnn_lightning_indexer_quant.h
DEBUG [2026-10-09 18:06:28] ./packages/vendors/custom_transformer/op_api/include/aclnnop/aclnn_moe_gating_top_k.h
DEBUG [2026-10-09 18:06:28] ./packages/vendors/custom_transformer/op_api/include/aclnnop/aclnn_moe_gating_top_k_hash.h
DEBUG [2026-10-09 18:06:28] ./packages/vendors/custom_transformer/op_api/include/aclnnop/aclnn_msa_index_score.h
DEBUG [2026-10-09 18:06:28] ./packages/vendors/custom_transformer/op_api/include/aclnnop/aclnn_ops_transformer_custom.h
DEBUG [2026-10-09 18:06:28] ./packages/vendors/custom_transformer/op_api/include/aclnnop/aclnn_quant_lightning_indexer_v2.h
DEBUG [2026-10-09 18:06:28] ./packages/vendors/custom_transformer/op_api/include/aclnnop/aclnn_quant_lightning_indexer_v2_metadata.h
DEBUG [2026-10-09 18:06:28] ./packages/vendors/custom_transformer/op_api/include/aclnnop/aclnn_recurrent_gated_delta_rule.h
DEBUG [2026-10-09 18:06:28] ./packages/vendors/custom_transformer/op_api/include/aclnnop/aclnn_recurrent_kda.h
DEBUG [2026-10-09 18:06:28] ./packages/vendors/custom_transformer/op_api/include/aclnnop/aclnn_rms_norm_cast.h
DEBUG [2026-10-09 18:06:28] ./packages/vendors/custom_transformer/op_api/include/aclnnop/aclnn_rms_norm_dynamic_quant.h
DEBUG [2026-10-09 18:06:28] ./packages/vendors/custom_transformer/op_api/include/aclnnop/aclnn_scatter_nd_update_sk.h
DEBUG [2026-10-09 18:06:28] ./packages/vendors/custom_transformer/op_api/include/aclnnop/aclnn_sparse_attention_score.h
DEBUG [2026-10-09 18:06:28] ./packages/vendors/custom_transformer/op_api/include/aclnnop/aclnn_sparse_attn_sharedkv.h
DEBUG [2026-10-09 18:06:28] ./packages/vendors/custom_transformer/op_api/include/aclnnop/aclnn_sparse_attn_sharedkv_metadata.h
DEBUG [2026-10-09 18:06:28] ./packages/vendors/custom_transformer/op_api/include/aclnnop/aclnn_sparse_flash_attention.h
DEBUG [2026-10-09 18:06:28] ./packages/vendors/custom_transformer/op_api/include/aclnnop/aclnn_sparse_flash_mla.h
DEBUG [2026-10-09 18:06:28] ./packages/vendors/custom_transformer/op_api/include/aclnnop/aclnn_sparse_flash_mla_metadata.h
DEBUG [2026-10-09 18:06:28] ./packages/vendors/custom_transformer/op_api/include/aclnnop/aclnn_store_kv_block.h
DEBUG [2026-10-09 18:06:28] ./packages/vendors/custom_transformer/op_api/include/aclnnop/aclnn_store_kv_block_metadata.h
DEBUG [2026-10-09 18:06:28] ./packages/vendors/custom_transformer/op_api/include/aclnnop/aclnn_transpose_kv_cache_by_block.h
DEBUG [2026-10-09 18:06:28] ./packages/vendors/custom_transformer/op_api/include/aclnnop/aclnn_vllm_quant_lightning_indexer.h
DEBUG [2026-10-09 18:06:28] ./packages/vendors/custom_transformer/op_api/include/aclnnop/aclnn_vllm_quant_lightning_indexer_metadata.h
DEBUG [2026-10-09 18:06:28] ./packages/vendors/custom_transformer/op_api/lib/libcust_opapi.so
DEBUG [2026-10-09 18:06:28] ./packages/vendors/custom_transformer/op_impl/ai_core/tbe/config/ascend910b/aic-ascend910b-ops-info.json
DEBUG [2026-10-09 18:06:28] ./packages/vendors/custom_transformer/op_impl/ai_core/tbe/custom_transformer_impl/ascendc/add_rms_norm_bias/add_rms_norm_bias.cpp
DEBUG [2026-10-09 18:06:28] ./packages/vendors/custom_transformer/op_impl/ai_core/tbe/custom_transformer_impl/ascendc/add_rms_norm_bias/add_rms_norm_bias.h
DEBUG [2026-10-09 18:06:28] ./packages/vendors/custom_transformer/op_impl/ai_core/tbe/custom_transformer_impl/ascendc/add_rms_norm_bias/add_rms_norm_bias_apt.cpp
DEBUG [2026-10-09 18:06:28] ./packages/vendors/custom_transformer/op_impl/ai_core/tbe/custom_transformer_impl/ascendc/add_rms_norm_bias/add_rms_norm_bias_merge_n.h
DEBUG [2026-10-09 18:06:28] ./packages/vendors/custom_transformer/op_impl/ai_core/tbe/custom_transformer_impl/ascendc/add_rms_norm_bias/add_rms_norm_bias_multi_n.h
DEBUG [2026-10-09 18:06:28] ./packages/vendors/custom_transformer/op_impl/ai_core/tbe/custom_transformer_impl/ascendc/add_rms_norm_bias/add_rms_norm_bias_single_n.h
DEBUG [2026-10-09 18:06:28] ./packages/vendors/custom_transformer/op_impl/ai_core/tbe/custom_transformer_impl/ascendc/add_rms_norm_bias/add_rms_norm_bias_split_d.h
DEBUG [2026-10-09 18:06:28] ./packages/vendors/custom_transformer/op_impl/ai_core/tbe/custom_transformer_impl/ascendc/add_rms_norm_bias/reduce_common.h
DEBUG [2026-10-09 18:06:28] ./packages/vendors/custom_transformer/op_impl/ai_core/tbe/custom_transformer_impl/ascendc/add_rms_norm_bias/rms_norm_base.h
DEBUG [2026-10-09 18:06:28] ./packages/vendors/custom_transformer/op_impl/ai_core/tbe/custom_transformer_impl/ascendc/causal_conv1d/causal_conv1d.cpp
DEBUG [2026-10-09 18:06:28] ./packages/vendors/custom_transformer/op_impl/ai_core/tbe/custom_transformer_impl/ascendc/causal_conv1d/causal_conv1d.h
DEBUG [2026-10-09 18:06:28] ./packages/vendors/custom_transformer/op_impl/ai_core/tbe/custom_transformer_impl/ascendc/causal_conv1d/causal_conv1d_common.h
DEBUG [2026-10-09 18:06:28] ./packages/vendors/custom_transformer/op_impl/ai_core/tbe/custom_transformer_impl/ascendc/causal_conv1d/causal_conv1d_fn.h
DEBUG [2026-10-09 18:06:28] ./packages/vendors/custom_transformer/op_impl/ai_core/tbe/custom_transformer_impl/ascendc/causal_conv1d/causal_conv1d_fn_tasks.h
DEBUG [2026-10-09 18:06:28] ./packages/vendors/custom_transformer/op_impl/ai_core/tbe/custom_transformer_impl/ascendc/causal_conv1d/causal_conv1d_tiling_data.h
DEBUG [2026-10-09 18:06:28] ./packages/vendors/custom_transformer/op_impl/ai_core/tbe/custom_transformer_impl/ascendc/causal_conv1d/causal_conv1d_tiling_key.h
DEBUG [2026-10-09 18:06:28] ./packages/vendors/custom_transformer/op_impl/ai_core/tbe/custom_transformer_impl/ascendc/causal_conv1d/causal_conv1d_update.h
DEBUG [2026-10-09 18:06:28] ./packages/vendors/custom_transformer/op_impl/ai_core/tbe/custom_transformer_impl/ascendc/chunk_fwd_o/arch22/epilogue/block/block_epilogue_gdn_fwdo_output.hpp
DEBUG [2026-10-09 18:06:28] ./packages/vendors/custom_transformer/op_impl/ai_core/tbe/custom_transformer_impl/ascendc/chunk_fwd_o/arch22/epilogue/block/block_epilogue_gdn_fwdo_qkmask.hpp
DEBUG [2026-10-09 18:06:28] ./packages/vendors/custom_transformer/op_impl/ai_core/tbe/custom_transformer_impl/ascendc/chunk_fwd_o/arch22/epilogue/gdn_fwd_o_epilogue_policies.hpp
DEBUG [2026-10-09 18:06:28] ./packages/vendors/custom_transformer/op_impl/ai_core/tbe/custom_transformer_impl/ascendc/chunk_fwd_o/arch22/gemm/block/block_scheduler_gdn_fwd_o.hpp
DEBUG [2026-10-09 18:06:28] ./packages/vendors/custom_transformer/op_impl/ai_core/tbe/custom_transformer_impl/ascendc/chunk_fwd_o/arch22/gemm/kernel/gdn_fwd_o_kernel.hpp
DEBUG [2026-10-09 18:06:28] ./packages/vendors/custom_transformer/op_impl/ai_core/tbe/custom_transformer_impl/ascendc/chunk_fwd_o/chunk_fwd_o.cpp
DEBUG [2026-10-09 18:06:28] ./packages/vendors/custom_transformer/op_impl/ai_core/tbe/custom_transformer_impl/ascendc/chunk_gated_delta_rule_fwd_h/arch22/epilogue/block/block_epilogue_gdn_fwdh_update.hpp
DEBUG [2026-10-09 18:06:28] ./packages/vendors/custom_transformer/op_impl/ai_core/tbe/custom_transformer_impl/ascendc/chunk_gated_delta_rule_fwd_h/arch22/epilogue/block/block_epilogue_gdn_fwdh_vnew.hpp
DEBUG [2026-10-09 18:06:28] ./packages/vendors/custom_transformer/op_impl/ai_core/tbe/custom_transformer_impl/ascendc/chunk_gated_delta_rule_fwd_h/arch22/epilogue/gdn_fwd_h_epilogue_policies.hpp
DEBUG [2026-10-09 18:06:28] ./packages/vendors/custom_transformer/op_impl/ai_core/tbe/custom_transformer_impl/ascendc/chunk_gated_delta_rule_fwd_h/arch22/gemm/block/block_scheduler_gdn_fwd_h.hpp
DEBUG [2026-10-09 18:06:28] ./packages/vendors/custom_transformer/op_impl/ai_core/tbe/custom_transformer_impl/ascendc/chunk_gated_delta_rule_fwd_h/arch22/gemm/kernel/gdn_fwd_h_kernel.hpp
DEBUG [2026-10-09 18:06:28] ./packages/vendors/custom_transformer/op_impl/ai_core/tbe/custom_transformer_impl/ascendc/chunk_gated_delta_rule_fwd_h/chunk_gated_delta_rule_fwd_h.cpp
DEBUG [2026-10-09 18:06:28] ./packages/vendors/custom_transformer/op_impl/ai_core/tbe/custom_transformer_impl/ascendc/chunk_gated_delta_rule_fwd_h/chunk_gated_delta_rule_fwd_h_struct.h
DEBUG [2026-10-09 18:06:28] ./packages/vendors/custom_transformer/op_impl/ai_core/tbe/custom_transformer_impl/ascendc/chunk_gated_delta_rule_fwd_h/epilogue/block/block_epilogue_gdn_fwdh_update.hpp
DEBUG [2026-10-09 18:06:28] ./packages/vendors/custom_transformer/op_impl/ai_core/tbe/custom_transformer_impl/ascendc/chunk_gated_delta_rule_fwd_h/epilogue/block/block_epilogue_gdn_fwdh_vnew.hpp
DEBUG [2026-10-09 18:06:28] ./packages/vendors/custom_transformer/op_impl/ai_core/tbe/custom_transformer_impl/ascendc/chunk_gated_delta_rule_fwd_h/epilogue/gdn_fwd_h_epilogue_policies.hpp
DEBUG [2026-10-09 18:06:28] ./packages/vendors/custom_transformer/op_impl/ai_core/tbe/custom_transformer_impl/ascendc/chunk_gated_delta_rule_fwd_h/gemm/block/block_scheduler_gdn_fwd_h.hpp
DEBUG [2026-10-09 18:06:28] ./packages/vendors/custom_transformer/op_impl/ai_core/tbe/custom_transformer_impl/ascendc/chunk_gated_delta_rule_fwd_h/gemm/kernel/gdn_fwd_h_kernel.hpp
DEBUG [2026-10-09 18:06:28] ./packages/vendors/custom_transformer/op_impl/ai_core/tbe/custom_transformer_impl/ascendc/chunk_kda_fwd/chunk_kda_fwd.cpp
DEBUG [2026-10-09 18:06:28] ./packages/vendors/custom_transformer/op_impl/ai_core/tbe/custom_transformer_impl/ascendc/chunk_kda_fwd/chunk_kda_fwd_common.h
DEBUG [2026-10-09 18:06:28] ./packages/vendors/custom_transformer/op_impl/ai_core/tbe/custom_transformer_impl/ascendc/chunk_kda_fwd/chunk_kda_fwd_finalize.h
DEBUG [2026-10-09 18:06:28] ./packages/vendors/custom_transformer/op_impl/ai_core/tbe/custom_transformer_impl/ascendc/chunk_kda_fwd/chunk_kda_fwd_post_wu.h
DEBUG [2026-10-09 18:06:28] ./packages/vendors/custom_transformer/op_impl/ai_core/tbe/custom_transformer_impl/ascendc/chunk_kda_fwd/chunk_kda_fwd_prepare.h
DEBUG [2026-10-09 18:06:28] ./packages/vendors/custom_transformer/op_impl/ai_core/tbe/custom_transformer_impl/ascendc/chunk_kda_fwd/chunk_kda_fwd_varlen.h
DEBUG [2026-10-09 18:06:28] ./packages/vendors/custom_transformer/op_impl/ai_core/tbe/custom_transformer_impl/ascendc/common/CopyInL1.h
DEBUG [2026-10-09 18:06:28] ./packages/vendors/custom_transformer/op_impl/ai_core/tbe/custom_transformer_impl/ascendc/common/FixpipeOut.h
DEBUG [2026-10-09 18:06:28] ./packages/vendors/custom_transformer/op_impl/ai_core/tbe/custom_transformer_impl/ascendc/common/aicpu_common.h
DEBUG [2026-10-09 18:06:28] ./packages/vendors/custom_transformer/op_impl/ai_core/tbe/custom_transformer_impl/ascendc/common/attn_buffer.h
DEBUG [2026-10-09 18:06:28] ./packages/vendors/custom_transformer/op_impl/ai_core/tbe/custom_transformer_impl/ascendc/common/attn_buffer_manager.h
DEBUG [2026-10-09 18:06:28] ./packages/vendors/custom_transformer/op_impl/ai_core/tbe/custom_transformer_impl/ascendc/common/buffer.h
DEBUG [2026-10-09 18:06:28] ./packages/vendors/custom_transformer/op_impl/ai_core/tbe/custom_transformer_impl/ascendc/common/buffer_manager.h
DEBUG [2026-10-09 18:06:28] ./packages/vendors/custom_transformer/op_impl/ai_core/tbe/custom_transformer_impl/ascendc/common/buffer_mix_core.h
DEBUG [2026-10-09 18:06:28] ./packages/vendors/custom_transformer/op_impl/ai_core/tbe/custom_transformer_impl/ascendc/common/buffers_policy.h
DEBUG [2026-10-09 18:06:28] ./packages/vendors/custom_transformer/op_impl/ai_core/tbe/custom_transformer_impl/ascendc/common/common.h
DEBUG [2026-10-09 18:06:28] ./packages/vendors/custom_transformer/op_impl/ai_core/tbe/custom_transformer_impl/ascendc/common/common_func.h
DEBUG [2026-10-09 18:06:28] ./packages/vendors/custom_transformer/op_impl/ai_core/tbe/custom_transformer_impl/ascendc/common/dropmask.h
DEBUG [2026-10-09 18:06:28] ./packages/vendors/custom_transformer/op_impl/ai_core/tbe/custom_transformer_impl/ascendc/common/gm_to_l1_iterator.h
DEBUG [2026-10-09 18:06:28] ./packages/vendors/custom_transformer/op_impl/ai_core/tbe/custom_transformer_impl/ascendc/common/gm_to_ub_iterator.h
DEBUG [2026-10-09 18:06:28] ./packages/vendors/custom_transformer/op_impl/ai_core/tbe/custom_transformer_impl/ascendc/common/hardware.h
DEBUG [2026-10-09 18:06:28] ./packages/vendors/custom_transformer/op_impl/ai_core/tbe/custom_transformer_impl/ascendc/common/init_output.h
DEBUG [2026-10-09 18:06:28] ./packages/vendors/custom_transformer/op_impl/ai_core/tbe/custom_transformer_impl/ascendc/common/iterator.h
DEBUG [2026-10-09 18:06:28] ./packages/vendors/custom_transformer/op_impl/ai_core/tbe/custom_transformer_impl/ascendc/common/l0c_to_gm_iterator.h
DEBUG [2026-10-09 18:06:28] ./packages/vendors/custom_transformer/op_impl/ai_core/tbe/custom_transformer_impl/ascendc/common/l0c_to_l1_iterator.h
DEBUG [2026-10-09 18:06:28] ./packages/vendors/custom_transformer/op_impl/ai_core/tbe/custom_transformer_impl/ascendc/common/l0c_to_ub_iterator.h
DEBUG [2026-10-09 18:06:28] ./packages/vendors/custom_transformer/op_impl/ai_core/tbe/custom_transformer_impl/ascendc/common/l1_to_bt_iterator.h
DEBUG [2026-10-09 18:06:28] ./packages/vendors/custom_transformer/op_impl/ai_core/tbe/custom_transformer_impl/ascendc/common/l1_to_fb_iterator.h
DEBUG [2026-10-09 18:06:28] ./packages/vendors/custom_transformer/op_impl/ai_core/tbe/custom_transformer_impl/ascendc/common/l1_to_l0_iterator.h
DEBUG [2026-10-09 18:06:28] ./packages/vendors/custom_transformer/op_impl/ai_core/tbe/custom_transformer_impl/ascendc/common/l1_to_ub_iterator.h
DEBUG [2026-10-09 18:06:28] ./packages/vendors/custom_transformer/op_impl/ai_core/tbe/custom_transformer_impl/ascendc/common/layout.h
DEBUG [2026-10-09 18:06:28] ./packages/vendors/custom_transformer/op_impl/ai_core/tbe/custom_transformer_impl/ascendc/common/matmul.h
DEBUG [2026-10-09 18:06:28] ./packages/vendors/custom_transformer/op_impl/ai_core/tbe/custom_transformer_impl/ascendc/common/mem.h
DEBUG [2026-10-09 18:06:28] ./packages/vendors/custom_transformer/op_impl/ai_core/tbe/custom_transformer_impl/ascendc/common/memcopy/fa_gm_tensor.h
DEBUG [2026-10-09 18:06:28] ./packages/vendors/custom_transformer/op_impl/ai_core/tbe/custom_transformer_impl/ascendc/common/memcopy/fa_l1_tensor.h
DEBUG [2026-10-09 18:06:28] ./packages/vendors/custom_transformer/op_impl/ai_core/tbe/custom_transformer_impl/ascendc/common/memcopy/gm_coord.h
DEBUG [2026-10-09 18:06:28] ./packages/vendors/custom_transformer/op_impl/ai_core/tbe/custom_transformer_impl/ascendc/common/memcopy/gm_layout.h
DEBUG [2026-10-09 18:06:28] ./packages/vendors/custom_transformer/op_impl/ai_core/tbe/custom_transformer_impl/ascendc/common/memcopy/offset_calculator_v2.h
DEBUG [2026-10-09 18:06:28] ./packages/vendors/custom_transformer/op_impl/ai_core/tbe/custom_transformer_impl/ascendc/common/memcopy/parser.h
DEBUG [2026-10-09 18:06:28] ./packages/vendors/custom_transformer/op_impl/ai_core/tbe/custom_transformer_impl/ascendc/common/mma.h
DEBUG [2026-10-09 18:06:28] ./packages/vendors/custom_transformer/op_impl/ai_core/tbe/custom_transformer_impl/ascendc/common/offset_calculator.h
DEBUG [2026-10-09 18:06:28] ./packages/vendors/custom_transformer/op_impl/ai_core/tbe/custom_transformer_impl/ascendc/common/pse.h
DEBUG [2026-10-09 18:06:28] ./packages/vendors/custom_transformer/op_impl/ai_core/tbe/custom_transformer_impl/ascendc/common/simd.h
DEBUG [2026-10-09 18:06:28] ./packages/vendors/custom_transformer/op_impl/ai_core/tbe/custom_transformer_impl/ascendc/common/util.h
DEBUG [2026-10-09 18:06:28] ./packages/vendors/custom_transformer/op_impl/ai_core/tbe/custom_transformer_impl/ascendc/compressor/arch32/compressor_block_cube_full_load.h
DEBUG [2026-10-09 18:06:28] ./packages/vendors/custom_transformer/op_impl/ai_core/tbe/custom_transformer_impl/ascendc/compressor/arch32/compressor_block_cube_perf.h
DEBUG [2026-10-09 18:06:28] ./packages/vendors/custom_transformer/op_impl/ai_core/tbe/custom_transformer_impl/ascendc/compressor/arch32/compressor_block_vec_full_load.h
DEBUG [2026-10-09 18:06:28] ./packages/vendors/custom_transformer/op_impl/ai_core/tbe/custom_transformer_impl/ascendc/compressor/arch32/compressor_block_vec_perf.h
DEBUG [2026-10-09 18:06:28] ./packages/vendors/custom_transformer/op_impl/ai_core/tbe/custom_transformer_impl/ascendc/compressor/arch32/compressor_comm.h
DEBUG [2026-10-09 18:06:28] ./packages/vendors/custom_transformer/op_impl/ai_core/tbe/custom_transformer_impl/ascendc/compressor/arch32/compressor_kernel.h
DEBUG [2026-10-09 18:06:28] ./packages/vendors/custom_transformer/op_impl/ai_core/tbe/custom_transformer_impl/ascendc/compressor/arch32/compressor_kernel_full_load.h
DEBUG [2026-10-09 18:06:28] ./packages/vendors/custom_transformer/op_impl/ai_core/tbe/custom_transformer_impl/ascendc/compressor/arch32/compressor_kernel_perf.h
DEBUG [2026-10-09 18:06:28] ./packages/vendors/custom_transformer/op_impl/ai_core/tbe/custom_transformer_impl/ascendc/compressor/arch32/compressor_template_tiling_key.h
DEBUG [2026-10-09 18:06:28] ./packages/vendors/custom_transformer/op_impl/ai_core/tbe/custom_transformer_impl/ascendc/compressor/arch32/compressor_tiling_data.h
DEBUG [2026-10-09 18:06:28] ./packages/vendors/custom_transformer/op_impl/ai_core/tbe/custom_transformer_impl/ascendc/compressor/arch32/compressor_tools.h
DEBUG [2026-10-09 18:06:28] ./packages/vendors/custom_transformer/op_impl/ai_core/tbe/custom_transformer_impl/ascendc/compressor/arch32/compressor_vector_comm.h
DEBUG [2026-10-09 18:06:28] ./packages/vendors/custom_transformer/op_impl/ai_core/tbe/custom_transformer_impl/ascendc/compressor/arch32/rms_norm.h
DEBUG [2026-10-09 18:06:28] ./packages/vendors/custom_transformer/op_impl/ai_core/tbe/custom_transformer_impl/ascendc/compressor/arch32/rope.h
DEBUG [2026-10-09 18:06:28] ./packages/vendors/custom_transformer/op_impl/ai_core/tbe/custom_transformer_impl/ascendc/compressor/arch32/soft_max.h
DEBUG [2026-10-09 18:06:28] ./packages/vendors/custom_transformer/op_impl/ai_core/tbe/custom_transformer_impl/ascendc/compressor/compressor.cpp
DEBUG [2026-10-09 18:06:28] ./packages/vendors/custom_transformer/op_impl/ai_core/tbe/custom_transformer_impl/ascendc/compressor_metadata/compressor_metadata.cpp
DEBUG [2026-10-09 18:06:28] ./packages/vendors/custom_transformer/op_impl/ai_core/tbe/custom_transformer_impl/ascendc/compressor_metadata/compressor_metadata.h
DEBUG [2026-10-09 18:06:28] ./packages/vendors/custom_transformer/op_impl/ai_core/tbe/custom_transformer_impl/ascendc/copy_and_expand_eagle_inputs/copy_and_expand_eagle_inputs.cpp
DEBUG [2026-10-09 18:06:28] ./packages/vendors/custom_transformer/op_impl/ai_core/tbe/custom_transformer_impl/ascendc/dequant_situ_quant/dequant_situ_quant.cpp
DEBUG [2026-10-09 18:06:28] ./packages/vendors/custom_transformer/op_impl/ai_core/tbe/custom_transformer_impl/ascendc/dequant_situ_quant/dequant_situ_quant.h
DEBUG [2026-10-09 18:06:28] ./packages/vendors/custom_transformer/op_impl/ai_core/tbe/custom_transformer_impl/ascendc/dequant_swiglu_quant/dequant_swiglu_quant.cpp
DEBUG [2026-10-09 18:06:28] ./packages/vendors/custom_transformer/op_impl/ai_core/tbe/custom_transformer_impl/ascendc/dequant_swiglu_quant/dequant_swiglu_quant.h
DEBUG [2026-10-09 18:06:28] ./packages/vendors/custom_transformer/op_impl/ai_core/tbe/custom_transformer_impl/ascendc/dequant_swiglu_quant/dequant_swiglu_quant_apt.cpp
DEBUG [2026-10-09 18:06:28] ./packages/vendors/custom_transformer/op_impl/ai_core/tbe/custom_transformer_impl/ascendc/dequant_swiglu_quant/dequant_swiglu_quant_cut_group.h
DEBUG [2026-10-09 18:06:28] ./packages/vendors/custom_transformer/op_impl/ai_core/tbe/custom_transformer_impl/ascendc/dequant_swiglu_quant/dequant_swiglu_quant_dynamic_base.hpp
DEBUG [2026-10-09 18:06:28] ./packages/vendors/custom_transformer/op_impl/ai_core/tbe/custom_transformer_impl/ascendc/dequant_swiglu_quant/dequant_swiglu_quant_dynamic_bf16.hpp
DEBUG [2026-10-09 18:06:28] ./packages/vendors/custom_transformer/op_impl/ai_core/tbe/custom_transformer_impl/ascendc/dequant_swiglu_quant/dequant_swiglu_quant_dynamic_bias_float.hpp
DEBUG [2026-10-09 18:06:28] ./packages/vendors/custom_transformer/op_impl/ai_core/tbe/custom_transformer_impl/ascendc/dequant_swiglu_quant/dequant_swiglu_quant_dynamic_bias_int32.hpp
DEBUG [2026-10-09 18:06:28] ./packages/vendors/custom_transformer/op_impl/ai_core/tbe/custom_transformer_impl/ascendc/dequant_swiglu_quant/dequant_swiglu_quant_dynamic_performance.hpp
DEBUG [2026-10-09 18:06:28] ./packages/vendors/custom_transformer/op_impl/ai_core/tbe/custom_transformer_impl/ascendc/dequant_swiglu_quant/dequant_swiglu_quant_static_base.hpp
DEBUG [2026-10-09 18:06:28] ./packages/vendors/custom_transformer/op_impl/ai_core/tbe/custom_transformer_impl/ascendc/dequant_swiglu_quant/dequant_swiglu_quant_static_bf16.hpp
DEBUG [2026-10-09 18:06:28] ./packages/vendors/custom_transformer/op_impl/ai_core/tbe/custom_transformer_impl/ascendc/dequant_swiglu_quant/dequant_swiglu_quant_static_bias_float.hpp
DEBUG [2026-10-09 18:06:28] ./packages/vendors/custom_transformer/op_impl/ai_core/tbe/custom_transformer_impl/ascendc/dequant_swiglu_quant/dequant_swiglu_quant_static_bias_int32.hpp
DEBUG [2026-10-09 18:06:28] ./packages/vendors/custom_transformer/op_impl/ai_core/tbe/custom_transformer_impl/ascendc/fused_sparse_attention_overlap/arch22/fused_sparse_attention_overlap_kernel_mla.h
DEBUG [2026-10-09 18:06:28] ./packages/vendors/custom_transformer/op_impl/ai_core/tbe/custom_transformer_impl/ascendc/fused_sparse_attention_overlap/arch22/fused_sparse_attention_overlap_service_cube_mla.h
DEBUG [2026-10-09 18:06:28] ./packages/vendors/custom_transformer/op_impl/ai_core/tbe/custom_transformer_impl/ascendc/fused_sparse_attention_overlap/arch22/fused_sparse_attention_overlap_service_vector_mla.h
DEBUG [2026-10-09 18:06:28] ./packages/vendors/custom_transformer/op_impl/ai_core/tbe/custom_transformer_impl/ascendc/fused_sparse_attention_overlap/fused_sparse_attention_overlap.cpp
DEBUG [2026-10-09 18:06:28] ./packages/vendors/custom_transformer/op_impl/ai_core/tbe/custom_transformer_impl/ascendc/fused_sparse_attention_overlap/fused_sparse_attention_overlap_common.h
DEBUG [2026-10-09 18:06:28] ./packages/vendors/custom_transformer/op_impl/ai_core/tbe/custom_transformer_impl/ascendc/fused_sparse_attention_overlap/fused_sparse_attention_overlap_template_tiling_key.h
DEBUG [2026-10-09 18:06:28] ./packages/vendors/custom_transformer/op_impl/ai_core/tbe/custom_transformer_impl/ascendc/grouped_matmul_swiglu_quant/grouped_matmul_swiglu_pipeline.h
DEBUG [2026-10-09 18:06:28] ./packages/vendors/custom_transformer/op_impl/ai_core/tbe/custom_transformer_impl/ascendc/grouped_matmul_swiglu_quant/grouped_matmul_swiglu_quant.cpp
DEBUG [2026-10-09 18:06:28] ./packages/vendors/custom_transformer/op_impl/ai_core/tbe/custom_transformer_impl/ascendc/grouped_matmul_swiglu_quant/grouped_matmul_swiglu_quant.h
DEBUG [2026-10-09 18:06:28] ./packages/vendors/custom_transformer/op_impl/ai_core/tbe/custom_transformer_impl/ascendc/grouped_matmul_swiglu_quant/grouped_matmul_swiglu_quant_a8w4_msd_mid.h
DEBUG [2026-10-09 18:06:28] ./packages/vendors/custom_transformer/op_impl/ai_core/tbe/custom_transformer_impl/ascendc/grouped_matmul_swiglu_quant/grouped_matmul_swiglu_quant_a8w4_msd_post.h
DEBUG [2026-10-09 18:06:28] ./packages/vendors/custom_transformer/op_impl/ai_core/tbe/custom_transformer_impl/ascendc/grouped_matmul_swiglu_quant/grouped_matmul_swiglu_quant_a8w4_msd_pre.h
DEBUG [2026-10-09 18:06:28] ./packages/vendors/custom_transformer/op_impl/ai_core/tbe/custom_transformer_impl/ascendc/grouped_matmul_swiglu_quant/grouped_matmul_swiglu_quant_split_ws.h
DEBUG [2026-10-09 18:06:28] ./packages/vendors/custom_transformer/op_impl/ai_core/tbe/custom_transformer_impl/ascendc/grouped_matmul_swiglu_quant/grouped_matmul_swiglu_quant_utils.h
DEBUG [2026-10-09 18:06:28] ./packages/vendors/custom_transformer/op_impl/ai_core/tbe/custom_transformer_impl/ascendc/grouped_matmul_swiglu_quant_v2/grouped_matmul_swiglu_quant_spilit_fusion.h
DEBUG [2026-10-09 18:06:28] ./packages/vendors/custom_transformer/op_impl/ai_core/tbe/custom_transformer_impl/ascendc/grouped_matmul_swiglu_quant_v2/grouped_matmul_swiglu_quant_v2.cpp
DEBUG [2026-10-09 18:06:28] ./packages/vendors/custom_transformer/op_impl/ai_core/tbe/custom_transformer_impl/ascendc/grouped_matmul_swiglu_quant_v2/grouped_matmul_swiglu_quant_v2_a4w4_mid.h
DEBUG [2026-10-09 18:06:28] ./packages/vendors/custom_transformer/op_impl/ai_core/tbe/custom_transformer_impl/ascendc/grouped_matmul_swiglu_quant_v2/grouped_matmul_swiglu_quant_v2_a4w4_pipeline.h
DEBUG [2026-10-09 18:06:28] ./packages/vendors/custom_transformer/op_impl/ai_core/tbe/custom_transformer_impl/ascendc/grouped_matmul_swiglu_quant_v2/grouped_matmul_swiglu_quant_v2_a4w4_post.h
DEBUG [2026-10-09 18:06:28] ./packages/vendors/custom_transformer/op_impl/ai_core/tbe/custom_transformer_impl/ascendc/grouped_matmul_swiglu_quant_v2/grouped_matmul_swiglu_quant_v2_a8w4_msd_mid.h
DEBUG [2026-10-09 18:06:28] ./packages/vendors/custom_transformer/op_impl/ai_core/tbe/custom_transformer_impl/ascendc/grouped_matmul_swiglu_quant_v2/grouped_matmul_swiglu_quant_v2_a8w4_msd_pipeline.h
DEBUG [2026-10-09 18:06:28] ./packages/vendors/custom_transformer/op_impl/ai_core/tbe/custom_transformer_impl/ascendc/grouped_matmul_swiglu_quant_v2/grouped_matmul_swiglu_quant_v2_a8w4_msd_post.h
DEBUG [2026-10-09 18:06:28] ./packages/vendors/custom_transformer/op_impl/ai_core/tbe/custom_transformer_impl/ascendc/grouped_matmul_swiglu_quant_v2/grouped_matmul_swiglu_quant_v2_a8w4_msd_pre.h
DEBUG [2026-10-09 18:06:28] ./packages/vendors/custom_transformer/op_impl/ai_core/tbe/custom_transformer_impl/ascendc/grouped_matmul_swiglu_quant_v2/grouped_matmul_swiglu_quant_v2_apt.cpp
DEBUG [2026-10-09 18:06:28] ./packages/vendors/custom_transformer/op_impl/ai_core/tbe/custom_transformer_impl/ascendc/grouped_matmul_swiglu_quant_v2/grouped_matmul_swiglu_quant_v2_utils.h
DEBUG [2026-10-09 18:06:28] ./packages/vendors/custom_transformer/op_impl/ai_core/tbe/custom_transformer_impl/ascendc/grouped_matmul_swiglu_quant_weight_nz_tensor_list/grouped_matmul_swiglu_quant_weight_nz_tensor_list.cpp
DEBUG [2026-10-09 18:06:28] ./packages/vendors/custom_transformer/op_impl/ai_core/tbe/custom_transformer_impl/ascendc/grouped_matmul_swiglu_quant_weight_nz_tensor_list/grouped_matmul_swiglu_quant_weight_nz_tensor_list.h
DEBUG [2026-10-09 18:06:28] ./packages/vendors/custom_transformer/op_impl/ai_core/tbe/custom_transformer_impl/ascendc/grouped_matmul_swiglu_quant_weight_nz_tensor_list/grouped_matmul_swiglu_quant_weight_nz_tensor_list_split_ws.h
DEBUG [2026-10-09 18:06:28] ./packages/vendors/custom_transformer/op_impl/ai_core/tbe/custom_transformer_impl/ascendc/grouped_matmul_swiglu_quant_weight_nz_tensor_list/grouped_matmul_swiglu_quant_weight_nz_tensor_list_utils.h
DEBUG [2026-10-09 18:06:28] ./packages/vendors/custom_transformer/op_impl/ai_core/tbe/custom_transformer_impl/ascendc/hc_post/hc_post.cpp
DEBUG [2026-10-09 18:06:28] ./packages/vendors/custom_transformer/op_impl/ai_core/tbe/custom_transformer_impl/ascendc/hc_post/hc_post_bfloat16.h
DEBUG [2026-10-09 18:06:28] ./packages/vendors/custom_transformer/op_impl/ai_core/tbe/custom_transformer_impl/ascendc/hc_post/hc_post_d_split.h
DEBUG [2026-10-09 18:06:28] ./packages/vendors/custom_transformer/op_impl/ai_core/tbe/custom_transformer_impl/ascendc/hc_post/hc_post_float32.h
DEBUG [2026-10-09 18:06:28] ./packages/vendors/custom_transformer/op_impl/ai_core/tbe/custom_transformer_impl/ascendc/hc_pre/hc_pre.cpp
DEBUG [2026-10-09 18:06:28] ./packages/vendors/custom_transformer/op_impl/ai_core/tbe/custom_transformer_impl/ascendc/hc_pre/hc_pre_base.h
DEBUG [2026-10-09 18:06:28] ./packages/vendors/custom_transformer/op_impl/ai_core/tbe/custom_transformer_impl/ascendc/hc_pre/hc_pre_base_arch35.h
DEBUG [2026-10-09 18:06:28] ./packages/vendors/custom_transformer/op_impl/ai_core/tbe/custom_transformer_impl/ascendc/hc_pre/hc_pre_cube_compute.h
DEBUG [2026-10-09 18:06:28] ./packages/vendors/custom_transformer/op_impl/ai_core/tbe/custom_transformer_impl/ascendc/hc_pre/hc_pre_cube_compute_arch35.h
DEBUG [2026-10-09 18:06:28] ./packages/vendors/custom_transformer/op_impl/ai_core/tbe/custom_transformer_impl/ascendc/hc_pre/hc_pre_m_k_split_core.h
DEBUG [2026-10-09 18:06:28] ./packages/vendors/custom_transformer/op_impl/ai_core/tbe/custom_transformer_impl/ascendc/hc_pre/hc_pre_m_k_split_core_arch35.h
DEBUG [2026-10-09 18:06:28] ./packages/vendors/custom_transformer/op_impl/ai_core/tbe/custom_transformer_impl/ascendc/hc_pre/hc_pre_m_split_core_arch35.h
DEBUG [2026-10-09 18:06:28] ./packages/vendors/custom_transformer/op_impl/ai_core/tbe/custom_transformer_impl/ascendc/inplace_partial_rotary_mul/apply_rotary_pos_emb_common.h
DEBUG [2026-10-09 18:06:28] ./packages/vendors/custom_transformer/op_impl/ai_core/tbe/custom_transformer_impl/ascendc/inplace_partial_rotary_mul/inplace_partial_rotary_mul.cpp
DEBUG [2026-10-09 18:06:28] ./packages/vendors/custom_transformer/op_impl/ai_core/tbe/custom_transformer_impl/ascendc/inplace_partial_rotary_mul/inplace_partial_rotary_mul.h
DEBUG [2026-10-09 18:06:28] ./packages/vendors/custom_transformer/op_impl/ai_core/tbe/custom_transformer_impl/ascendc/inplace_partial_rotary_mul/inplace_partial_rotary_mul_common.h
DEBUG [2026-10-09 18:06:28] ./packages/vendors/custom_transformer/op_impl/ai_core/tbe/custom_transformer_impl/ascendc/inplace_partial_rotary_mul/rotary_position_embedding_reg_a_and_b.h
DEBUG [2026-10-09 18:06:28] ./packages/vendors/custom_transformer/op_impl/ai_core/tbe/custom_transformer_impl/ascendc/inplace_partial_rotary_mul/rotary_position_embedding_reg_a_and_b_mixed.h
DEBUG [2026-10-09 18:06:28] ./packages/vendors/custom_transformer/op_impl/ai_core/tbe/custom_transformer_impl/ascendc/inplace_partial_rotary_mul/rotary_position_embedding_reg_ab.h
DEBUG [2026-10-09 18:06:28] ./packages/vendors/custom_transformer/op_impl/ai_core/tbe/custom_transformer_impl/ascendc/inplace_partial_rotary_mul/rotary_position_embedding_reg_ab_mixed.h
DEBUG [2026-10-09 18:06:28] ./packages/vendors/custom_transformer/op_impl/ai_core/tbe/custom_transformer_impl/ascendc/inplace_partial_rotary_mul/rotary_position_embedding_reg_aba_and_ba.h
DEBUG [2026-10-09 18:06:28] ./packages/vendors/custom_transformer/op_impl/ai_core/tbe/custom_transformer_impl/ascendc/inplace_partial_rotary_mul/rotary_position_embedding_reg_aba_and_ba_mixed.h
DEBUG [2026-10-09 18:06:28] ./packages/vendors/custom_transformer/op_impl/ai_core/tbe/custom_transformer_impl/ascendc/inplace_partial_rotary_mul/rotary_position_embedding_reg_bab.h
DEBUG [2026-10-09 18:06:28] ./packages/vendors/custom_transformer/op_impl/ai_core/tbe/custom_transformer_impl/ascendc/inplace_partial_rotary_mul/rotary_position_embedding_reg_bab_mixed.h
DEBUG [2026-10-09 18:06:28] ./packages/vendors/custom_transformer/op_impl/ai_core/tbe/custom_transformer_impl/ascendc/inplace_partial_rotary_mul/rotate_half.h
DEBUG [2026-10-09 18:06:28] ./packages/vendors/custom_transformer/op_impl/ai_core/tbe/custom_transformer_impl/ascendc/inplace_partial_rotary_mul/rotate_half_base.h
DEBUG [2026-10-09 18:06:28] ./packages/vendors/custom_transformer/op_impl/ai_core/tbe/custom_transformer_impl/ascendc/inplace_partial_rotary_mul/rotate_half_bf16.h
DEBUG [2026-10-09 18:06:28] ./packages/vendors/custom_transformer/op_impl/ai_core/tbe/custom_transformer_impl/ascendc/inplace_partial_rotary_mul/rotate_interleaved_common.h
DEBUG [2026-10-09 18:06:28] ./packages/vendors/custom_transformer/op_impl/ai_core/tbe/custom_transformer_impl/ascendc/inplace_partial_rotary_mul/rotate_interleaved_split_bs.h
DEBUG [2026-10-09 18:06:28] ./packages/vendors/custom_transformer/op_impl/ai_core/tbe/custom_transformer_impl/ascendc/inplace_partial_rotary_mul/rotate_interleaved_split_bs_pad.h
DEBUG [2026-10-09 18:06:28] ./packages/vendors/custom_transformer/op_impl/ai_core/tbe/custom_transformer_impl/ascendc/inplace_partial_rotary_mul/rotate_interleaved_split_bsn.h
DEBUG [2026-10-09 18:06:28] ./packages/vendors/custom_transformer/op_impl/ai_core/tbe/custom_transformer_impl/ascendc/inplace_partial_rotary_mul/rotate_interleaved_split_bsn_pad.h
DEBUG [2026-10-09 18:06:28] ./packages/vendors/custom_transformer/op_impl/ai_core/tbe/custom_transformer_impl/ascendc/inplace_partial_rotary_mul/rotate_interleaved_split_s.h
DEBUG [2026-10-09 18:06:28] ./packages/vendors/custom_transformer/op_impl/ai_core/tbe/custom_transformer_impl/ascendc/inplace_partial_rotary_mul/rotate_interleaved_split_s_pad.h
DEBUG [2026-10-09 18:06:28] ./packages/vendors/custom_transformer/op_impl/ai_core/tbe/custom_transformer_impl/ascendc/k2q_csr_hist/common/arch35/k2q_csr_simt_common_arch35.h
DEBUG [2026-10-09 18:06:28] ./packages/vendors/custom_transformer/op_impl/ai_core/tbe/custom_transformer_impl/ascendc/k2q_csr_hist/common/arch35/k2q_csr_simt_hist_arch35.h
DEBUG [2026-10-09 18:06:28] ./packages/vendors/custom_transformer/op_impl/ai_core/tbe/custom_transformer_impl/ascendc/k2q_csr_hist/common/arch35/k2q_csr_simt_scatter_arch35.h
DEBUG [2026-10-09 18:06:28] ./packages/vendors/custom_transformer/op_impl/ai_core/tbe/custom_transformer_impl/ascendc/k2q_csr_hist/common/k2q_csr_common.h
DEBUG [2026-10-09 18:06:28] ./packages/vendors/custom_transformer/op_impl/ai_core/tbe/custom_transformer_impl/ascendc/k2q_csr_hist/common/k2q_csr_mc.h
DEBUG [2026-10-09 18:06:28] ./packages/vendors/custom_transformer/op_impl/ai_core/tbe/custom_transformer_impl/ascendc/k2q_csr_hist/common/k2q_csr_prefix.h
DEBUG [2026-10-09 18:06:28] ./packages/vendors/custom_transformer/op_impl/ai_core/tbe/custom_transformer_impl/ascendc/k2q_csr_hist/common/k2q_csr_scratch.h
DEBUG [2026-10-09 18:06:28] ./packages/vendors/custom_transformer/op_impl/ai_core/tbe/custom_transformer_impl/ascendc/k2q_csr_hist/common/k2q_csr_stage_meta.h
DEBUG [2026-10-09 18:06:28] ./packages/vendors/custom_transformer/op_impl/ai_core/tbe/custom_transformer_impl/ascendc/k2q_csr_hist/common/k2q_csr_tiling.h
DEBUG [2026-10-09 18:06:28] ./packages/vendors/custom_transformer/op_impl/ai_core/tbe/custom_transformer_impl/ascendc/k2q_csr_hist/k2q_csr_hist.cpp
DEBUG [2026-10-09 18:06:28] ./packages/vendors/custom_transformer/op_impl/ai_core/tbe/custom_transformer_impl/ascendc/k2q_csr_hist/k2q_csr_hist_apt.cpp
DEBUG [2026-10-09 18:06:28] ./packages/vendors/custom_transformer/op_impl/ai_core/tbe/custom_transformer_impl/ascendc/k2q_csr_meta/common/arch35/k2q_csr_simt_common_arch35.h
DEBUG [2026-10-09 18:06:28] ./packages/vendors/custom_transformer/op_impl/ai_core/tbe/custom_transformer_impl/ascendc/k2q_csr_meta/common/arch35/k2q_csr_simt_hist_arch35.h
DEBUG [2026-10-09 18:06:28] ./packages/vendors/custom_transformer/op_impl/ai_core/tbe/custom_transformer_impl/ascendc/k2q_csr_meta/common/arch35/k2q_csr_simt_scatter_arch35.h
DEBUG [2026-10-09 18:06:28] ./packages/vendors/custom_transformer/op_impl/ai_core/tbe/custom_transformer_impl/ascendc/k2q_csr_meta/common/k2q_csr_common.h
DEBUG [2026-10-09 18:06:28] ./packages/vendors/custom_transformer/op_impl/ai_core/tbe/custom_transformer_impl/ascendc/k2q_csr_meta/common/k2q_csr_mc.h
DEBUG [2026-10-09 18:06:28] ./packages/vendors/custom_transformer/op_impl/ai_core/tbe/custom_transformer_impl/ascendc/k2q_csr_meta/common/k2q_csr_prefix.h
DEBUG [2026-10-09 18:06:28] ./packages/vendors/custom_transformer/op_impl/ai_core/tbe/custom_transformer_impl/ascendc/k2q_csr_meta/common/k2q_csr_scratch.h
DEBUG [2026-10-09 18:06:28] ./packages/vendors/custom_transformer/op_impl/ai_core/tbe/custom_transformer_impl/ascendc/k2q_csr_meta/common/k2q_csr_stage_meta.h
DEBUG [2026-10-09 18:06:28] ./packages/vendors/custom_transformer/op_impl/ai_core/tbe/custom_transformer_impl/ascendc/k2q_csr_meta/common/k2q_csr_tiling.h
DEBUG [2026-10-09 18:06:28] ./packages/vendors/custom_transformer/op_impl/ai_core/tbe/custom_transformer_impl/ascendc/k2q_csr_meta/k2q_csr_meta.cpp
DEBUG [2026-10-09 18:06:28] ./packages/vendors/custom_transformer/op_impl/ai_core/tbe/custom_transformer_impl/ascendc/k2q_csr_meta/k2q_csr_meta_apt.cpp
DEBUG [2026-10-09 18:06:28] ./packages/vendors/custom_transformer/op_impl/ai_core/tbe/custom_transformer_impl/ascendc/k2q_csr_row_prefix/common/arch35/k2q_csr_simt_common_arch35.h
DEBUG [2026-10-09 18:06:28] ./packages/vendors/custom_transformer/op_impl/ai_core/tbe/custom_transformer_impl/ascendc/k2q_csr_row_prefix/common/arch35/k2q_csr_simt_hist_arch35.h
DEBUG [2026-10-09 18:06:28] ./packages/vendors/custom_transformer/op_impl/ai_core/tbe/custom_transformer_impl/ascendc/k2q_csr_row_prefix/common/arch35/k2q_csr_simt_scatter_arch35.h
DEBUG [2026-10-09 18:06:28] ./packages/vendors/custom_transformer/op_impl/ai_core/tbe/custom_transformer_impl/ascendc/k2q_csr_row_prefix/common/k2q_csr_common.h
DEBUG [2026-10-09 18:06:28] ./packages/vendors/custom_transformer/op_impl/ai_core/tbe/custom_transformer_impl/ascendc/k2q_csr_row_prefix/common/k2q_csr_mc.h
DEBUG [2026-10-09 18:06:28] ./packages/vendors/custom_transformer/op_impl/ai_core/tbe/custom_transformer_impl/ascendc/k2q_csr_row_prefix/common/k2q_csr_prefix.h
DEBUG [2026-10-09 18:06:28] ./packages/vendors/custom_transformer/op_impl/ai_core/tbe/custom_transformer_impl/ascendc/k2q_csr_row_prefix/common/k2q_csr_scratch.h
DEBUG [2026-10-09 18:06:28] ./packages/vendors/custom_transformer/op_impl/ai_core/tbe/custom_transformer_impl/ascendc/k2q_csr_row_prefix/common/k2q_csr_stage_meta.h
DEBUG [2026-10-09 18:06:28] ./packages/vendors/custom_transformer/op_impl/ai_core/tbe/custom_transformer_impl/ascendc/k2q_csr_row_prefix/common/k2q_csr_tiling.h
DEBUG [2026-10-09 18:06:28] ./packages/vendors/custom_transformer/op_impl/ai_core/tbe/custom_transformer_impl/ascendc/k2q_csr_row_prefix/k2q_csr_row_prefix.cpp
DEBUG [2026-10-09 18:06:28] ./packages/vendors/custom_transformer/op_impl/ai_core/tbe/custom_transformer_impl/ascendc/k2q_csr_row_prefix/k2q_csr_row_prefix_apt.cpp
DEBUG [2026-10-09 18:06:28] ./packages/vendors/custom_transformer/op_impl/ai_core/tbe/custom_transformer_impl/ascendc/k2q_csr_scatter/common/arch35/k2q_csr_simt_common_arch35.h
DEBUG [2026-10-09 18:06:28] ./packages/vendors/custom_transformer/op_impl/ai_core/tbe/custom_transformer_impl/ascendc/k2q_csr_scatter/common/arch35/k2q_csr_simt_hist_arch35.h
DEBUG [2026-10-09 18:06:28] ./packages/vendors/custom_transformer/op_impl/ai_core/tbe/custom_transformer_impl/ascendc/k2q_csr_scatter/common/arch35/k2q_csr_simt_scatter_arch35.h
DEBUG [2026-10-09 18:06:28] ./packages/vendors/custom_transformer/op_impl/ai_core/tbe/custom_transformer_impl/ascendc/k2q_csr_scatter/common/k2q_csr_common.h
DEBUG [2026-10-09 18:06:28] ./packages/vendors/custom_transformer/op_impl/ai_core/tbe/custom_transformer_impl/ascendc/k2q_csr_scatter/common/k2q_csr_mc.h
DEBUG [2026-10-09 18:06:28] ./packages/vendors/custom_transformer/op_impl/ai_core/tbe/custom_transformer_impl/ascendc/k2q_csr_scatter/common/k2q_csr_prefix.h
DEBUG [2026-10-09 18:06:28] ./packages/vendors/custom_transformer/op_impl/ai_core/tbe/custom_transformer_impl/ascendc/k2q_csr_scatter/common/k2q_csr_scratch.h
DEBUG [2026-10-09 18:06:28] ./packages/vendors/custom_transformer/op_impl/ai_core/tbe/custom_transformer_impl/ascendc/k2q_csr_scatter/common/k2q_csr_stage_meta.h
DEBUG [2026-10-09 18:06:28] ./packages/vendors/custom_transformer/op_impl/ai_core/tbe/custom_transformer_impl/ascendc/k2q_csr_scatter/common/k2q_csr_tiling.h
DEBUG [2026-10-09 18:06:28] ./packages/vendors/custom_transformer/op_impl/ai_core/tbe/custom_transformer_impl/ascendc/k2q_csr_scatter/k2q_csr_scatter.cpp
DEBUG [2026-10-09 18:06:28] ./packages/vendors/custom_transformer/op_impl/ai_core/tbe/custom_transformer_impl/ascendc/k2q_csr_scatter/k2q_csr_scatter_apt.cpp
DEBUG [2026-10-09 18:06:28] ./packages/vendors/custom_transformer/op_impl/ai_core/tbe/custom_transformer_impl/ascendc/k2q_csr_tile_prefix/common/arch35/k2q_csr_simt_common_arch35.h
DEBUG [2026-10-09 18:06:28] ./packages/vendors/custom_transformer/op_impl/ai_core/tbe/custom_transformer_impl/ascendc/k2q_csr_tile_prefix/common/arch35/k2q_csr_simt_hist_arch35.h
DEBUG [2026-10-09 18:06:28] ./packages/vendors/custom_transformer/op_impl/ai_core/tbe/custom_transformer_impl/ascendc/k2q_csr_tile_prefix/common/arch35/k2q_csr_simt_scatter_arch35.h
DEBUG [2026-10-09 18:06:28] ./packages/vendors/custom_transformer/op_impl/ai_core/tbe/custom_transformer_impl/ascendc/k2q_csr_tile_prefix/common/k2q_csr_common.h
DEBUG [2026-10-09 18:06:28] ./packages/vendors/custom_transformer/op_impl/ai_core/tbe/custom_transformer_impl/ascendc/k2q_csr_tile_prefix/common/k2q_csr_mc.h
DEBUG [2026-10-09 18:06:28] ./packages/vendors/custom_transformer/op_impl/ai_core/tbe/custom_transformer_impl/ascendc/k2q_csr_tile_prefix/common/k2q_csr_prefix.h
DEBUG [2026-10-09 18:06:28] ./packages/vendors/custom_transformer/op_impl/ai_core/tbe/custom_transformer_impl/ascendc/k2q_csr_tile_prefix/common/k2q_csr_scratch.h
DEBUG [2026-10-09 18:06:28] ./packages/vendors/custom_transformer/op_impl/ai_core/tbe/custom_transformer_impl/ascendc/k2q_csr_tile_prefix/common/k2q_csr_stage_meta.h
DEBUG [2026-10-09 18:06:28] ./packages/vendors/custom_transformer/op_impl/ai_core/tbe/custom_transformer_impl/ascendc/k2q_csr_tile_prefix/common/k2q_csr_tiling.h
DEBUG [2026-10-09 18:06:28] ./packages/vendors/custom_transformer/op_impl/ai_core/tbe/custom_transformer_impl/ascendc/k2q_csr_tile_prefix/k2q_csr_tile_prefix.cpp
DEBUG [2026-10-09 18:06:28] ./packages/vendors/custom_transformer/op_impl/ai_core/tbe/custom_transformer_impl/ascendc/k2q_csr_tile_prefix/k2q_csr_tile_prefix_apt.cpp
DEBUG [2026-10-09 18:06:28] ./packages/vendors/custom_transformer/op_impl/ai_core/tbe/custom_transformer_impl/ascendc/kda_gate_cumsum/kda_gate_cumsum.cpp
DEBUG [2026-10-09 18:06:28] ./packages/vendors/custom_transformer/op_impl/ai_core/tbe/custom_transformer_impl/ascendc/kda_gate_cumsum/kda_gate_cumsum_kernel.h
DEBUG [2026-10-09 18:06:28] ./packages/vendors/custom_transformer/op_impl/ai_core/tbe/custom_transformer_impl/ascendc/kda_layout_swap12/kda_layout_swap12.cpp
DEBUG [2026-10-09 18:06:28] ./packages/vendors/custom_transformer/op_impl/ai_core/tbe/custom_transformer_impl/ascendc/kv_quant_sparse_flash_attention/kv_quant_sparse_flash_attention.cpp
DEBUG [2026-10-09 18:06:28] ./packages/vendors/custom_transformer/op_impl/ai_core/tbe/custom_transformer_impl/ascendc/kv_quant_sparse_flash_attention/kv_quant_sparse_flash_attention_common.h
DEBUG [2026-10-09 18:06:28] ./packages/vendors/custom_transformer/op_impl/ai_core/tbe/custom_transformer_impl/ascendc/kv_quant_sparse_flash_attention/kv_quant_sparse_flash_attention_kernel_mla.h
DEBUG [2026-10-09 18:06:28] ./packages/vendors/custom_transformer/op_impl/ai_core/tbe/custom_transformer_impl/ascendc/kv_quant_sparse_flash_attention/kv_quant_sparse_flash_attention_service_cube_mla.h
DEBUG [2026-10-09 18:06:28] ./packages/vendors/custom_transformer/op_impl/ai_core/tbe/custom_transformer_impl/ascendc/kv_quant_sparse_flash_attention/kv_quant_sparse_flash_attention_service_vector_mla.h
DEBUG [2026-10-09 18:06:28] ./packages/vendors/custom_transformer/op_impl/ai_core/tbe/custom_transformer_impl/ascendc/kv_quant_sparse_flash_attention/kv_quant_sparse_flash_attention_template_tiling_key.h
DEBUG [2026-10-09 18:06:28] ./packages/vendors/custom_transformer/op_impl/ai_core/tbe/custom_transformer_impl/ascendc/lightning_indexer/arch22/lightning_indexer_kernel.h
DEBUG [2026-10-09 18:06:28] ./packages/vendors/custom_transformer/op_impl/ai_core/tbe/custom_transformer_impl/ascendc/lightning_indexer/arch22/lightning_indexer_service_cube.h
DEBUG [2026-10-09 18:06:28] ./packages/vendors/custom_transformer/op_impl/ai_core/tbe/custom_transformer_impl/ascendc/lightning_indexer/arch22/lightning_indexer_service_vector.h
DEBUG [2026-10-09 18:06:28] ./packages/vendors/custom_transformer/op_impl/ai_core/tbe/custom_transformer_impl/ascendc/lightning_indexer/arch22/lightning_indexer_vector.h
DEBUG [2026-10-09 18:06:28] ./packages/vendors/custom_transformer/op_impl/ai_core/tbe/custom_transformer_impl/ascendc/lightning_indexer/lightning_indexer.cpp
DEBUG [2026-10-09 18:06:28] ./packages/vendors/custom_transformer/op_impl/ai_core/tbe/custom_transformer_impl/ascendc/lightning_indexer/lightning_indexer_common.h
DEBUG [2026-10-09 18:06:28] ./packages/vendors/custom_transformer/op_impl/ai_core/tbe/custom_transformer_impl/ascendc/lightning_indexer/lightning_indexer_template_tiling_key.h
DEBUG [2026-10-09 18:06:28] ./packages/vendors/custom_transformer/op_impl/ai_core/tbe/custom_transformer_impl/ascendc/lightning_indexer_quant/lightning_indexer_quant.cpp
DEBUG [2026-10-09 18:06:28] ./packages/vendors/custom_transformer/op_impl/ai_core/tbe/custom_transformer_impl/ascendc/lightning_indexer_quant/lightning_indexer_quant_common.h
DEBUG [2026-10-09 18:06:28] ./packages/vendors/custom_transformer/op_impl/ai_core/tbe/custom_transformer_impl/ascendc/lightning_indexer_quant/lightning_indexer_quant_kernel.h
DEBUG [2026-10-09 18:06:28] ./packages/vendors/custom_transformer/op_impl/ai_core/tbe/custom_transformer_impl/ascendc/lightning_indexer_quant/lightning_indexer_quant_service_cube.h
DEBUG [2026-10-09 18:06:28] ./packages/vendors/custom_transformer/op_impl/ai_core/tbe/custom_transformer_impl/ascendc/lightning_indexer_quant/lightning_indexer_quant_service_vector.h
DEBUG [2026-10-09 18:06:28] ./packages/vendors/custom_transformer/op_impl/ai_core/tbe/custom_transformer_impl/ascendc/lightning_indexer_quant/lightning_indexer_quant_template_tiling_key.h
DEBUG [2026-10-09 18:06:28] ./packages/vendors/custom_transformer/op_impl/ai_core/tbe/custom_transformer_impl/ascendc/lightning_indexer_quant/lightning_indexer_quant_vector.h
DEBUG [2026-10-09 18:06:28] ./packages/vendors/custom_transformer/op_impl/ai_core/tbe/custom_transformer_impl/ascendc/moe_gating_top_k/common.h
DEBUG [2026-10-09 18:06:28] ./packages/vendors/custom_transformer/op_impl/ai_core/tbe/custom_transformer_impl/ascendc/moe_gating_top_k/error_log.h
DEBUG [2026-10-09 18:06:28] ./packages/vendors/custom_transformer/op_impl/ai_core/tbe/custom_transformer_impl/ascendc/moe_gating_top_k/moe_gating_top_k.cpp
DEBUG [2026-10-09 18:06:28] ./packages/vendors/custom_transformer/op_impl/ai_core/tbe/custom_transformer_impl/ascendc/moe_gating_top_k/moe_gating_top_k_apt.cpp
DEBUG [2026-10-09 18:06:28] ./packages/vendors/custom_transformer/op_impl/ai_core/tbe/custom_transformer_impl/ascendc/moe_gating_top_k/moe_gating_top_k_e_k_fullload.h
DEBUG [2026-10-09 18:06:28] ./packages/vendors/custom_transformer/op_impl/ai_core/tbe/custom_transformer_impl/ascendc/moe_gating_top_k/moe_gating_top_k_generalized.h
DEBUG [2026-10-09 18:06:28] ./packages/vendors/custom_transformer/op_impl/ai_core/tbe/custom_transformer_impl/ascendc/moe_gating_top_k/moe_gating_top_k_without_group.h
DEBUG [2026-10-09 18:06:28] ./packages/vendors/custom_transformer/op_impl/ai_core/tbe/custom_transformer_impl/ascendc/moe_gating_top_k_hash/common.h
DEBUG [2026-10-09 18:06:28] ./packages/vendors/custom_transformer/op_impl/ai_core/tbe/custom_transformer_impl/ascendc/moe_gating_top_k_hash/common_regbase.h
DEBUG [2026-10-09 18:06:28] ./packages/vendors/custom_transformer/op_impl/ai_core/tbe/custom_transformer_impl/ascendc/moe_gating_top_k_hash/moe_gating_top_k_hash.cpp
DEBUG [2026-10-09 18:06:28] ./packages/vendors/custom_transformer/op_impl/ai_core/tbe/custom_transformer_impl/ascendc/moe_gating_top_k_hash/moe_gating_top_k_hash_e_k_fullload.h
DEBUG [2026-10-09 18:06:28] ./packages/vendors/custom_transformer/op_impl/ai_core/tbe/custom_transformer_impl/ascendc/moe_gating_top_k_hash/moe_gating_top_k_hash_generalized.h
DEBUG [2026-10-09 18:06:28] ./packages/vendors/custom_transformer/op_impl/ai_core/tbe/custom_transformer_impl/ascendc/moe_gating_top_k_hash/moe_gating_top_k_hash_regbase.h
DEBUG [2026-10-09 18:06:28] ./packages/vendors/custom_transformer/op_impl/ai_core/tbe/custom_transformer_impl/ascendc/moe_gating_top_k_hash/moe_gating_top_k_hash_without_group.h
DEBUG [2026-10-09 18:06:28] ./packages/vendors/custom_transformer/op_impl/ai_core/tbe/custom_transformer_impl/ascendc/msa_index_score/arch22/msa_block_mmad.h
DEBUG [2026-10-09 18:06:28] ./packages/vendors/custom_transformer/op_impl/ai_core/tbe/custom_transformer_impl/ascendc/msa_index_score/arch22/msa_index_score_epilogue.h
DEBUG [2026-10-09 18:06:28] ./packages/vendors/custom_transformer/op_impl/ai_core/tbe/custom_transformer_impl/ascendc/msa_index_score/arch22/msa_index_score_kernel.h
DEBUG [2026-10-09 18:06:28] ./packages/vendors/custom_transformer/op_impl/ai_core/tbe/custom_transformer_impl/ascendc/msa_index_score/arch22/msa_index_score_task.h
DEBUG [2026-10-09 18:06:28] ./packages/vendors/custom_transformer/op_impl/ai_core/tbe/custom_transformer_impl/ascendc/msa_index_score/catlass/arch/msa_arch.hpp
DEBUG [2026-10-09 18:06:28] ./packages/vendors/custom_transformer/op_impl/ai_core/tbe/custom_transformer_impl/ascendc/msa_index_score/catlass/arch/msa_cross_core_sync.hpp
DEBUG [2026-10-09 18:06:28] ./packages/vendors/custom_transformer/op_impl/ai_core/tbe/custom_transformer_impl/ascendc/msa_index_score/catlass/arch/msa_local_tensor_buffer.hpp
DEBUG [2026-10-09 18:06:28] ./packages/vendors/custom_transformer/op_impl/ai_core/tbe/custom_transformer_impl/ascendc/msa_index_score/catlass/arch/msa_resource.hpp
DEBUG [2026-10-09 18:06:28] ./packages/vendors/custom_transformer/op_impl/ai_core/tbe/custom_transformer_impl/ascendc/msa_index_score/catlass/detail/msa_alignment.hpp
DEBUG [2026-10-09 18:06:28] ./packages/vendors/custom_transformer/op_impl/ai_core/tbe/custom_transformer_impl/ascendc/msa_index_score/catlass/detail/msa_dependent_false.hpp
DEBUG [2026-10-09 18:06:28] ./packages/vendors/custom_transformer/op_impl/ai_core/tbe/custom_transformer_impl/ascendc/msa_index_score/catlass/detail/msa_macros.hpp
DEBUG [2026-10-09 18:06:28] ./packages/vendors/custom_transformer/op_impl/ai_core/tbe/custom_transformer_impl/ascendc/msa_index_score/catlass/gemm/msa_dispatch_policy.hpp
DEBUG [2026-10-09 18:06:28] ./packages/vendors/custom_transformer/op_impl/ai_core/tbe/custom_transformer_impl/ascendc/msa_index_score/catlass/gemm/msa_gemm_helper.hpp
DEBUG [2026-10-09 18:06:28] ./packages/vendors/custom_transformer/op_impl/ai_core/tbe/custom_transformer_impl/ascendc/msa_index_score/catlass/gemm/msa_gemm_type.hpp
DEBUG [2026-10-09 18:06:28] ./packages/vendors/custom_transformer/op_impl/ai_core/tbe/custom_transformer_impl/ascendc/msa_index_score/catlass/gemm/tile/msa_cast_fp8_to_fp16.hpp
DEBUG [2026-10-09 18:06:28] ./packages/vendors/custom_transformer/op_impl/ai_core/tbe/custom_transformer_impl/ascendc/msa_index_score/catlass/gemm/tile/msa_cast_int4_to_int8.hpp
DEBUG [2026-10-09 18:06:28] ./packages/vendors/custom_transformer/op_impl/ai_core/tbe/custom_transformer_impl/ascendc/msa_index_score/catlass/gemm/tile/msa_cast_int8_to_fp16.hpp
DEBUG [2026-10-09 18:06:28] ./packages/vendors/custom_transformer/op_impl/ai_core/tbe/custom_transformer_impl/ascendc/msa_index_score/catlass/gemm/tile/msa_copy_gm_to_l1.hpp
DEBUG [2026-10-09 18:06:28] ./packages/vendors/custom_transformer/op_impl/ai_core/tbe/custom_transformer_impl/ascendc/msa_index_score/catlass/gemm/tile/msa_copy_gm_to_ub.hpp
DEBUG [2026-10-09 18:06:28] ./packages/vendors/custom_transformer/op_impl/ai_core/tbe/custom_transformer_impl/ascendc/msa_index_score/catlass/gemm/tile/msa_copy_l0c_to_gm.hpp
DEBUG [2026-10-09 18:06:28] ./packages/vendors/custom_transformer/op_impl/ai_core/tbe/custom_transformer_impl/ascendc/msa_index_score/catlass/gemm/tile/msa_copy_l1_to_bt.hpp
DEBUG [2026-10-09 18:06:28] ./packages/vendors/custom_transformer/op_impl/ai_core/tbe/custom_transformer_impl/ascendc/msa_index_score/catlass/gemm/tile/msa_copy_l1_to_fp.hpp
DEBUG [2026-10-09 18:06:28] ./packages/vendors/custom_transformer/op_impl/ai_core/tbe/custom_transformer_impl/ascendc/msa_index_score/catlass/gemm/tile/msa_copy_l1_to_l0a.hpp
DEBUG [2026-10-09 18:06:28] ./packages/vendors/custom_transformer/op_impl/ai_core/tbe/custom_transformer_impl/ascendc/msa_index_score/catlass/gemm/tile/msa_copy_l1_to_l0b.hpp
DEBUG [2026-10-09 18:06:28] ./packages/vendors/custom_transformer/op_impl/ai_core/tbe/custom_transformer_impl/ascendc/msa_index_score/catlass/gemm/tile/msa_copy_ub_to_gm.hpp
DEBUG [2026-10-09 18:06:28] ./packages/vendors/custom_transformer/op_impl/ai_core/tbe/custom_transformer_impl/ascendc/msa_index_score/catlass/gemm/tile/msa_tile_copy.hpp
DEBUG [2026-10-09 18:06:28] ./packages/vendors/custom_transformer/op_impl/ai_core/tbe/custom_transformer_impl/ascendc/msa_index_score/catlass/gemm/tile/msa_tile_mmad.hpp
DEBUG [2026-10-09 18:06:28] ./packages/vendors/custom_transformer/op_impl/ai_core/tbe/custom_transformer_impl/ascendc/msa_index_score/catlass/layout/msa_layout.hpp
DEBUG [2026-10-09 18:06:28] ./packages/vendors/custom_transformer/op_impl/ai_core/tbe/custom_transformer_impl/ascendc/msa_index_score/catlass/layout/msa_matrix.hpp
DEBUG [2026-10-09 18:06:28] ./packages/vendors/custom_transformer/op_impl/ai_core/tbe/custom_transformer_impl/ascendc/msa_index_score/catlass/layout/msa_tensor.hpp
DEBUG [2026-10-09 18:06:28] ./packages/vendors/custom_transformer/op_impl/ai_core/tbe/custom_transformer_impl/ascendc/msa_index_score/catlass/layout/msa_vector.hpp
DEBUG [2026-10-09 18:06:28] ./packages/vendors/custom_transformer/op_impl/ai_core/tbe/custom_transformer_impl/ascendc/msa_index_score/catlass/msa_catlass.hpp
DEBUG [2026-10-09 18:06:28] ./packages/vendors/custom_transformer/op_impl/ai_core/tbe/custom_transformer_impl/ascendc/msa_index_score/catlass/msa_conv_coord.hpp
DEBUG [2026-10-09 18:06:28] ./packages/vendors/custom_transformer/op_impl/ai_core/tbe/custom_transformer_impl/ascendc/msa_index_score/catlass/msa_coord.hpp
DEBUG [2026-10-09 18:06:28] ./packages/vendors/custom_transformer/op_impl/ai_core/tbe/custom_transformer_impl/ascendc/msa_index_score/catlass/msa_gemm_coord.hpp
DEBUG [2026-10-09 18:06:28] ./packages/vendors/custom_transformer/op_impl/ai_core/tbe/custom_transformer_impl/ascendc/msa_index_score/catlass/msa_matrix_coord.hpp
DEBUG [2026-10-09 18:06:28] ./packages/vendors/custom_transformer/op_impl/ai_core/tbe/custom_transformer_impl/ascendc/msa_index_score/catlass/msa_numeric_size.hpp
DEBUG [2026-10-09 18:06:28] ./packages/vendors/custom_transformer/op_impl/ai_core/tbe/custom_transformer_impl/ascendc/msa_index_score/msa_index_score.cpp
DEBUG [2026-10-09 18:06:28] ./packages/vendors/custom_transformer/op_impl/ai_core/tbe/custom_transformer_impl/ascendc/msa_index_score/msa_index_score_common.h
DEBUG [2026-10-09 18:06:28] ./packages/vendors/custom_transformer/op_impl/ai_core/tbe/custom_transformer_impl/ascendc/quant_lightning_indexer_v2/arch22/quant_lightning_indexer_v2_common_arch22.h
DEBUG [2026-10-09 18:06:28] ./packages/vendors/custom_transformer/op_impl/ai_core/tbe/custom_transformer_impl/ascendc/quant_lightning_indexer_v2/arch22/quant_lightning_indexer_v2_kernel_arch22.h
DEBUG [2026-10-09 18:06:28] ./packages/vendors/custom_transformer/op_impl/ai_core/tbe/custom_transformer_impl/ascendc/quant_lightning_indexer_v2/arch22/quant_lightning_indexer_v2_service_cube_arch22.h
DEBUG [2026-10-09 18:06:28] ./packages/vendors/custom_transformer/op_impl/ai_core/tbe/custom_transformer_impl/ascendc/quant_lightning_indexer_v2/arch22/quant_lightning_indexer_v2_service_vector_arch22.h
DEBUG [2026-10-09 18:06:28] ./packages/vendors/custom_transformer/op_impl/ai_core/tbe/custom_transformer_impl/ascendc/quant_lightning_indexer_v2/arch22/quant_lightning_indexer_v2_vector.h
DEBUG [2026-10-09 18:06:28] ./packages/vendors/custom_transformer/op_impl/ai_core/tbe/custom_transformer_impl/ascendc/quant_lightning_indexer_v2/quant_lightning_indexer_v2.cpp
DEBUG [2026-10-09 18:06:28] ./packages/vendors/custom_transformer/op_impl/ai_core/tbe/custom_transformer_impl/ascendc/quant_lightning_indexer_v2/quant_lightning_indexer_v2_metadata.h
DEBUG [2026-10-09 18:06:28] ./packages/vendors/custom_transformer/op_impl/ai_core/tbe/custom_transformer_impl/ascendc/quant_lightning_indexer_v2/quant_lightning_indexer_v2_template_tiling_key.h
DEBUG [2026-10-09 18:06:28] ./packages/vendors/custom_transformer/op_impl/ai_core/tbe/custom_transformer_impl/ascendc/quant_lightning_indexer_v2_metadata/
DEBUG [2026-10-09 18:06:28] ./packages/vendors/custom_transformer/op_impl/ai_core/tbe/custom_transformer_impl/ascendc/recurrent_gated_delta_rule/recurrent_gated_delta_rule.cpp
DEBUG [2026-10-09 18:06:28] ./packages/vendors/custom_transformer/op_impl/ai_core/tbe/custom_transformer_impl/ascendc/recurrent_gated_delta_rule/recurrent_gated_delta_rule.h
DEBUG [2026-10-09 18:06:28] ./packages/vendors/custom_transformer/op_impl/ai_core/tbe/custom_transformer_impl/ascendc/recurrent_gated_delta_rule/recurrent_gated_delta_rule_tiling_data.h
DEBUG [2026-10-09 18:06:28] ./packages/vendors/custom_transformer/op_impl/ai_core/tbe/custom_transformer_impl/ascendc/recurrent_kda/recurrent_kda.cpp
DEBUG [2026-10-09 18:06:28] ./packages/vendors/custom_transformer/op_impl/ai_core/tbe/custom_transformer_impl/ascendc/recurrent_kda/recurrent_kda.h
DEBUG [2026-10-09 18:06:28] ./packages/vendors/custom_transformer/op_impl/ai_core/tbe/custom_transformer_impl/ascendc/recurrent_kda/recurrent_kda_struct.h
DEBUG [2026-10-09 18:06:28] ./packages/vendors/custom_transformer/op_impl/ai_core/tbe/custom_transformer_impl/ascendc/recurrent_kda/recurrent_kda_tiling_data.h
DEBUG [2026-10-09 18:06:28] ./packages/vendors/custom_transformer/op_impl/ai_core/tbe/custom_transformer_impl/ascendc/rms_norm_cast/rms_norm_cast.cpp
DEBUG [2026-10-09 18:06:28] ./packages/vendors/custom_transformer/op_impl/ai_core/tbe/custom_transformer_impl/ascendc/rms_norm_cast/rms_norm_cast.h
DEBUG [2026-10-09 18:06:28] ./packages/vendors/custom_transformer/op_impl/ai_core/tbe/custom_transformer_impl/ascendc/rms_norm_cast/rms_norm_cast_base.h
DEBUG [2026-10-09 18:06:28] ./packages/vendors/custom_transformer/op_impl/ai_core/tbe/custom_transformer_impl/ascendc/rms_norm_dynamic_quant/reduce_common.h
DEBUG [2026-10-09 18:06:28] ./packages/vendors/custom_transformer/op_impl/ai_core/tbe/custom_transformer_impl/ascendc/rms_norm_dynamic_quant/rms_norm_dynamic_quant.cpp
DEBUG [2026-10-09 18:06:28] ./packages/vendors/custom_transformer/op_impl/ai_core/tbe/custom_transformer_impl/ascendc/rms_norm_dynamic_quant/rms_norm_dynamic_quant_base.h
DEBUG [2026-10-09 18:06:28] ./packages/vendors/custom_transformer/op_impl/ai_core/tbe/custom_transformer_impl/ascendc/rms_norm_dynamic_quant/rms_norm_dynamic_quant_cut_d_kernel.h
DEBUG [2026-10-09 18:06:28] ./packages/vendors/custom_transformer/op_impl/ai_core/tbe/custom_transformer_impl/ascendc/rms_norm_dynamic_quant/rms_norm_dynamic_quant_helper.h
DEBUG [2026-10-09 18:06:28] ./packages/vendors/custom_transformer/op_impl/ai_core/tbe/custom_transformer_impl/ascendc/rms_norm_dynamic_quant/rms_norm_dynamic_quant_normal_kernel.h
DEBUG [2026-10-09 18:06:28] ./packages/vendors/custom_transformer/op_impl/ai_core/tbe/custom_transformer_impl/ascendc/rms_norm_dynamic_quant/rms_norm_dynamic_quant_single_row_kernel.h
DEBUG [2026-10-09 18:06:28] ./packages/vendors/custom_transformer/op_impl/ai_core/tbe/custom_transformer_impl/ascendc/scatter_nd_update_sk/arch22/scatter_nd_update.h
DEBUG [2026-10-09 18:06:28] ./packages/vendors/custom_transformer/op_impl/ai_core/tbe/custom_transformer_impl/ascendc/scatter_nd_update_sk/arch22/scatter_nd_update_common.h
DEBUG [2026-10-09 18:06:28] ./packages/vendors/custom_transformer/op_impl/ai_core/tbe/custom_transformer_impl/ascendc/scatter_nd_update_sk/arch22/scatter_nd_update_hp.h
DEBUG [2026-10-09 18:06:28] ./packages/vendors/custom_transformer/op_impl/ai_core/tbe/custom_transformer_impl/ascendc/scatter_nd_update_sk/arch22/scatter_nd_update_large_index.h
DEBUG [2026-10-09 18:06:28] ./packages/vendors/custom_transformer/op_impl/ai_core/tbe/custom_transformer_impl/ascendc/scatter_nd_update_sk/arch22/scatter_nd_update_linear_index.h
DEBUG [2026-10-09 18:06:28] ./packages/vendors/custom_transformer/op_impl/ai_core/tbe/custom_transformer_impl/ascendc/scatter_nd_update_sk/arch22/scatter_nd_update_no_sort.h
DEBUG [2026-10-09 18:06:28] ./packages/vendors/custom_transformer/op_impl/ai_core/tbe/custom_transformer_impl/ascendc/scatter_nd_update_sk/scatter_nd_update_sk.cpp
DEBUG [2026-10-09 18:06:28] ./packages/vendors/custom_transformer/op_impl/ai_core/tbe/custom_transformer_impl/ascendc/sparse_attention_score/arch22/kernel_utils.hpp
DEBUG [2026-10-09 18:06:28] ./packages/vendors/custom_transformer/op_impl/ai_core/tbe/custom_transformer_impl/ascendc/sparse_attention_score/arch22/sparse_attention_score_fd_combine_arch22.h
DEBUG [2026-10-09 18:06:28] ./packages/vendors/custom_transformer/op_impl/ai_core/tbe/custom_transformer_impl/ascendc/sparse_attention_score/arch22/sparse_attention_score_kernel_arch22.h
DEBUG [2026-10-09 18:06:28] ./packages/vendors/custom_transformer/op_impl/ai_core/tbe/custom_transformer_impl/ascendc/sparse_attention_score/attn_infra/arch/arch.hpp
DEBUG [2026-10-09 18:06:28] ./packages/vendors/custom_transformer/op_impl/ai_core/tbe/custom_transformer_impl/ascendc/sparse_attention_score/attn_infra/arch/cross_core_sync.hpp
DEBUG [2026-10-09 18:06:28] ./packages/vendors/custom_transformer/op_impl/ai_core/tbe/custom_transformer_impl/ascendc/sparse_attention_score/attn_infra/arch/local_tensor_buffer.hpp
DEBUG [2026-10-09 18:06:28] ./packages/vendors/custom_transformer/op_impl/ai_core/tbe/custom_transformer_impl/ascendc/sparse_attention_score/attn_infra/arch/resource.hpp
DEBUG [2026-10-09 18:06:28] ./packages/vendors/custom_transformer/op_impl/ai_core/tbe/custom_transformer_impl/ascendc/sparse_attention_score/attn_infra/base_defs.hpp
DEBUG [2026-10-09 18:06:28] ./packages/vendors/custom_transformer/op_impl/ai_core/tbe/custom_transformer_impl/ascendc/sparse_attention_score/attn_infra/coord.hpp
DEBUG [2026-10-09 18:06:28] ./packages/vendors/custom_transformer/op_impl/ai_core/tbe/custom_transformer_impl/ascendc/sparse_attention_score/attn_infra/detail/alignment.hpp
DEBUG [2026-10-09 18:06:28] ./packages/vendors/custom_transformer/op_impl/ai_core/tbe/custom_transformer_impl/ascendc/sparse_attention_score/attn_infra/detail/dependent_false.hpp
DEBUG [2026-10-09 18:06:28] ./packages/vendors/custom_transformer/op_impl/ai_core/tbe/custom_transformer_impl/ascendc/sparse_attention_score/attn_infra/detail/macros.hpp
DEBUG [2026-10-09 18:06:28] ./packages/vendors/custom_transformer/op_impl/ai_core/tbe/custom_transformer_impl/ascendc/sparse_attention_score/attn_infra/detail/tag_to_layout.hpp
DEBUG [2026-10-09 18:06:28] ./packages/vendors/custom_transformer/op_impl/ai_core/tbe/custom_transformer_impl/ascendc/sparse_attention_score/attn_infra/epilogue/block/block_epilogue.hpp
DEBUG [2026-10-09 18:06:28] ./packages/vendors/custom_transformer/op_impl/ai_core/tbe/custom_transformer_impl/ascendc/sparse_attention_score/attn_infra/epilogue/block/block_epilogue_mask2idx_arch35.hpp
DEBUG [2026-10-09 18:06:28] ./packages/vendors/custom_transformer/op_impl/ai_core/tbe/custom_transformer_impl/ascendc/sparse_attention_score/attn_infra/epilogue/block/block_epilogue_online_softmax.hpp
DEBUG [2026-10-09 18:06:28] ./packages/vendors/custom_transformer/op_impl/ai_core/tbe/custom_transformer_impl/ascendc/sparse_attention_score/attn_infra/epilogue/block/block_epilogue_online_softmax_arch35_reg_low_prec.hpp
DEBUG [2026-10-09 18:06:28] ./packages/vendors/custom_transformer/op_impl/ai_core/tbe/custom_transformer_impl/ascendc/sparse_attention_score/attn_infra/epilogue/block/block_epilogue_online_softmax_arch35_reg_low_prec_bf16.hpp
DEBUG [2026-10-09 18:06:28] ./packages/vendors/custom_transformer/op_impl/ai_core/tbe/custom_transformer_impl/ascendc/sparse_attention_score/attn_infra/epilogue/block/block_epilogue_online_softmax_low_prec.hpp
DEBUG [2026-10-09 18:06:28] ./packages/vendors/custom_transformer/op_impl/ai_core/tbe/custom_transformer_impl/ascendc/sparse_attention_score/attn_infra/epilogue/block/block_epilogue_rescale_o.hpp
DEBUG [2026-10-09 18:06:28] ./packages/vendors/custom_transformer/op_impl/ai_core/tbe/custom_transformer_impl/ascendc/sparse_attention_score/attn_infra/epilogue/block/block_epilogue_rescale_o_arch35_reg_high_prec.hpp
DEBUG [2026-10-09 18:06:28] ./packages/vendors/custom_transformer/op_impl/ai_core/tbe/custom_transformer_impl/ascendc/sparse_attention_score/attn_infra/epilogue/block/block_epilogue_rescale_o_low_prec.hpp
DEBUG [2026-10-09 18:06:28] ./packages/vendors/custom_transformer/op_impl/ai_core/tbe/custom_transformer_impl/ascendc/sparse_attention_score/attn_infra/epilogue/dispatch_policy.hpp
DEBUG [2026-10-09 18:06:28] ./packages/vendors/custom_transformer/op_impl/ai_core/tbe/custom_transformer_impl/ascendc/sparse_attention_score/attn_infra/epilogue/tile_common/copy_gm_to_ub.hpp
DEBUG [2026-10-09 18:06:28] ./packages/vendors/custom_transformer/op_impl/ai_core/tbe/custom_transformer_impl/ascendc/sparse_attention_score/attn_infra/epilogue/tile_common/copy_gm_to_ub_tla.hpp
DEBUG [2026-10-09 18:06:28] ./packages/vendors/custom_transformer/op_impl/ai_core/tbe/custom_transformer_impl/ascendc/sparse_attention_score/attn_infra/epilogue/tile_common/copy_ub_to_gm.hpp
DEBUG [2026-10-09 18:06:28] ./packages/vendors/custom_transformer/op_impl/ai_core/tbe/custom_transformer_impl/ascendc/sparse_attention_score/attn_infra/epilogue/tile_common/copy_ub_to_gm_tla.hpp
DEBUG [2026-10-09 18:06:28] ./packages/vendors/custom_transformer/op_impl/ai_core/tbe/custom_transformer_impl/ascendc/sparse_attention_score/attn_infra/epilogue/tile_common/tile_copy.hpp
DEBUG [2026-10-09 18:06:28] ./packages/vendors/custom_transformer/op_impl/ai_core/tbe/custom_transformer_impl/ascendc/sparse_attention_score/attn_infra/gemm/block/block_mmad.hpp
DEBUG [2026-10-09 18:06:28] ./packages/vendors/custom_transformer/op_impl/ai_core/tbe/custom_transformer_impl/ascendc/sparse_attention_score/attn_infra/gemm/block/block_mmad_pv.hpp
DEBUG [2026-10-09 18:06:28] ./packages/vendors/custom_transformer/op_impl/ai_core/tbe/custom_transformer_impl/ascendc/sparse_attention_score/attn_infra/gemm/block/block_mmad_pv_arch35_ABf16_C_to_UB.hpp
DEBUG [2026-10-09 18:06:28] ./packages/vendors/custom_transformer/op_impl/ai_core/tbe/custom_transformer_impl/ascendc/sparse_attention_score/attn_infra/gemm/block/block_mmad_qk.hpp
DEBUG [2026-10-09 18:06:28] ./packages/vendors/custom_transformer/op_impl/ai_core/tbe/custom_transformer_impl/ascendc/sparse_attention_score/attn_infra/gemm/block/block_mmad_qk_arch35_ABf16_C_to_UB.hpp
DEBUG [2026-10-09 18:06:28] ./packages/vendors/custom_transformer/op_impl/ai_core/tbe/custom_transformer_impl/ascendc/sparse_attention_score/attn_infra/gemm/dispatch_policy.hpp
DEBUG [2026-10-09 18:06:28] ./packages/vendors/custom_transformer/op_impl/ai_core/tbe/custom_transformer_impl/ascendc/sparse_attention_score/attn_infra/gemm/gemm_type.hpp
DEBUG [2026-10-09 18:06:28] ./packages/vendors/custom_transformer/op_impl/ai_core/tbe/custom_transformer_impl/ascendc/sparse_attention_score/attn_infra/gemm/helper.hpp
DEBUG [2026-10-09 18:06:28] ./packages/vendors/custom_transformer/op_impl/ai_core/tbe/custom_transformer_impl/ascendc/sparse_attention_score/attn_infra/gemm/tile_common/copy_gm_to_l1_a2.hpp
DEBUG [2026-10-09 18:06:28] ./packages/vendors/custom_transformer/op_impl/ai_core/tbe/custom_transformer_impl/ascendc/sparse_attention_score/attn_infra/gemm/tile_common/copy_gm_to_l1_a5.hpp
DEBUG [2026-10-09 18:06:28] ./packages/vendors/custom_transformer/op_impl/ai_core/tbe/custom_transformer_impl/ascendc/sparse_attention_score/attn_infra/gemm/tile_common/copy_gm_to_ub.hpp
DEBUG [2026-10-09 18:06:28] ./packages/vendors/custom_transformer/op_impl/ai_core/tbe/custom_transformer_impl/ascendc/sparse_attention_score/attn_infra/gemm/tile_common/copy_l0c_to_dst.hpp
DEBUG [2026-10-09 18:06:28] ./packages/vendors/custom_transformer/op_impl/ai_core/tbe/custom_transformer_impl/ascendc/sparse_attention_score/attn_infra/gemm/tile_common/copy_l0c_to_gm_a2.hpp
DEBUG [2026-10-09 18:06:28] ./packages/vendors/custom_transformer/op_impl/ai_core/tbe/custom_transformer_impl/ascendc/sparse_attention_score/attn_infra/gemm/tile_common/copy_l0c_to_ub_a5.hpp
DEBUG [2026-10-09 18:06:28] ./packages/vendors/custom_transformer/op_impl/ai_core/tbe/custom_transformer_impl/ascendc/sparse_attention_score/attn_infra/gemm/tile_common/copy_l1_to_bt.hpp
DEBUG [2026-10-09 18:06:28] ./packages/vendors/custom_transformer/op_impl/ai_core/tbe/custom_transformer_impl/ascendc/sparse_attention_score/attn_infra/gemm/tile_common/copy_l1_to_l0a_a2.hpp
DEBUG [2026-10-09 18:06:28] ./packages/vendors/custom_transformer/op_impl/ai_core/tbe/custom_transformer_impl/ascendc/sparse_attention_score/attn_infra/gemm/tile_common/copy_l1_to_l0a_a5.hpp
DEBUG [2026-10-09 18:06:28] ./packages/vendors/custom_transformer/op_impl/ai_core/tbe/custom_transformer_impl/ascendc/sparse_attention_score/attn_infra/gemm/tile_common/copy_l1_to_l0b_a2.hpp
DEBUG [2026-10-09 18:06:28] ./packages/vendors/custom_transformer/op_impl/ai_core/tbe/custom_transformer_impl/ascendc/sparse_attention_score/attn_infra/gemm/tile_common/copy_l1_to_l0b_a5.hpp
DEBUG [2026-10-09 18:06:28] ./packages/vendors/custom_transformer/op_impl/ai_core/tbe/custom_transformer_impl/ascendc/sparse_attention_score/attn_infra/gemm/tile_common/copy_ub_to_gm.hpp
DEBUG [2026-10-09 18:06:28] ./packages/vendors/custom_transformer/op_impl/ai_core/tbe/custom_transformer_impl/ascendc/sparse_attention_score/attn_infra/gemm/tile_common/tile_copy.hpp
DEBUG [2026-10-09 18:06:28] ./packages/vendors/custom_transformer/op_impl/ai_core/tbe/custom_transformer_impl/ascendc/sparse_attention_score/attn_infra/gemm/tile_common/tile_copy_tla.hpp
DEBUG [2026-10-09 18:06:28] ./packages/vendors/custom_transformer/op_impl/ai_core/tbe/custom_transformer_impl/ascendc/sparse_attention_score/attn_infra/gemm/tile_common/tile_mmad.hpp
DEBUG [2026-10-09 18:06:28] ./packages/vendors/custom_transformer/op_impl/ai_core/tbe/custom_transformer_impl/ascendc/sparse_attention_score/attn_infra/gemm_coord.hpp
DEBUG [2026-10-09 18:06:28] ./packages/vendors/custom_transformer/op_impl/ai_core/tbe/custom_transformer_impl/ascendc/sparse_attention_score/attn_infra/layout/layout.hpp
DEBUG [2026-10-09 18:06:28] ./packages/vendors/custom_transformer/op_impl/ai_core/tbe/custom_transformer_impl/ascendc/sparse_attention_score/attn_infra/layout/matrix.hpp
DEBUG [2026-10-09 18:06:28] ./packages/vendors/custom_transformer/op_impl/ai_core/tbe/custom_transformer_impl/ascendc/sparse_attention_score/attn_infra/layout/vector.hpp
DEBUG [2026-10-09 18:06:28] ./packages/vendors/custom_transformer/op_impl/ai_core/tbe/custom_transformer_impl/ascendc/sparse_attention_score/attn_infra/matrix_coord.hpp
DEBUG [2026-10-09 18:06:28] ./packages/vendors/custom_transformer/op_impl/ai_core/tbe/custom_transformer_impl/ascendc/sparse_attention_score/attn_infra/status.hpp
DEBUG [2026-10-09 18:06:28] ./packages/vendors/custom_transformer/op_impl/ai_core/tbe/custom_transformer_impl/ascendc/sparse_attention_score/kernel_common.hpp
DEBUG [2026-10-09 18:06:28] ./packages/vendors/custom_transformer/op_impl/ai_core/tbe/custom_transformer_impl/ascendc/sparse_attention_score/sparse_attention_score.cpp
DEBUG [2026-10-09 18:06:28] ./packages/vendors/custom_transformer/op_impl/ai_core/tbe/custom_transformer_impl/ascendc/sparse_attention_score/sparse_attention_score_kernel_interface.cpp
DEBUG [2026-10-09 18:06:28] ./packages/vendors/custom_transformer/op_impl/ai_core/tbe/custom_transformer_impl/ascendc/sparse_attention_score/sparse_attention_score_tilingkey.h
DEBUG [2026-10-09 18:06:28] ./packages/vendors/custom_transformer/op_impl/ai_core/tbe/custom_transformer_impl/ascendc/sparse_attention_score/tla/int_tuple.hpp
DEBUG [2026-10-09 18:06:28] ./packages/vendors/custom_transformer/op_impl/ai_core/tbe/custom_transformer_impl/ascendc/sparse_attention_score/tla/layout.hpp
DEBUG [2026-10-09 18:06:28] ./packages/vendors/custom_transformer/op_impl/ai_core/tbe/custom_transformer_impl/ascendc/sparse_attention_score/tla/numeric/integer_sequence.hpp
DEBUG [2026-10-09 18:06:28] ./packages/vendors/custom_transformer/op_impl/ai_core/tbe/custom_transformer_impl/ascendc/sparse_attention_score/tla/numeric/integral_constant.hpp
DEBUG [2026-10-09 18:06:28] ./packages/vendors/custom_transformer/op_impl/ai_core/tbe/custom_transformer_impl/ascendc/sparse_attention_score/tla/numeric/math.hpp
DEBUG [2026-10-09 18:06:28] ./packages/vendors/custom_transformer/op_impl/ai_core/tbe/custom_transformer_impl/ascendc/sparse_attention_score/tla/tensor.hpp
DEBUG [2026-10-09 18:06:28] ./packages/vendors/custom_transformer/op_impl/ai_core/tbe/custom_transformer_impl/ascendc/sparse_attention_score/tla/tuple.hpp
DEBUG [2026-10-09 18:06:28] ./packages/vendors/custom_transformer/op_impl/ai_core/tbe/custom_transformer_impl/ascendc/sparse_attention_score/tla/type_traits.hpp
DEBUG [2026-10-09 18:06:28] ./packages/vendors/custom_transformer/op_impl/ai_core/tbe/custom_transformer_impl/ascendc/sparse_attn_sharedkv/arch32/sparse_attn_sharedkv_scfa_block_cube.h
DEBUG [2026-10-09 18:06:28] ./packages/vendors/custom_transformer/op_impl/ai_core/tbe/custom_transformer_impl/ascendc/sparse_attn_sharedkv/arch32/sparse_attn_sharedkv_scfa_block_vector.h
DEBUG [2026-10-09 18:06:28] ./packages/vendors/custom_transformer/op_impl/ai_core/tbe/custom_transformer_impl/ascendc/sparse_attn_sharedkv/arch32/sparse_attn_sharedkv_scfa_kernel.h
DEBUG [2026-10-09 18:06:28] ./packages/vendors/custom_transformer/op_impl/ai_core/tbe/custom_transformer_impl/ascendc/sparse_attn_sharedkv/arch32/sparse_attn_sharedkv_swa_block_cube.h
DEBUG [2026-10-09 18:06:28] ./packages/vendors/custom_transformer/op_impl/ai_core/tbe/custom_transformer_impl/ascendc/sparse_attn_sharedkv/arch32/sparse_attn_sharedkv_swa_block_vector.h
DEBUG [2026-10-09 18:06:28] ./packages/vendors/custom_transformer/op_impl/ai_core/tbe/custom_transformer_impl/ascendc/sparse_attn_sharedkv/arch32/sparse_attn_sharedkv_swa_kernel.h
DEBUG [2026-10-09 18:06:28] ./packages/vendors/custom_transformer/op_impl/ai_core/tbe/custom_transformer_impl/ascendc/sparse_attn_sharedkv/sparse_attn_sharedkv.cpp
DEBUG [2026-10-09 18:06:28] ./packages/vendors/custom_transformer/op_impl/ai_core/tbe/custom_transformer_impl/ascendc/sparse_attn_sharedkv/sparse_attn_sharedkv_common.h
DEBUG [2026-10-09 18:06:28] ./packages/vendors/custom_transformer/op_impl/ai_core/tbe/custom_transformer_impl/ascendc/sparse_attn_sharedkv/sparse_attn_sharedkv_metadata.h
DEBUG [2026-10-09 18:06:28] ./packages/vendors/custom_transformer/op_impl/ai_core/tbe/custom_transformer_impl/ascendc/sparse_attn_sharedkv/sparse_attn_sharedkv_template_tiling_key.h
DEBUG [2026-10-09 18:06:28] ./packages/vendors/custom_transformer/op_impl/ai_core/tbe/custom_transformer_impl/ascendc/sparse_flash_attention/arch22/sparse_flash_attention_kernel_mla.h
DEBUG [2026-10-09 18:06:28] ./packages/vendors/custom_transformer/op_impl/ai_core/tbe/custom_transformer_impl/ascendc/sparse_flash_attention/arch22/sparse_flash_attention_service_cube_mla.h
DEBUG [2026-10-09 18:06:28] ./packages/vendors/custom_transformer/op_impl/ai_core/tbe/custom_transformer_impl/ascendc/sparse_flash_attention/arch22/sparse_flash_attention_service_vector_mla.h
DEBUG [2026-10-09 18:06:28] ./packages/vendors/custom_transformer/op_impl/ai_core/tbe/custom_transformer_impl/ascendc/sparse_flash_attention/sparse_flash_attention.cpp
DEBUG [2026-10-09 18:06:28] ./packages/vendors/custom_transformer/op_impl/ai_core/tbe/custom_transformer_impl/ascendc/sparse_flash_attention/sparse_flash_attention_common.h
DEBUG [2026-10-09 18:06:28] ./packages/vendors/custom_transformer/op_impl/ai_core/tbe/custom_transformer_impl/ascendc/sparse_flash_attention/sparse_flash_attention_template_tiling_key.h
DEBUG [2026-10-09 18:06:28] ./packages/vendors/custom_transformer/op_impl/ai_core/tbe/custom_transformer_impl/ascendc/sparse_flash_mla/arch22/sparse_flash_mla_arch22_metadata.h
DEBUG [2026-10-09 18:06:28] ./packages/vendors/custom_transformer/op_impl/ai_core/tbe/custom_transformer_impl/ascendc/sparse_flash_mla/arch22/sparse_flash_mla_common_arch22.h
DEBUG [2026-10-09 18:06:28] ./packages/vendors/custom_transformer/op_impl/ai_core/tbe/custom_transformer_impl/ascendc/sparse_flash_mla/arch22/sparse_flash_mla_csa_block_cube.h
DEBUG [2026-10-09 18:06:28] ./packages/vendors/custom_transformer/op_impl/ai_core/tbe/custom_transformer_impl/ascendc/sparse_flash_mla/arch22/sparse_flash_mla_csa_block_vector.h
DEBUG [2026-10-09 18:06:28] ./packages/vendors/custom_transformer/op_impl/ai_core/tbe/custom_transformer_impl/ascendc/sparse_flash_mla/arch22/sparse_flash_mla_csa_kernel.h
DEBUG [2026-10-09 18:06:28] ./packages/vendors/custom_transformer/op_impl/ai_core/tbe/custom_transformer_impl/ascendc/sparse_flash_mla/arch22/sparse_flash_mla_swa_block_cube.h
DEBUG [2026-10-09 18:06:28] ./packages/vendors/custom_transformer/op_impl/ai_core/tbe/custom_transformer_impl/ascendc/sparse_flash_mla/arch22/sparse_flash_mla_swa_block_vector.h
DEBUG [2026-10-09 18:06:28] ./packages/vendors/custom_transformer/op_impl/ai_core/tbe/custom_transformer_impl/ascendc/sparse_flash_mla/arch22/sparse_flash_mla_swa_kernel.h
DEBUG [2026-10-09 18:06:28] ./packages/vendors/custom_transformer/op_impl/ai_core/tbe/custom_transformer_impl/ascendc/sparse_flash_mla/sparse_flash_mla.cpp
DEBUG [2026-10-09 18:06:28] ./packages/vendors/custom_transformer/op_impl/ai_core/tbe/custom_transformer_impl/ascendc/sparse_flash_mla/sparse_flash_mla_common.h
DEBUG [2026-10-09 18:06:28] ./packages/vendors/custom_transformer/op_impl/ai_core/tbe/custom_transformer_impl/ascendc/sparse_flash_mla/sparse_flash_mla_kernel_metadata.h
DEBUG [2026-10-09 18:06:28] ./packages/vendors/custom_transformer/op_impl/ai_core/tbe/custom_transformer_impl/ascendc/sparse_flash_mla/sparse_flash_mla_template_tiling_key.h
DEBUG [2026-10-09 18:06:28] ./packages/vendors/custom_transformer/op_impl/ai_core/tbe/custom_transformer_impl/ascendc/sparse_flash_mla_metadata/
DEBUG [2026-10-09 18:06:28] ./packages/vendors/custom_transformer/op_impl/ai_core/tbe/custom_transformer_impl/ascendc/store_kv_block/store_kv_block.cpp
DEBUG [2026-10-09 18:06:28] ./packages/vendors/custom_transformer/op_impl/ai_core/tbe/custom_transformer_impl/ascendc/store_kv_block/store_kv_block.h
DEBUG [2026-10-09 18:06:28] ./packages/vendors/custom_transformer/op_impl/ai_core/tbe/custom_transformer_impl/ascendc/transpose_kv_cache_by_block/common.h
DEBUG [2026-10-09 18:06:28] ./packages/vendors/custom_transformer/op_impl/ai_core/tbe/custom_transformer_impl/ascendc/transpose_kv_cache_by_block/full_load.h
DEBUG [2026-10-09 18:06:28] ./packages/vendors/custom_transformer/op_impl/ai_core/tbe/custom_transformer_impl/ascendc/transpose_kv_cache_by_block/general.h
DEBUG [2026-10-09 18:06:28] ./packages/vendors/custom_transformer/op_impl/ai_core/tbe/custom_transformer_impl/ascendc/transpose_kv_cache_by_block/transpose_kv_cache_by_block.cpp
DEBUG [2026-10-09 18:06:28] ./packages/vendors/custom_transformer/op_impl/ai_core/tbe/custom_transformer_impl/ascendc/vllm_quant_lightning_indexer/arch32/quant_lightning_indexer_common.h
DEBUG [2026-10-09 18:06:28] ./packages/vendors/custom_transformer/op_impl/ai_core/tbe/custom_transformer_impl/ascendc/vllm_quant_lightning_indexer/arch32/quant_lightning_indexer_kernel.h
DEBUG [2026-10-09 18:06:28] ./packages/vendors/custom_transformer/op_impl/ai_core/tbe/custom_transformer_impl/ascendc/vllm_quant_lightning_indexer/arch32/quant_lightning_indexer_service_cube.h
DEBUG [2026-10-09 18:06:28] ./packages/vendors/custom_transformer/op_impl/ai_core/tbe/custom_transformer_impl/ascendc/vllm_quant_lightning_indexer/arch32/quant_lightning_indexer_service_vector.h
DEBUG [2026-10-09 18:06:28] ./packages/vendors/custom_transformer/op_impl/ai_core/tbe/custom_transformer_impl/ascendc/vllm_quant_lightning_indexer/arch32/quant_lightning_indexer_vector.h
DEBUG [2026-10-09 18:06:28] ./packages/vendors/custom_transformer/op_impl/ai_core/tbe/custom_transformer_impl/ascendc/vllm_quant_lightning_indexer/vllm_quant_lightning_indexer.cpp
DEBUG [2026-10-09 18:06:28] ./packages/vendors/custom_transformer/op_impl/ai_core/tbe/custom_transformer_impl/ascendc/vllm_quant_lightning_indexer/vllm_quant_lightning_indexer_metadata.h
DEBUG [2026-10-09 18:06:28] ./packages/vendors/custom_transformer/op_impl/ai_core/tbe/custom_transformer_impl/ascendc/vllm_quant_lightning_indexer/vllm_quant_lightning_indexer_template_tiling_key.h
DEBUG [2026-10-09 18:06:28] ./packages/vendors/custom_transformer/op_impl/ai_core/tbe/custom_transformer_impl/dynamic/add_rms_norm_bias.py
DEBUG [2026-10-09 18:06:28] ./packages/vendors/custom_transformer/op_impl/ai_core/tbe/custom_transformer_impl/dynamic/add_rms_norm_bias_apt.py
DEBUG [2026-10-09 18:06:28] ./packages/vendors/custom_transformer/op_impl/ai_core/tbe/custom_transformer_impl/dynamic/causal_conv1d.py
DEBUG [2026-10-09 18:06:28] ./packages/vendors/custom_transformer/op_impl/ai_core/tbe/custom_transformer_impl/dynamic/chunk_fwd_o.py
DEBUG [2026-10-09 18:06:28] ./packages/vendors/custom_transformer/op_impl/ai_core/tbe/custom_transformer_impl/dynamic/chunk_gated_delta_rule_fwd_h.py
DEBUG [2026-10-09 18:06:28] ./packages/vendors/custom_transformer/op_impl/ai_core/tbe/custom_transformer_impl/dynamic/chunk_kda_fwd.py
DEBUG [2026-10-09 18:06:28] ./packages/vendors/custom_transformer/op_impl/ai_core/tbe/custom_transformer_impl/dynamic/compressor.py
DEBUG [2026-10-09 18:06:28] ./packages/vendors/custom_transformer/op_impl/ai_core/tbe/custom_transformer_impl/dynamic/compressor_metadata.py
DEBUG [2026-10-09 18:06:28] ./packages/vendors/custom_transformer/op_impl/ai_core/tbe/custom_transformer_impl/dynamic/copy_and_expand_eagle_inputs.py
DEBUG [2026-10-09 18:06:28] ./packages/vendors/custom_transformer/op_impl/ai_core/tbe/custom_transformer_impl/dynamic/dequant_situ_quant.py
DEBUG [2026-10-09 18:06:28] ./packages/vendors/custom_transformer/op_impl/ai_core/tbe/custom_transformer_impl/dynamic/dequant_swiglu_quant.py
DEBUG [2026-10-09 18:06:28] ./packages/vendors/custom_transformer/op_impl/ai_core/tbe/custom_transformer_impl/dynamic/fused_sparse_attention_overlap.py
DEBUG [2026-10-09 18:06:28] ./packages/vendors/custom_transformer/op_impl/ai_core/tbe/custom_transformer_impl/dynamic/grouped_matmul_swiglu_quant.py
DEBUG [2026-10-09 18:06:28] ./packages/vendors/custom_transformer/op_impl/ai_core/tbe/custom_transformer_impl/dynamic/grouped_matmul_swiglu_quant_v2.py
DEBUG [2026-10-09 18:06:28] ./packages/vendors/custom_transformer/op_impl/ai_core/tbe/custom_transformer_impl/dynamic/grouped_matmul_swiglu_quant_v2_apt.py
DEBUG [2026-10-09 18:06:28] ./packages/vendors/custom_transformer/op_impl/ai_core/tbe/custom_transformer_impl/dynamic/grouped_matmul_swiglu_quant_weight_nz_tensor_list.py
DEBUG [2026-10-09 18:06:28] ./packages/vendors/custom_transformer/op_impl/ai_core/tbe/custom_transformer_impl/dynamic/hc_post.py
DEBUG [2026-10-09 18:06:28] ./packages/vendors/custom_transformer/op_impl/ai_core/tbe/custom_transformer_impl/dynamic/hc_pre.py
DEBUG [2026-10-09 18:06:28] ./packages/vendors/custom_transformer/op_impl/ai_core/tbe/custom_transformer_impl/dynamic/inplace_partial_rotary_mul.py
DEBUG [2026-10-09 18:06:28] ./packages/vendors/custom_transformer/op_impl/ai_core/tbe/custom_transformer_impl/dynamic/k2q_csr_hist.py
DEBUG [2026-10-09 18:06:28] ./packages/vendors/custom_transformer/op_impl/ai_core/tbe/custom_transformer_impl/dynamic/k2q_csr_hist_apt.py
DEBUG [2026-10-09 18:06:28] ./packages/vendors/custom_transformer/op_impl/ai_core/tbe/custom_transformer_impl/dynamic/k2q_csr_meta.py
DEBUG [2026-10-09 18:06:28] ./packages/vendors/custom_transformer/op_impl/ai_core/tbe/custom_transformer_impl/dynamic/k2q_csr_meta_apt.py
DEBUG [2026-10-09 18:06:28] ./packages/vendors/custom_transformer/op_impl/ai_core/tbe/custom_transformer_impl/dynamic/k2q_csr_row_prefix.py
DEBUG [2026-10-09 18:06:28] ./packages/vendors/custom_transformer/op_impl/ai_core/tbe/custom_transformer_impl/dynamic/k2q_csr_row_prefix_apt.py
DEBUG [2026-10-09 18:06:28] ./packages/vendors/custom_transformer/op_impl/ai_core/tbe/custom_transformer_impl/dynamic/k2q_csr_scatter.py
DEBUG [2026-10-09 18:06:28] ./packages/vendors/custom_transformer/op_impl/ai_core/tbe/custom_transformer_impl/dynamic/k2q_csr_scatter_apt.py
DEBUG [2026-10-09 18:06:28] ./packages/vendors/custom_transformer/op_impl/ai_core/tbe/custom_transformer_impl/dynamic/k2q_csr_tile_prefix.py
DEBUG [2026-10-09 18:06:28] ./packages/vendors/custom_transformer/op_impl/ai_core/tbe/custom_transformer_impl/dynamic/k2q_csr_tile_prefix_apt.py
DEBUG [2026-10-09 18:06:28] ./packages/vendors/custom_transformer/op_impl/ai_core/tbe/custom_transformer_impl/dynamic/kda_gate_cumsum.py
DEBUG [2026-10-09 18:06:28] ./packages/vendors/custom_transformer/op_impl/ai_core/tbe/custom_transformer_impl/dynamic/kda_layout_swap12.py
DEBUG [2026-10-09 18:06:28] ./packages/vendors/custom_transformer/op_impl/ai_core/tbe/custom_transformer_impl/dynamic/kv_quant_sparse_flash_attention.py
DEBUG [2026-10-09 18:06:28] ./packages/vendors/custom_transformer/op_impl/ai_core/tbe/custom_transformer_impl/dynamic/lightning_indexer.py
DEBUG [2026-10-09 18:06:28] ./packages/vendors/custom_transformer/op_impl/ai_core/tbe/custom_transformer_impl/dynamic/lightning_indexer_quant.py
DEBUG [2026-10-09 18:06:28] ./packages/vendors/custom_transformer/op_impl/ai_core/tbe/custom_transformer_impl/dynamic/moe_gating_top_k.py
DEBUG [2026-10-09 18:06:28] ./packages/vendors/custom_transformer/op_impl/ai_core/tbe/custom_transformer_impl/dynamic/moe_gating_top_k_apt.py
DEBUG [2026-10-09 18:06:28] ./packages/vendors/custom_transformer/op_impl/ai_core/tbe/custom_transformer_impl/dynamic/moe_gating_top_k_hash.py
DEBUG [2026-10-09 18:06:28] ./packages/vendors/custom_transformer/op_impl/ai_core/tbe/custom_transformer_impl/dynamic/msa_index_score.py
DEBUG [2026-10-09 18:06:28] ./packages/vendors/custom_transformer/op_impl/ai_core/tbe/custom_transformer_impl/dynamic/quant_lightning_indexer_v2.py
DEBUG [2026-10-09 18:06:28] ./packages/vendors/custom_transformer/op_impl/ai_core/tbe/custom_transformer_impl/dynamic/recurrent_gated_delta_rule.py
DEBUG [2026-10-09 18:06:28] ./packages/vendors/custom_transformer/op_impl/ai_core/tbe/custom_transformer_impl/dynamic/recurrent_kda.py
DEBUG [2026-10-09 18:06:28] ./packages/vendors/custom_transformer/op_impl/ai_core/tbe/custom_transformer_impl/dynamic/rms_norm_cast.py
DEBUG [2026-10-09 18:06:28] ./packages/vendors/custom_transformer/op_impl/ai_core/tbe/custom_transformer_impl/dynamic/rms_norm_dynamic_quant.py
DEBUG [2026-10-09 18:06:28] ./packages/vendors/custom_transformer/op_impl/ai_core/tbe/custom_transformer_impl/dynamic/scatter_nd_update_sk.py
DEBUG [2026-10-09 18:06:28] ./packages/vendors/custom_transformer/op_impl/ai_core/tbe/custom_transformer_impl/dynamic/sparse_attention_score.py
DEBUG [2026-10-09 18:06:28] ./packages/vendors/custom_transformer/op_impl/ai_core/tbe/custom_transformer_impl/dynamic/sparse_attn_sharedkv.py
DEBUG [2026-10-09 18:06:28] ./packages/vendors/custom_transformer/op_impl/ai_core/tbe/custom_transformer_impl/dynamic/sparse_flash_attention.py
DEBUG [2026-10-09 18:06:28] ./packages/vendors/custom_transformer/op_impl/ai_core/tbe/custom_transformer_impl/dynamic/sparse_flash_mla.py
DEBUG [2026-10-09 18:06:28] ./packages/vendors/custom_transformer/op_impl/ai_core/tbe/custom_transformer_impl/dynamic/store_kv_block.py
DEBUG [2026-10-09 18:06:28] ./packages/vendors/custom_transformer/op_impl/ai_core/tbe/custom_transformer_impl/dynamic/transpose_kv_cache_by_block.py
DEBUG [2026-10-09 18:06:28] ./packages/vendors/custom_transformer/op_impl/ai_core/tbe/custom_transformer_impl/dynamic/vllm_quant_lightning_indexer.py
DEBUG [2026-10-09 18:06:28] ./packages/vendors/custom_transformer/op_impl/ai_core/tbe/kernel/ascend910b/add_rms_norm_bias/AddRmsNormBias_19e35017264aa50680f35d13d8badd71.json
DEBUG [2026-10-09 18:06:28] ./packages/vendors/custom_transformer/op_impl/ai_core/tbe/kernel/ascend910b/add_rms_norm_bias/AddRmsNormBias_19e35017264aa50680f35d13d8badd71.o
DEBUG [2026-10-09 18:06:28] ./packages/vendors/custom_transformer/op_impl/ai_core/tbe/kernel/ascend910b/add_rms_norm_bias/AddRmsNormBias_352d2859a07d64c080e8dfc836d9897f.json
DEBUG [2026-10-09 18:06:28] ./packages/vendors/custom_transformer/op_impl/ai_core/tbe/kernel/ascend910b/add_rms_norm_bias/AddRmsNormBias_352d2859a07d64c080e8dfc836d9897f.o
DEBUG [2026-10-09 18:06:28] ./packages/vendors/custom_transformer/op_impl/ai_core/tbe/kernel/ascend910b/add_rms_norm_bias/AddRmsNormBias_6dc9d65746f49267d3d534b1b9ba85f9.json
DEBUG [2026-10-09 18:06:28] ./packages/vendors/custom_transformer/op_impl/ai_core/tbe/kernel/ascend910b/add_rms_norm_bias/AddRmsNormBias_6dc9d65746f49267d3d534b1b9ba85f9.o
DEBUG [2026-10-09 18:06:28] ./packages/vendors/custom_transformer/op_impl/ai_core/tbe/kernel/ascend910b/causal_conv1d/CausalConv1d_15db1c32d9e3fdd2cc8be564dbc309f8.json
DEBUG [2026-10-09 18:06:28] ./packages/vendors/custom_transformer/op_impl/ai_core/tbe/kernel/ascend910b/causal_conv1d/CausalConv1d_15db1c32d9e3fdd2cc8be564dbc309f8.o
DEBUG [2026-10-09 18:06:28] ./packages/vendors/custom_transformer/op_impl/ai_core/tbe/kernel/ascend910b/causal_conv1d/CausalConv1d_a7280564d3ba44fea98d5ca869636992.json
DEBUG [2026-10-09 18:06:28] ./packages/vendors/custom_transformer/op_impl/ai_core/tbe/kernel/ascend910b/causal_conv1d/CausalConv1d_a7280564d3ba44fea98d5ca869636992.o
DEBUG [2026-10-09 18:06:28] ./packages/vendors/custom_transformer/op_impl/ai_core/tbe/kernel/ascend910b/chunk_fwd_o/ChunkFwdO_468be93dec9481966e0177cfd499986d.json
DEBUG [2026-10-09 18:06:28] ./packages/vendors/custom_transformer/op_impl/ai_core/tbe/kernel/ascend910b/chunk_fwd_o/ChunkFwdO_468be93dec9481966e0177cfd499986d.o
DEBUG [2026-10-09 18:06:28] ./packages/vendors/custom_transformer/op_impl/ai_core/tbe/kernel/ascend910b/chunk_fwd_o/ChunkFwdO_707498c78530a537f88ab9f335b99816.json
DEBUG [2026-10-09 18:06:28] ./packages/vendors/custom_transformer/op_impl/ai_core/tbe/kernel/ascend910b/chunk_fwd_o/ChunkFwdO_707498c78530a537f88ab9f335b99816.o
DEBUG [2026-10-09 18:06:28] ./packages/vendors/custom_transformer/op_impl/ai_core/tbe/kernel/ascend910b/chunk_fwd_o/ChunkFwdO_a2e54254f74a60f6f1ddea6fa0e1bf0e.json
DEBUG [2026-10-09 18:06:28] ./packages/vendors/custom_transformer/op_impl/ai_core/tbe/kernel/ascend910b/chunk_fwd_o/ChunkFwdO_a2e54254f74a60f6f1ddea6fa0e1bf0e.o
DEBUG [2026-10-09 18:06:28] ./packages/vendors/custom_transformer/op_impl/ai_core/tbe/kernel/ascend910b/chunk_fwd_o/ChunkFwdO_d4fc774159b2651ab5cc995d4a7d029b.json
DEBUG [2026-10-09 18:06:28] ./packages/vendors/custom_transformer/op_impl/ai_core/tbe/kernel/ascend910b/chunk_fwd_o/ChunkFwdO_d4fc774159b2651ab5cc995d4a7d029b.o
DEBUG [2026-10-09 18:06:28] ./packages/vendors/custom_transformer/op_impl/ai_core/tbe/kernel/ascend910b/chunk_gated_delta_rule_fwd_h/ChunkGatedDeltaRuleFwdH_1db2dd274c08d651358560a48984b109.json
DEBUG [2026-10-09 18:06:28] ./packages/vendors/custom_transformer/op_impl/ai_core/tbe/kernel/ascend910b/chunk_gated_delta_rule_fwd_h/ChunkGatedDeltaRuleFwdH_1db2dd274c08d651358560a48984b109.o
DEBUG [2026-10-09 18:06:28] ./packages/vendors/custom_transformer/op_impl/ai_core/tbe/kernel/ascend910b/chunk_gated_delta_rule_fwd_h/ChunkGatedDeltaRuleFwdH_1e8696c3afcf9dbda8cd1d73137432ea.json
DEBUG [2026-10-09 18:06:28] ./packages/vendors/custom_transformer/op_impl/ai_core/tbe/kernel/ascend910b/chunk_gated_delta_rule_fwd_h/ChunkGatedDeltaRuleFwdH_1e8696c3afcf9dbda8cd1d73137432ea.o
DEBUG [2026-10-09 18:06:28] ./packages/vendors/custom_transformer/op_impl/ai_core/tbe/kernel/ascend910b/chunk_gated_delta_rule_fwd_h/ChunkGatedDeltaRuleFwdH_8f6119798ebdaa490e434e15ea4bee83.json
DEBUG [2026-10-09 18:06:28] ./packages/vendors/custom_transformer/op_impl/ai_core/tbe/kernel/ascend910b/chunk_gated_delta_rule_fwd_h/ChunkGatedDeltaRuleFwdH_8f6119798ebdaa490e434e15ea4bee83.o
DEBUG [2026-10-09 18:06:28] ./packages/vendors/custom_transformer/op_impl/ai_core/tbe/kernel/ascend910b/chunk_gated_delta_rule_fwd_h/ChunkGatedDeltaRuleFwdH_fdae8adcc28f4fd0e323e031a6ab0c64.json
DEBUG [2026-10-09 18:06:28] ./packages/vendors/custom_transformer/op_impl/ai_core/tbe/kernel/ascend910b/chunk_gated_delta_rule_fwd_h/ChunkGatedDeltaRuleFwdH_fdae8adcc28f4fd0e323e031a6ab0c64.o
DEBUG [2026-10-09 18:06:28] ./packages/vendors/custom_transformer/op_impl/ai_core/tbe/kernel/ascend910b/chunk_kda_fwd/ChunkKdaFwd_1abcbd578c0aecb0d613ba7f77626658.json
DEBUG [2026-10-09 18:06:28] ./packages/vendors/custom_transformer/op_impl/ai_core/tbe/kernel/ascend910b/chunk_kda_fwd/ChunkKdaFwd_1abcbd578c0aecb0d613ba7f77626658.o
DEBUG [2026-10-09 18:06:28] ./packages/vendors/custom_transformer/op_impl/ai_core/tbe/kernel/ascend910b/chunk_kda_fwd/ChunkKdaFwd_3d0869ad99fc0117a05ebce5fc52f4ef.json
DEBUG [2026-10-09 18:06:28] ./packages/vendors/custom_transformer/op_impl/ai_core/tbe/kernel/ascend910b/chunk_kda_fwd/ChunkKdaFwd_3d0869ad99fc0117a05ebce5fc52f4ef.o
DEBUG [2026-10-09 18:06:28] ./packages/vendors/custom_transformer/op_impl/ai_core/tbe/kernel/ascend910b/chunk_kda_fwd/ChunkKdaFwd_5e864108d5688e456abb78f238c67b16.json
DEBUG [2026-10-09 18:06:28] ./packages/vendors/custom_transformer/op_impl/ai_core/tbe/kernel/ascend910b/chunk_kda_fwd/ChunkKdaFwd_5e864108d5688e456abb78f238c67b16.o
DEBUG [2026-10-09 18:06:28] ./packages/vendors/custom_transformer/op_impl/ai_core/tbe/kernel/ascend910b/chunk_kda_fwd/ChunkKdaFwd_ab840dfc4cfa173688cbf30179316228.json
DEBUG [2026-10-09 18:06:28] ./packages/vendors/custom_transformer/op_impl/ai_core/tbe/kernel/ascend910b/chunk_kda_fwd/ChunkKdaFwd_ab840dfc4cfa173688cbf30179316228.o
DEBUG [2026-10-09 18:06:28] ./packages/vendors/custom_transformer/op_impl/ai_core/tbe/kernel/ascend910b/chunk_kda_fwd/ChunkKdaFwd_bdc078c5221f705217d250323b8feb82.json
DEBUG [2026-10-09 18:06:28] ./packages/vendors/custom_transformer/op_impl/ai_core/tbe/kernel/ascend910b/chunk_kda_fwd/ChunkKdaFwd_bdc078c5221f705217d250323b8feb82.o
DEBUG [2026-10-09 18:06:28] ./packages/vendors/custom_transformer/op_impl/ai_core/tbe/kernel/ascend910b/chunk_kda_fwd/ChunkKdaFwd_c4ae0e35839222ca5076179abc74a4f5.json
DEBUG [2026-10-09 18:06:28] ./packages/vendors/custom_transformer/op_impl/ai_core/tbe/kernel/ascend910b/chunk_kda_fwd/ChunkKdaFwd_c4ae0e35839222ca5076179abc74a4f5.o
DEBUG [2026-10-09 18:06:28] ./packages/vendors/custom_transformer/op_impl/ai_core/tbe/kernel/ascend910b/chunk_kda_fwd/ChunkKdaFwd_ec37fa71324acfcc6979b4d975461463.json
DEBUG [2026-10-09 18:06:28] ./packages/vendors/custom_transformer/op_impl/ai_core/tbe/kernel/ascend910b/chunk_kda_fwd/ChunkKdaFwd_ec37fa71324acfcc6979b4d975461463.o
DEBUG [2026-10-09 18:06:28] ./packages/vendors/custom_transformer/op_impl/ai_core/tbe/kernel/ascend910b/chunk_kda_fwd/ChunkKdaFwd_fc61fbaf568f8d0a23b644397f403111.json
DEBUG [2026-10-09 18:06:28] ./packages/vendors/custom_transformer/op_impl/ai_core/tbe/kernel/ascend910b/chunk_kda_fwd/ChunkKdaFwd_fc61fbaf568f8d0a23b644397f403111.o
DEBUG [2026-10-09 18:06:28] ./packages/vendors/custom_transformer/op_impl/ai_core/tbe/kernel/ascend910b/compressor/Compressor_bef03b9219f6b8f43c9980287f972446.json
DEBUG [2026-10-09 18:06:28] ./packages/vendors/custom_transformer/op_impl/ai_core/tbe/kernel/ascend910b/compressor/Compressor_bef03b9219f6b8f43c9980287f972446.o
DEBUG [2026-10-09 18:06:28] ./packages/vendors/custom_transformer/op_impl/ai_core/tbe/kernel/ascend910b/compressor/Compressor_bef03b9219f6b8f43c9980287f972446_relocatable.json
DEBUG [2026-10-09 18:06:28] ./packages/vendors/custom_transformer/op_impl/ai_core/tbe/kernel/ascend910b/compressor/Compressor_bef03b9219f6b8f43c9980287f972446_relocatable.o
DEBUG [2026-10-09 18:06:28] ./packages/vendors/custom_transformer/op_impl/ai_core/tbe/kernel/ascend910b/compressor/Compressor_fee6dd135af0359268b769125398b3d2.json
DEBUG [2026-10-09 18:06:28] ./packages/vendors/custom_transformer/op_impl/ai_core/tbe/kernel/ascend910b/compressor/Compressor_fee6dd135af0359268b769125398b3d2.o
DEBUG [2026-10-09 18:06:28] ./packages/vendors/custom_transformer/op_impl/ai_core/tbe/kernel/ascend910b/compressor/Compressor_fee6dd135af0359268b769125398b3d2_relocatable.json
DEBUG [2026-10-09 18:06:28] ./packages/vendors/custom_transformer/op_impl/ai_core/tbe/kernel/ascend910b/compressor/Compressor_fee6dd135af0359268b769125398b3d2_relocatable.o
DEBUG [2026-10-09 18:06:28] ./packages/vendors/custom_transformer/op_impl/ai_core/tbe/kernel/ascend910b/compressor_metadata/CompressorMetadata_07fa79edac355883dd17d95a898804ec.json
DEBUG [2026-10-09 18:06:28] ./packages/vendors/custom_transformer/op_impl/ai_core/tbe/kernel/ascend910b/compressor_metadata/CompressorMetadata_07fa79edac355883dd17d95a898804ec.o
DEBUG [2026-10-09 18:06:28] ./packages/vendors/custom_transformer/op_impl/ai_core/tbe/kernel/ascend910b/compressor_metadata/CompressorMetadata_07fa79edac355883dd17d95a898804ec_relocatable.json
DEBUG [2026-10-09 18:06:28] ./packages/vendors/custom_transformer/op_impl/ai_core/tbe/kernel/ascend910b/compressor_metadata/CompressorMetadata_07fa79edac355883dd17d95a898804ec_relocatable.o
DEBUG [2026-10-09 18:06:28] ./packages/vendors/custom_transformer/op_impl/ai_core/tbe/kernel/ascend910b/compressor_metadata/CompressorMetadata_152c4baeee722882a4f94b479159b76c.json
DEBUG [2026-10-09 18:06:28] ./packages/vendors/custom_transformer/op_impl/ai_core/tbe/kernel/ascend910b/compressor_metadata/CompressorMetadata_152c4baeee722882a4f94b479159b76c.o
DEBUG [2026-10-09 18:06:28] ./packages/vendors/custom_transformer/op_impl/ai_core/tbe/kernel/ascend910b/compressor_metadata/CompressorMetadata_152c4baeee722882a4f94b479159b76c_relocatable.json
DEBUG [2026-10-09 18:06:28] ./packages/vendors/custom_transformer/op_impl/ai_core/tbe/kernel/ascend910b/compressor_metadata/CompressorMetadata_152c4baeee722882a4f94b479159b76c_relocatable.o
DEBUG [2026-10-09 18:06:28] ./packages/vendors/custom_transformer/op_impl/ai_core/tbe/kernel/ascend910b/compressor_metadata/CompressorMetadata_8ccf83a3be9b66d739e408b3044ff751.json
DEBUG [2026-10-09 18:06:28] ./packages/vendors/custom_transformer/op_impl/ai_core/tbe/kernel/ascend910b/compressor_metadata/CompressorMetadata_8ccf83a3be9b66d739e408b3044ff751.o
DEBUG [2026-10-09 18:06:28] ./packages/vendors/custom_transformer/op_impl/ai_core/tbe/kernel/ascend910b/compressor_metadata/CompressorMetadata_8ccf83a3be9b66d739e408b3044ff751_relocatable.json
DEBUG [2026-10-09 18:06:28] ./packages/vendors/custom_transformer/op_impl/ai_core/tbe/kernel/ascend910b/compressor_metadata/CompressorMetadata_8ccf83a3be9b66d739e408b3044ff751_relocatable.o
DEBUG [2026-10-09 18:06:28] ./packages/vendors/custom_transformer/op_impl/ai_core/tbe/kernel/ascend910b/copy_and_expand_eagle_inputs/CopyAndExpandEagleInputs_a1c7dba6692aeefe97a362e92012ea35.json
DEBUG [2026-10-09 18:06:28] ./packages/vendors/custom_transformer/op_impl/ai_core/tbe/kernel/ascend910b/copy_and_expand_eagle_inputs/CopyAndExpandEagleInputs_a1c7dba6692aeefe97a362e92012ea35.o
DEBUG [2026-10-09 18:06:28] ./packages/vendors/custom_transformer/op_impl/ai_core/tbe/kernel/ascend910b/dequant_situ_quant/DequantSituQuant_155c0b64db4933bc3ce18e0c9bfff74c.json
DEBUG [2026-10-09 18:06:28] ./packages/vendors/custom_transformer/op_impl/ai_core/tbe/kernel/ascend910b/dequant_situ_quant/DequantSituQuant_155c0b64db4933bc3ce18e0c9bfff74c.o
DEBUG [2026-10-09 18:06:28] ./packages/vendors/custom_transformer/op_impl/ai_core/tbe/kernel/ascend910b/dequant_situ_quant/DequantSituQuant_f54a4d4eacc80deb728fecc3bcdc0762.json
DEBUG [2026-10-09 18:06:28] ./packages/vendors/custom_transformer/op_impl/ai_core/tbe/kernel/ascend910b/dequant_situ_quant/DequantSituQuant_f54a4d4eacc80deb728fecc3bcdc0762.o
DEBUG [2026-10-09 18:06:28] ./packages/vendors/custom_transformer/op_impl/ai_core/tbe/kernel/ascend910b/dequant_swiglu_quant/DequantSwigluQuant_09bf79eebc60865b3c4944b2b4fa3e16.json
DEBUG [2026-10-09 18:06:28] ./packages/vendors/custom_transformer/op_impl/ai_core/tbe/kernel/ascend910b/dequant_swiglu_quant/DequantSwigluQuant_09bf79eebc60865b3c4944b2b4fa3e16.o
DEBUG [2026-10-09 18:06:28] ./packages/vendors/custom_transformer/op_impl/ai_core/tbe/kernel/ascend910b/dequant_swiglu_quant/DequantSwigluQuant_5aec45b26e36306ef5a8aab7ae151294.json
DEBUG [2026-10-09 18:06:28] ./packages/vendors/custom_transformer/op_impl/ai_core/tbe/kernel/ascend910b/dequant_swiglu_quant/DequantSwigluQuant_5aec45b26e36306ef5a8aab7ae151294.o
DEBUG [2026-10-09 18:06:28] ./packages/vendors/custom_transformer/op_impl/ai_core/tbe/kernel/ascend910b/dequant_swiglu_quant/DequantSwigluQuant_dfb791658a1095653daca5bf33e5c5a8.json
DEBUG [2026-10-09 18:06:28] ./packages/vendors/custom_transformer/op_impl/ai_core/tbe/kernel/ascend910b/dequant_swiglu_quant/DequantSwigluQuant_dfb791658a1095653daca5bf33e5c5a8.o
DEBUG [2026-10-09 18:06:28] ./packages/vendors/custom_transformer/op_impl/ai_core/tbe/kernel/ascend910b/fused_sparse_attention_overlap/FusedSparseAttentionOverlap_82695d653a5081bdf3df3c52d13c93cc.json
DEBUG [2026-10-09 18:06:28] ./packages/vendors/custom_transformer/op_impl/ai_core/tbe/kernel/ascend910b/fused_sparse_attention_overlap/FusedSparseAttentionOverlap_82695d653a5081bdf3df3c52d13c93cc.o
DEBUG [2026-10-09 18:06:28] ./packages/vendors/custom_transformer/op_impl/ai_core/tbe/kernel/ascend910b/fused_sparse_attention_overlap/FusedSparseAttentionOverlap_db78dcf7c26b3f74e32ae2011c633e9a.json
DEBUG [2026-10-09 18:06:28] ./packages/vendors/custom_transformer/op_impl/ai_core/tbe/kernel/ascend910b/fused_sparse_attention_overlap/FusedSparseAttentionOverlap_db78dcf7c26b3f74e32ae2011c633e9a.o
DEBUG [2026-10-09 18:06:28] ./packages/vendors/custom_transformer/op_impl/ai_core/tbe/kernel/ascend910b/grouped_matmul_swiglu_quant/GroupedMatmulSwigluQuant_15ff717a8eb3523c8bc096cdb5f5f6f2.json
DEBUG [2026-10-09 18:06:28] ./packages/vendors/custom_transformer/op_impl/ai_core/tbe/kernel/ascend910b/grouped_matmul_swiglu_quant/GroupedMatmulSwigluQuant_15ff717a8eb3523c8bc096cdb5f5f6f2.o
DEBUG [2026-10-09 18:06:28] ./packages/vendors/custom_transformer/op_impl/ai_core/tbe/kernel/ascend910b/grouped_matmul_swiglu_quant/GroupedMatmulSwigluQuant_2d40d3cceaa71c6a5dee680a6edfb0f0.json
DEBUG [2026-10-09 18:06:28] ./packages/vendors/custom_transformer/op_impl/ai_core/tbe/kernel/ascend910b/grouped_matmul_swiglu_quant/GroupedMatmulSwigluQuant_2d40d3cceaa71c6a5dee680a6edfb0f0.o
DEBUG [2026-10-09 18:06:28] ./packages/vendors/custom_transformer/op_impl/ai_core/tbe/kernel/ascend910b/grouped_matmul_swiglu_quant/GroupedMatmulSwigluQuant_3f52a669596f24fb2397ef3a50fe6b81.json
DEBUG [2026-10-09 18:06:28] ./packages/vendors/custom_transformer/op_impl/ai_core/tbe/kernel/ascend910b/grouped_matmul_swiglu_quant/GroupedMatmulSwigluQuant_3f52a669596f24fb2397ef3a50fe6b81.o
DEBUG [2026-10-09 18:06:28] ./packages/vendors/custom_transformer/op_impl/ai_core/tbe/kernel/ascend910b/grouped_matmul_swiglu_quant/GroupedMatmulSwigluQuant_47bb47ee8c58c20098408d49a085403b.json
DEBUG [2026-10-09 18:06:28] ./packages/vendors/custom_transformer/op_impl/ai_core/tbe/kernel/ascend910b/grouped_matmul_swiglu_quant/GroupedMatmulSwigluQuant_47bb47ee8c58c20098408d49a085403b.o
DEBUG [2026-10-09 18:06:28] ./packages/vendors/custom_transformer/op_impl/ai_core/tbe/kernel/ascend910b/grouped_matmul_swiglu_quant/GroupedMatmulSwigluQuant_7e6c538cc23e894c1aa1f9249f370d8f.json
DEBUG [2026-10-09 18:06:28] ./packages/vendors/custom_transformer/op_impl/ai_core/tbe/kernel/ascend910b/grouped_matmul_swiglu_quant/GroupedMatmulSwigluQuant_7e6c538cc23e894c1aa1f9249f370d8f.o
DEBUG [2026-10-09 18:06:28] ./packages/vendors/custom_transformer/op_impl/ai_core/tbe/kernel/ascend910b/grouped_matmul_swiglu_quant_v2/GroupedMatmulSwigluQuantV2_05bce43839b9668f79eae747781916ce.json
DEBUG [2026-10-09 18:06:28] ./packages/vendors/custom_transformer/op_impl/ai_core/tbe/kernel/ascend910b/grouped_matmul_swiglu_quant_v2/GroupedMatmulSwigluQuantV2_05bce43839b9668f79eae747781916ce.o
DEBUG [2026-10-09 18:06:28] ./packages/vendors/custom_transformer/op_impl/ai_core/tbe/kernel/ascend910b/grouped_matmul_swiglu_quant_v2/GroupedMatmulSwigluQuantV2_1fb9c50aafc2c5d1995ebe9c37504195.json
DEBUG [2026-10-09 18:06:28] ./packages/vendors/custom_transformer/op_impl/ai_core/tbe/kernel/ascend910b/grouped_matmul_swiglu_quant_v2/GroupedMatmulSwigluQuantV2_1fb9c50aafc2c5d1995ebe9c37504195.o
DEBUG [2026-10-09 18:06:28] ./packages/vendors/custom_transformer/op_impl/ai_core/tbe/kernel/ascend910b/grouped_matmul_swiglu_quant_v2/GroupedMatmulSwigluQuantV2_2df98c64d3c1eec72a45b339e9d64480.json
DEBUG [2026-10-09 18:06:28] ./packages/vendors/custom_transformer/op_impl/ai_core/tbe/kernel/ascend910b/grouped_matmul_swiglu_quant_v2/GroupedMatmulSwigluQuantV2_2df98c64d3c1eec72a45b339e9d64480.o
DEBUG [2026-10-09 18:06:28] ./packages/vendors/custom_transformer/op_impl/ai_core/tbe/kernel/ascend910b/grouped_matmul_swiglu_quant_v2/GroupedMatmulSwigluQuantV2_9c59f840d4e5c7d23212a04659ad060d.json
DEBUG [2026-10-09 18:06:28] ./packages/vendors/custom_transformer/op_impl/ai_core/tbe/kernel/ascend910b/grouped_matmul_swiglu_quant_v2/GroupedMatmulSwigluQuantV2_9c59f840d4e5c7d23212a04659ad060d.o
DEBUG [2026-10-09 18:06:28] ./packages/vendors/custom_transformer/op_impl/ai_core/tbe/kernel/ascend910b/grouped_matmul_swiglu_quant_v2/GroupedMatmulSwigluQuantV2_a6b1e5f1163e9d3a18177420ab649e87.json
DEBUG [2026-10-09 18:06:28] ./packages/vendors/custom_transformer/op_impl/ai_core/tbe/kernel/ascend910b/grouped_matmul_swiglu_quant_v2/GroupedMatmulSwigluQuantV2_a6b1e5f1163e9d3a18177420ab649e87.o
DEBUG [2026-10-09 18:06:28] ./packages/vendors/custom_transformer/op_impl/ai_core/tbe/kernel/ascend910b/grouped_matmul_swiglu_quant_v2/GroupedMatmulSwigluQuantV2_ad8b7035042860380f60ef7afd0d2076.json
DEBUG [2026-10-09 18:06:28] ./packages/vendors/custom_transformer/op_impl/ai_core/tbe/kernel/ascend910b/grouped_matmul_swiglu_quant_v2/GroupedMatmulSwigluQuantV2_ad8b7035042860380f60ef7afd0d2076.o
DEBUG [2026-10-09 18:06:28] ./packages/vendors/custom_transformer/op_impl/ai_core/tbe/kernel/ascend910b/grouped_matmul_swiglu_quant_v2/GroupedMatmulSwigluQuantV2_fa3d6d3de6e1f32e170e39d2ddd3a20e.json
DEBUG [2026-10-09 18:06:28] ./packages/vendors/custom_transformer/op_impl/ai_core/tbe/kernel/ascend910b/grouped_matmul_swiglu_quant_v2/GroupedMatmulSwigluQuantV2_fa3d6d3de6e1f32e170e39d2ddd3a20e.o
DEBUG [2026-10-09 18:06:28] ./packages/vendors/custom_transformer/op_impl/ai_core/tbe/kernel/ascend910b/grouped_matmul_swiglu_quant_weight_nz_tensor_list/GroupedMatmulSwigluQuantWeightNzTensorList_23493d8faa76b305119fa7efb609f40f.json
DEBUG [2026-10-09 18:06:28] ./packages/vendors/custom_transformer/op_impl/ai_core/tbe/kernel/ascend910b/grouped_matmul_swiglu_quant_weight_nz_tensor_list/GroupedMatmulSwigluQuantWeightNzTensorList_23493d8faa76b305119fa7efb609f40f.o
DEBUG [2026-10-09 18:06:28] ./packages/vendors/custom_transformer/op_impl/ai_core/tbe/kernel/ascend910b/grouped_matmul_swiglu_quant_weight_nz_tensor_list/GroupedMatmulSwigluQuantWeightNzTensorList_3192847a5b300d42c55aec4fda067b21.json
DEBUG [2026-10-09 18:06:28] ./packages/vendors/custom_transformer/op_impl/ai_core/tbe/kernel/ascend910b/grouped_matmul_swiglu_quant_weight_nz_tensor_list/GroupedMatmulSwigluQuantWeightNzTensorList_3192847a5b300d42c55aec4fda067b21.o
DEBUG [2026-10-09 18:06:28] ./packages/vendors/custom_transformer/op_impl/ai_core/tbe/kernel/ascend910b/grouped_matmul_swiglu_quant_weight_nz_tensor_list/GroupedMatmulSwigluQuantWeightNzTensorList_db8e5a830b9da97ada83041bd606f1fd.json
DEBUG [2026-10-09 18:06:28] ./packages/vendors/custom_transformer/op_impl/ai_core/tbe/kernel/ascend910b/grouped_matmul_swiglu_quant_weight_nz_tensor_list/GroupedMatmulSwigluQuantWeightNzTensorList_db8e5a830b9da97ada83041bd606f1fd.o
DEBUG [2026-10-09 18:06:28] ./packages/vendors/custom_transformer/op_impl/ai_core/tbe/kernel/ascend910b/hc_post/HcPost_2e5303ac4dede76effa18248fd20ec57.json
DEBUG [2026-10-09 18:06:28] ./packages/vendors/custom_transformer/op_impl/ai_core/tbe/kernel/ascend910b/hc_post/HcPost_2e5303ac4dede76effa18248fd20ec57.o
DEBUG [2026-10-09 18:06:28] ./packages/vendors/custom_transformer/op_impl/ai_core/tbe/kernel/ascend910b/hc_post/HcPost_2e5303ac4dede76effa18248fd20ec57_relocatable.json
DEBUG [2026-10-09 18:06:28] ./packages/vendors/custom_transformer/op_impl/ai_core/tbe/kernel/ascend910b/hc_post/HcPost_2e5303ac4dede76effa18248fd20ec57_relocatable.o
DEBUG [2026-10-09 18:06:28] ./packages/vendors/custom_transformer/op_impl/ai_core/tbe/kernel/ascend910b/hc_post/HcPost_be2dcafbf0c8af390bf57177141bf669.json
DEBUG [2026-10-09 18:06:28] ./packages/vendors/custom_transformer/op_impl/ai_core/tbe/kernel/ascend910b/hc_post/HcPost_be2dcafbf0c8af390bf57177141bf669.o
DEBUG [2026-10-09 18:06:28] ./packages/vendors/custom_transformer/op_impl/ai_core/tbe/kernel/ascend910b/hc_post/HcPost_be2dcafbf0c8af390bf57177141bf669_relocatable.json
DEBUG [2026-10-09 18:06:28] ./packages/vendors/custom_transformer/op_impl/ai_core/tbe/kernel/ascend910b/hc_post/HcPost_be2dcafbf0c8af390bf57177141bf669_relocatable.o
DEBUG [2026-10-09 18:06:28] ./packages/vendors/custom_transformer/op_impl/ai_core/tbe/kernel/ascend910b/hc_post/HcPost_d2fe6614722b27afa6f8d964c215447e.json
DEBUG [2026-10-09 18:06:28] ./packages/vendors/custom_transformer/op_impl/ai_core/tbe/kernel/ascend910b/hc_post/HcPost_d2fe6614722b27afa6f8d964c215447e.o
DEBUG [2026-10-09 18:06:28] ./packages/vendors/custom_transformer/op_impl/ai_core/tbe/kernel/ascend910b/hc_post/HcPost_d2fe6614722b27afa6f8d964c215447e_relocatable.json
DEBUG [2026-10-09 18:06:28] ./packages/vendors/custom_transformer/op_impl/ai_core/tbe/kernel/ascend910b/hc_post/HcPost_d2fe6614722b27afa6f8d964c215447e_relocatable.o
DEBUG [2026-10-09 18:06:28] ./packages/vendors/custom_transformer/op_impl/ai_core/tbe/kernel/ascend910b/hc_post/HcPost_d7d8f653fdae4af65c2dc961400185bd.json
DEBUG [2026-10-09 18:06:28] ./packages/vendors/custom_transformer/op_impl/ai_core/tbe/kernel/ascend910b/hc_post/HcPost_d7d8f653fdae4af65c2dc961400185bd.o
DEBUG [2026-10-09 18:06:28] ./packages/vendors/custom_transformer/op_impl/ai_core/tbe/kernel/ascend910b/hc_post/HcPost_d7d8f653fdae4af65c2dc961400185bd_relocatable.json
DEBUG [2026-10-09 18:06:28] ./packages/vendors/custom_transformer/op_impl/ai_core/tbe/kernel/ascend910b/hc_post/HcPost_d7d8f653fdae4af65c2dc961400185bd_relocatable.o
DEBUG [2026-10-09 18:06:28] ./packages/vendors/custom_transformer/op_impl/ai_core/tbe/kernel/ascend910b/hc_post/HcPost_d980ed89966470aa6bbdc62419309139.json
DEBUG [2026-10-09 18:06:28] ./packages/vendors/custom_transformer/op_impl/ai_core/tbe/kernel/ascend910b/hc_post/HcPost_d980ed89966470aa6bbdc62419309139.o
DEBUG [2026-10-09 18:06:28] ./packages/vendors/custom_transformer/op_impl/ai_core/tbe/kernel/ascend910b/hc_post/HcPost_d980ed89966470aa6bbdc62419309139_relocatable.json
DEBUG [2026-10-09 18:06:28] ./packages/vendors/custom_transformer/op_impl/ai_core/tbe/kernel/ascend910b/hc_post/HcPost_d980ed89966470aa6bbdc62419309139_relocatable.o
DEBUG [2026-10-09 18:06:28] ./packages/vendors/custom_transformer/op_impl/ai_core/tbe/kernel/ascend910b/hc_post/HcPost_dffc3b13070cacc52a1006b48c22063b.json
DEBUG [2026-10-09 18:06:28] ./packages/vendors/custom_transformer/op_impl/ai_core/tbe/kernel/ascend910b/hc_post/HcPost_dffc3b13070cacc52a1006b48c22063b.o
DEBUG [2026-10-09 18:06:28] ./packages/vendors/custom_transformer/op_impl/ai_core/tbe/kernel/ascend910b/hc_post/HcPost_dffc3b13070cacc52a1006b48c22063b_relocatable.json
DEBUG [2026-10-09 18:06:28] ./packages/vendors/custom_transformer/op_impl/ai_core/tbe/kernel/ascend910b/hc_post/HcPost_dffc3b13070cacc52a1006b48c22063b_relocatable.o
DEBUG [2026-10-09 18:06:28] ./packages/vendors/custom_transformer/op_impl/ai_core/tbe/kernel/ascend910b/hc_post/HcPost_e2220bcfb1da2706e99e1c9e5e9ab203.json
DEBUG [2026-10-09 18:06:28] ./packages/vendors/custom_transformer/op_impl/ai_core/tbe/kernel/ascend910b/hc_post/HcPost_e2220bcfb1da2706e99e1c9e5e9ab203.o
DEBUG [2026-10-09 18:06:28] ./packages/vendors/custom_transformer/op_impl/ai_core/tbe/kernel/ascend910b/hc_post/HcPost_e2220bcfb1da2706e99e1c9e5e9ab203_relocatable.json
DEBUG [2026-10-09 18:06:28] ./packages/vendors/custom_transformer/op_impl/ai_core/tbe/kernel/ascend910b/hc_post/HcPost_e2220bcfb1da2706e99e1c9e5e9ab203_relocatable.o
DEBUG [2026-10-09 18:06:28] ./packages/vendors/custom_transformer/op_impl/ai_core/tbe/kernel/ascend910b/hc_post/HcPost_e4c4ea08fc7875f3275751adc399868d.json
DEBUG [2026-10-09 18:06:28] ./packages/vendors/custom_transformer/op_impl/ai_core/tbe/kernel/ascend910b/hc_post/HcPost_e4c4ea08fc7875f3275751adc399868d.o
DEBUG [2026-10-09 18:06:28] ./packages/vendors/custom_transformer/op_impl/ai_core/tbe/kernel/ascend910b/hc_post/HcPost_e4c4ea08fc7875f3275751adc399868d_relocatable.json
DEBUG [2026-10-09 18:06:28] ./packages/vendors/custom_transformer/op_impl/ai_core/tbe/kernel/ascend910b/hc_post/HcPost_e4c4ea08fc7875f3275751adc399868d_relocatable.o
DEBUG [2026-10-09 18:06:28] ./packages/vendors/custom_transformer/op_impl/ai_core/tbe/kernel/ascend910b/hc_post/HcPost_f8d6568802bb9bf815c79fd66277cb55.json
DEBUG [2026-10-09 18:06:28] ./packages/vendors/custom_transformer/op_impl/ai_core/tbe/kernel/ascend910b/hc_post/HcPost_f8d6568802bb9bf815c79fd66277cb55.o
DEBUG [2026-10-09 18:06:28] ./packages/vendors/custom_transformer/op_impl/ai_core/tbe/kernel/ascend910b/hc_post/HcPost_f8d6568802bb9bf815c79fd66277cb55_relocatable.json
DEBUG [2026-10-09 18:06:28] ./packages/vendors/custom_transformer/op_impl/ai_core/tbe/kernel/ascend910b/hc_post/HcPost_f8d6568802bb9bf815c79fd66277cb55_relocatable.o
DEBUG [2026-10-09 18:06:28] ./packages/vendors/custom_transformer/op_impl/ai_core/tbe/kernel/ascend910b/hc_pre/HcPre_6c9f0fa710253eff38b1c0e6be6a67be.json
DEBUG [2026-10-09 18:06:28] ./packages/vendors/custom_transformer/op_impl/ai_core/tbe/kernel/ascend910b/hc_pre/HcPre_6c9f0fa710253eff38b1c0e6be6a67be.o
DEBUG [2026-10-09 18:06:28] ./packages/vendors/custom_transformer/op_impl/ai_core/tbe/kernel/ascend910b/hc_pre/HcPre_6c9f0fa710253eff38b1c0e6be6a67be_relocatable.json
DEBUG [2026-10-09 18:06:28] ./packages/vendors/custom_transformer/op_impl/ai_core/tbe/kernel/ascend910b/hc_pre/HcPre_6c9f0fa710253eff38b1c0e6be6a67be_relocatable.o
DEBUG [2026-10-09 18:06:28] ./packages/vendors/custom_transformer/op_impl/ai_core/tbe/kernel/ascend910b/inplace_partial_rotary_mul/InplacePartialRotaryMul_1c4c3bc715e522ab90c93fa051e157f4.json
DEBUG [2026-10-09 18:06:28] ./packages/vendors/custom_transformer/op_impl/ai_core/tbe/kernel/ascend910b/inplace_partial_rotary_mul/InplacePartialRotaryMul_1c4c3bc715e522ab90c93fa051e157f4.o
DEBUG [2026-10-09 18:06:28] ./packages/vendors/custom_transformer/op_impl/ai_core/tbe/kernel/ascend910b/inplace_partial_rotary_mul/InplacePartialRotaryMul_1c4c3bc715e522ab90c93fa051e157f4_relocatable.json
DEBUG [2026-10-09 18:06:28] ./packages/vendors/custom_transformer/op_impl/ai_core/tbe/kernel/ascend910b/inplace_partial_rotary_mul/InplacePartialRotaryMul_1c4c3bc715e522ab90c93fa051e157f4_relocatable.o
DEBUG [2026-10-09 18:06:28] ./packages/vendors/custom_transformer/op_impl/ai_core/tbe/kernel/ascend910b/inplace_partial_rotary_mul/InplacePartialRotaryMul_2bb7d05817b635f94e59fb2a6a4c619a.json
DEBUG [2026-10-09 18:06:28] ./packages/vendors/custom_transformer/op_impl/ai_core/tbe/kernel/ascend910b/inplace_partial_rotary_mul/InplacePartialRotaryMul_2bb7d05817b635f94e59fb2a6a4c619a.o
DEBUG [2026-10-09 18:06:28] ./packages/vendors/custom_transformer/op_impl/ai_core/tbe/kernel/ascend910b/inplace_partial_rotary_mul/InplacePartialRotaryMul_2bb7d05817b635f94e59fb2a6a4c619a_relocatable.json
DEBUG [2026-10-09 18:06:28] ./packages/vendors/custom_transformer/op_impl/ai_core/tbe/kernel/ascend910b/inplace_partial_rotary_mul/InplacePartialRotaryMul_2bb7d05817b635f94e59fb2a6a4c619a_relocatable.o
DEBUG [2026-10-09 18:06:28] ./packages/vendors/custom_transformer/op_impl/ai_core/tbe/kernel/ascend910b/inplace_partial_rotary_mul/InplacePartialRotaryMul_6cdd57ddc96e0b884623c08b477a860f.json
DEBUG [2026-10-09 18:06:28] ./packages/vendors/custom_transformer/op_impl/ai_core/tbe/kernel/ascend910b/inplace_partial_rotary_mul/InplacePartialRotaryMul_6cdd57ddc96e0b884623c08b477a860f.o
DEBUG [2026-10-09 18:06:28] ./packages/vendors/custom_transformer/op_impl/ai_core/tbe/kernel/ascend910b/inplace_partial_rotary_mul/InplacePartialRotaryMul_6cdd57ddc96e0b884623c08b477a860f_relocatable.json
DEBUG [2026-10-09 18:06:28] ./packages/vendors/custom_transformer/op_impl/ai_core/tbe/kernel/ascend910b/inplace_partial_rotary_mul/InplacePartialRotaryMul_6cdd57ddc96e0b884623c08b477a860f_relocatable.o
DEBUG [2026-10-09 18:06:28] ./packages/vendors/custom_transformer/op_impl/ai_core/tbe/kernel/ascend910b/inplace_partial_rotary_mul/InplacePartialRotaryMul_73c3c808e7858d9e55e4bd7c83795952.json
DEBUG [2026-10-09 18:06:28] ./packages/vendors/custom_transformer/op_impl/ai_core/tbe/kernel/ascend910b/inplace_partial_rotary_mul/InplacePartialRotaryMul_73c3c808e7858d9e55e4bd7c83795952.o
DEBUG [2026-10-09 18:06:28] ./packages/vendors/custom_transformer/op_impl/ai_core/tbe/kernel/ascend910b/inplace_partial_rotary_mul/InplacePartialRotaryMul_73c3c808e7858d9e55e4bd7c83795952_relocatable.json
DEBUG [2026-10-09 18:06:28] ./packages/vendors/custom_transformer/op_impl/ai_core/tbe/kernel/ascend910b/inplace_partial_rotary_mul/InplacePartialRotaryMul_73c3c808e7858d9e55e4bd7c83795952_relocatable.o
DEBUG [2026-10-09 18:06:28] ./packages/vendors/custom_transformer/op_impl/ai_core/tbe/kernel/ascend910b/inplace_partial_rotary_mul/InplacePartialRotaryMul_76beaf4fb204e1cd357937a02cee4faf.json
DEBUG [2026-10-09 18:06:28] ./packages/vendors/custom_transformer/op_impl/ai_core/tbe/kernel/ascend910b/inplace_partial_rotary_mul/InplacePartialRotaryMul_76beaf4fb204e1cd357937a02cee4faf.o
DEBUG [2026-10-09 18:06:28] ./packages/vendors/custom_transformer/op_impl/ai_core/tbe/kernel/ascend910b/inplace_partial_rotary_mul/InplacePartialRotaryMul_76beaf4fb204e1cd357937a02cee4faf_relocatable.json
DEBUG [2026-10-09 18:06:28] ./packages/vendors/custom_transformer/op_impl/ai_core/tbe/kernel/ascend910b/inplace_partial_rotary_mul/InplacePartialRotaryMul_76beaf4fb204e1cd357937a02cee4faf_relocatable.o
DEBUG [2026-10-09 18:06:28] ./packages/vendors/custom_transformer/op_impl/ai_core/tbe/kernel/ascend910b/k2q_csr_hist/K2qCsrHist_dfd8419b1e0e08d80d24f73e3ce9e0f8.json
DEBUG [2026-10-09 18:06:28] ./packages/vendors/custom_transformer/op_impl/ai_core/tbe/kernel/ascend910b/k2q_csr_hist/K2qCsrHist_dfd8419b1e0e08d80d24f73e3ce9e0f8.o
DEBUG [2026-10-09 18:06:28] ./packages/vendors/custom_transformer/op_impl/ai_core/tbe/kernel/ascend910b/k2q_csr_meta/K2qCsrMeta_a244802d61acb4a4cb052b8eb01d1d0f.json
DEBUG [2026-10-09 18:06:28] ./packages/vendors/custom_transformer/op_impl/ai_core/tbe/kernel/ascend910b/k2q_csr_meta/K2qCsrMeta_a244802d61acb4a4cb052b8eb01d1d0f.o
DEBUG [2026-10-09 18:06:28] ./packages/vendors/custom_transformer/op_impl/ai_core/tbe/kernel/ascend910b/k2q_csr_row_prefix/K2qCsrRowPrefix_a4861e10541be14cc1e79f84c3a0215c.json
DEBUG [2026-10-09 18:06:28] ./packages/vendors/custom_transformer/op_impl/ai_core/tbe/kernel/ascend910b/k2q_csr_row_prefix/K2qCsrRowPrefix_a4861e10541be14cc1e79f84c3a0215c.o
DEBUG [2026-10-09 18:06:28] ./packages/vendors/custom_transformer/op_impl/ai_core/tbe/kernel/ascend910b/k2q_csr_scatter/K2qCsrScatter_74330bc29358b5921b14b1acc00c50b0.json
DEBUG [2026-10-09 18:06:28] ./packages/vendors/custom_transformer/op_impl/ai_core/tbe/kernel/ascend910b/k2q_csr_scatter/K2qCsrScatter_74330bc29358b5921b14b1acc00c50b0.o
DEBUG [2026-10-09 18:06:28] ./packages/vendors/custom_transformer/op_impl/ai_core/tbe/kernel/ascend910b/k2q_csr_tile_prefix/K2qCsrTilePrefix_dfe2675b91d552a17b3a927ff9428742.json
DEBUG [2026-10-09 18:06:28] ./packages/vendors/custom_transformer/op_impl/ai_core/tbe/kernel/ascend910b/k2q_csr_tile_prefix/K2qCsrTilePrefix_dfe2675b91d552a17b3a927ff9428742.o
DEBUG [2026-10-09 18:06:28] ./packages/vendors/custom_transformer/op_impl/ai_core/tbe/kernel/ascend910b/kda_gate_cumsum/KdaGateCumsum_0fa9c709b216bbd9a8d3a852b71ca8b8.json
DEBUG [2026-10-09 18:06:28] ./packages/vendors/custom_transformer/op_impl/ai_core/tbe/kernel/ascend910b/kda_gate_cumsum/KdaGateCumsum_0fa9c709b216bbd9a8d3a852b71ca8b8.o
DEBUG [2026-10-09 18:06:28] ./packages/vendors/custom_transformer/op_impl/ai_core/tbe/kernel/ascend910b/kda_gate_cumsum/KdaGateCumsum_83cc8ffcc378968a030520810a98813c.json
DEBUG [2026-10-09 18:06:28] ./packages/vendors/custom_transformer/op_impl/ai_core/tbe/kernel/ascend910b/kda_gate_cumsum/KdaGateCumsum_83cc8ffcc378968a030520810a98813c.o
DEBUG [2026-10-09 18:06:28] ./packages/vendors/custom_transformer/op_impl/ai_core/tbe/kernel/ascend910b/kda_gate_cumsum/KdaGateCumsum_cac005a47bb97287f1d2ef6c90c224ba.json
DEBUG [2026-10-09 18:06:28] ./packages/vendors/custom_transformer/op_impl/ai_core/tbe/kernel/ascend910b/kda_gate_cumsum/KdaGateCumsum_cac005a47bb97287f1d2ef6c90c224ba.o
DEBUG [2026-10-09 18:06:28] ./packages/vendors/custom_transformer/op_impl/ai_core/tbe/kernel/ascend910b/kda_layout_swap12/KdaLayoutSwap12_8d5c2eba0a13d06acfab778790ffa218.json
DEBUG [2026-10-09 18:06:28] ./packages/vendors/custom_transformer/op_impl/ai_core/tbe/kernel/ascend910b/kda_layout_swap12/KdaLayoutSwap12_8d5c2eba0a13d06acfab778790ffa218.o
DEBUG [2026-10-09 18:06:28] ./packages/vendors/custom_transformer/op_impl/ai_core/tbe/kernel/ascend910b/kda_layout_swap12/KdaLayoutSwap12_97be89aea58bae36c32ba0016b2c335b.json
DEBUG [2026-10-09 18:06:28] ./packages/vendors/custom_transformer/op_impl/ai_core/tbe/kernel/ascend910b/kda_layout_swap12/KdaLayoutSwap12_97be89aea58bae36c32ba0016b2c335b.o
DEBUG [2026-10-09 18:06:28] ./packages/vendors/custom_transformer/op_impl/ai_core/tbe/kernel/ascend910b/kda_layout_swap12/KdaLayoutSwap12_ec0d507e8e2950215dc76a4f36e2320f.json
DEBUG [2026-10-09 18:06:28] ./packages/vendors/custom_transformer/op_impl/ai_core/tbe/kernel/ascend910b/kda_layout_swap12/KdaLayoutSwap12_ec0d507e8e2950215dc76a4f36e2320f.o
DEBUG [2026-10-09 18:06:28] ./packages/vendors/custom_transformer/op_impl/ai_core/tbe/kernel/ascend910b/kv_quant_sparse_flash_attention/KvQuantSparseFlashAttention_26792e88a11d10cede99fb52f262ed98.json
DEBUG [2026-10-09 18:06:28] ./packages/vendors/custom_transformer/op_impl/ai_core/tbe/kernel/ascend910b/kv_quant_sparse_flash_attention/KvQuantSparseFlashAttention_26792e88a11d10cede99fb52f262ed98.o
DEBUG [2026-10-09 18:06:28] ./packages/vendors/custom_transformer/op_impl/ai_core/tbe/kernel/ascend910b/kv_quant_sparse_flash_attention/KvQuantSparseFlashAttention_5ff1755f091a633249bbee112c2319d0.json
DEBUG [2026-10-09 18:06:28] ./packages/vendors/custom_transformer/op_impl/ai_core/tbe/kernel/ascend910b/kv_quant_sparse_flash_attention/KvQuantSparseFlashAttention_5ff1755f091a633249bbee112c2319d0.o
DEBUG [2026-10-09 18:06:28] ./packages/vendors/custom_transformer/op_impl/ai_core/tbe/kernel/ascend910b/lightning_indexer/LightningIndexer_0704142c0a98b377b01b6ebed9643a0c.json
DEBUG [2026-10-09 18:06:28] ./packages/vendors/custom_transformer/op_impl/ai_core/tbe/kernel/ascend910b/lightning_indexer/LightningIndexer_0704142c0a98b377b01b6ebed9643a0c.o
DEBUG [2026-10-09 18:06:28] ./packages/vendors/custom_transformer/op_impl/ai_core/tbe/kernel/ascend910b/lightning_indexer/LightningIndexer_2517851d7f53b28f971ff94bfa4b7037.json
DEBUG [2026-10-09 18:06:28] ./packages/vendors/custom_transformer/op_impl/ai_core/tbe/kernel/ascend910b/lightning_indexer/LightningIndexer_2517851d7f53b28f971ff94bfa4b7037.o
DEBUG [2026-10-09 18:06:28] ./packages/vendors/custom_transformer/op_impl/ai_core/tbe/kernel/ascend910b/lightning_indexer/LightningIndexer_468c104183baa47aac33ce774c8668e0.json
DEBUG [2026-10-09 18:06:28] ./packages/vendors/custom_transformer/op_impl/ai_core/tbe/kernel/ascend910b/lightning_indexer/LightningIndexer_468c104183baa47aac33ce774c8668e0.o
DEBUG [2026-10-09 18:06:28] ./packages/vendors/custom_transformer/op_impl/ai_core/tbe/kernel/ascend910b/lightning_indexer/LightningIndexer_5e74d4b002cc3d030158f0e18362672c.json
DEBUG [2026-10-09 18:06:28] ./packages/vendors/custom_transformer/op_impl/ai_core/tbe/kernel/ascend910b/lightning_indexer/LightningIndexer_5e74d4b002cc3d030158f0e18362672c.o
DEBUG [2026-10-09 18:06:28] ./packages/vendors/custom_transformer/op_impl/ai_core/tbe/kernel/ascend910b/lightning_indexer_quant/LightningIndexerQuant_b983416e9c1ab662b1023da974d989c1.json
DEBUG [2026-10-09 18:06:28] ./packages/vendors/custom_transformer/op_impl/ai_core/tbe/kernel/ascend910b/lightning_indexer_quant/LightningIndexerQuant_b983416e9c1ab662b1023da974d989c1.o
DEBUG [2026-10-09 18:06:28] ./packages/vendors/custom_transformer/op_impl/ai_core/tbe/kernel/ascend910b/lightning_indexer_quant/LightningIndexerQuant_b983416e9c1ab662b1023da974d989c1_relocatable.json
DEBUG [2026-10-09 18:06:28] ./packages/vendors/custom_transformer/op_impl/ai_core/tbe/kernel/ascend910b/lightning_indexer_quant/LightningIndexerQuant_b983416e9c1ab662b1023da974d989c1_relocatable.o
DEBUG [2026-10-09 18:06:28] ./packages/vendors/custom_transformer/op_impl/ai_core/tbe/kernel/ascend910b/moe_gating_top_k/MoeGatingTopK_600198027c25530951785e436a150069.json
DEBUG [2026-10-09 18:06:28] ./packages/vendors/custom_transformer/op_impl/ai_core/tbe/kernel/ascend910b/moe_gating_top_k/MoeGatingTopK_600198027c25530951785e436a150069.o
DEBUG [2026-10-09 18:06:28] ./packages/vendors/custom_transformer/op_impl/ai_core/tbe/kernel/ascend910b/moe_gating_top_k/MoeGatingTopK_81369a2fa0455f39b5d19d432d261f57.json
DEBUG [2026-10-09 18:06:28] ./packages/vendors/custom_transformer/op_impl/ai_core/tbe/kernel/ascend910b/moe_gating_top_k/MoeGatingTopK_81369a2fa0455f39b5d19d432d261f57.o
DEBUG [2026-10-09 18:06:28] ./packages/vendors/custom_transformer/op_impl/ai_core/tbe/kernel/ascend910b/moe_gating_top_k/MoeGatingTopK_85043434be9263d9775e83ed1918b0a1.json
DEBUG [2026-10-09 18:06:28] ./packages/vendors/custom_transformer/op_impl/ai_core/tbe/kernel/ascend910b/moe_gating_top_k/MoeGatingTopK_85043434be9263d9775e83ed1918b0a1.o
DEBUG [2026-10-09 18:06:28] ./packages/vendors/custom_transformer/op_impl/ai_core/tbe/kernel/ascend910b/moe_gating_top_k_hash/MoeGatingTopKHash_3ae0571f6cf92ebdba8121e33be4ea60.json
DEBUG [2026-10-09 18:06:28] ./packages/vendors/custom_transformer/op_impl/ai_core/tbe/kernel/ascend910b/moe_gating_top_k_hash/MoeGatingTopKHash_3ae0571f6cf92ebdba8121e33be4ea60.o
DEBUG [2026-10-09 18:06:28] ./packages/vendors/custom_transformer/op_impl/ai_core/tbe/kernel/ascend910b/moe_gating_top_k_hash/MoeGatingTopKHash_3ae0571f6cf92ebdba8121e33be4ea60_relocatable.json
DEBUG [2026-10-09 18:06:28] ./packages/vendors/custom_transformer/op_impl/ai_core/tbe/kernel/ascend910b/moe_gating_top_k_hash/MoeGatingTopKHash_3ae0571f6cf92ebdba8121e33be4ea60_relocatable.o
DEBUG [2026-10-09 18:06:28] ./packages/vendors/custom_transformer/op_impl/ai_core/tbe/kernel/ascend910b/moe_gating_top_k_hash/MoeGatingTopKHash_84810d9a12f03db59eeda174f506e44c.json
DEBUG [2026-10-09 18:06:28] ./packages/vendors/custom_transformer/op_impl/ai_core/tbe/kernel/ascend910b/moe_gating_top_k_hash/MoeGatingTopKHash_84810d9a12f03db59eeda174f506e44c.o
DEBUG [2026-10-09 18:06:28] ./packages/vendors/custom_transformer/op_impl/ai_core/tbe/kernel/ascend910b/moe_gating_top_k_hash/MoeGatingTopKHash_84810d9a12f03db59eeda174f506e44c_relocatable.json
DEBUG [2026-10-09 18:06:28] ./packages/vendors/custom_transformer/op_impl/ai_core/tbe/kernel/ascend910b/moe_gating_top_k_hash/MoeGatingTopKHash_84810d9a12f03db59eeda174f506e44c_relocatable.o
DEBUG [2026-10-09 18:06:28] ./packages/vendors/custom_transformer/op_impl/ai_core/tbe/kernel/ascend910b/moe_gating_top_k_hash/MoeGatingTopKHash_ebb45e9247541c3b3dd263a375153a44.json
DEBUG [2026-10-09 18:06:28] ./packages/vendors/custom_transformer/op_impl/ai_core/tbe/kernel/ascend910b/moe_gating_top_k_hash/MoeGatingTopKHash_ebb45e9247541c3b3dd263a375153a44.o
DEBUG [2026-10-09 18:06:28] ./packages/vendors/custom_transformer/op_impl/ai_core/tbe/kernel/ascend910b/moe_gating_top_k_hash/MoeGatingTopKHash_ebb45e9247541c3b3dd263a375153a44_relocatable.json
DEBUG [2026-10-09 18:06:28] ./packages/vendors/custom_transformer/op_impl/ai_core/tbe/kernel/ascend910b/moe_gating_top_k_hash/MoeGatingTopKHash_ebb45e9247541c3b3dd263a375153a44_relocatable.o
DEBUG [2026-10-09 18:06:28] ./packages/vendors/custom_transformer/op_impl/ai_core/tbe/kernel/ascend910b/msa_index_score/MsaIndexScore_566200a6704847940dfa05309c51e1b7.json
DEBUG [2026-10-09 18:06:28] ./packages/vendors/custom_transformer/op_impl/ai_core/tbe/kernel/ascend910b/msa_index_score/MsaIndexScore_566200a6704847940dfa05309c51e1b7.o
DEBUG [2026-10-09 18:06:28] ./packages/vendors/custom_transformer/op_impl/ai_core/tbe/kernel/ascend910b/msa_index_score/MsaIndexScore_75b7932863d2f403a7174e562710c3ac.json
DEBUG [2026-10-09 18:06:28] ./packages/vendors/custom_transformer/op_impl/ai_core/tbe/kernel/ascend910b/msa_index_score/MsaIndexScore_75b7932863d2f403a7174e562710c3ac.o
DEBUG [2026-10-09 18:06:28] ./packages/vendors/custom_transformer/op_impl/ai_core/tbe/kernel/ascend910b/msa_index_score/MsaIndexScore_f4e2f380a9c13216d1fa02046f7cee77.json
DEBUG [2026-10-09 18:06:28] ./packages/vendors/custom_transformer/op_impl/ai_core/tbe/kernel/ascend910b/msa_index_score/MsaIndexScore_f4e2f380a9c13216d1fa02046f7cee77.o
DEBUG [2026-10-09 18:06:28] ./packages/vendors/custom_transformer/op_impl/ai_core/tbe/kernel/ascend910b/quant_lightning_indexer_v2/QuantLightningIndexerV2_d5667199443ac0ec0b8cdaf3f8ed4a83.json
DEBUG [2026-10-09 18:06:28] ./packages/vendors/custom_transformer/op_impl/ai_core/tbe/kernel/ascend910b/quant_lightning_indexer_v2/QuantLightningIndexerV2_d5667199443ac0ec0b8cdaf3f8ed4a83.o
DEBUG [2026-10-09 18:06:28] ./packages/vendors/custom_transformer/op_impl/ai_core/tbe/kernel/ascend910b/recurrent_gated_delta_rule/RecurrentGatedDeltaRule_37ef20e52a126f008ab9edfe51ac2143.json
DEBUG [2026-10-09 18:06:28] ./packages/vendors/custom_transformer/op_impl/ai_core/tbe/kernel/ascend910b/recurrent_gated_delta_rule/RecurrentGatedDeltaRule_37ef20e52a126f008ab9edfe51ac2143.o
DEBUG [2026-10-09 18:06:28] ./packages/vendors/custom_transformer/op_impl/ai_core/tbe/kernel/ascend910b/recurrent_gated_delta_rule/RecurrentGatedDeltaRule_85669048de2f4ae7785fd8d81b12f70b.json
DEBUG [2026-10-09 18:06:28] ./packages/vendors/custom_transformer/op_impl/ai_core/tbe/kernel/ascend910b/recurrent_gated_delta_rule/RecurrentGatedDeltaRule_85669048de2f4ae7785fd8d81b12f70b.o
DEBUG [2026-10-09 18:06:28] ./packages/vendors/custom_transformer/op_impl/ai_core/tbe/kernel/ascend910b/recurrent_kda/RecurrentKda_007735893896bf6fcd584a3368261504.json
DEBUG [2026-10-09 18:06:28] ./packages/vendors/custom_transformer/op_impl/ai_core/tbe/kernel/ascend910b/recurrent_kda/RecurrentKda_007735893896bf6fcd584a3368261504.o
DEBUG [2026-10-09 18:06:28] ./packages/vendors/custom_transformer/op_impl/ai_core/tbe/kernel/ascend910b/recurrent_kda/RecurrentKda_0186767c72512a2472671e777d0deaa1.json
DEBUG [2026-10-09 18:06:28] ./packages/vendors/custom_transformer/op_impl/ai_core/tbe/kernel/ascend910b/recurrent_kda/RecurrentKda_0186767c72512a2472671e777d0deaa1.o
DEBUG [2026-10-09 18:06:28] ./packages/vendors/custom_transformer/op_impl/ai_core/tbe/kernel/ascend910b/recurrent_kda/RecurrentKda_06bba6860f70bfd6aa54df1d4ed1928e.json
DEBUG [2026-10-09 18:06:28] ./packages/vendors/custom_transformer/op_impl/ai_core/tbe/kernel/ascend910b/recurrent_kda/RecurrentKda_06bba6860f70bfd6aa54df1d4ed1928e.o
DEBUG [2026-10-09 18:06:28] ./packages/vendors/custom_transformer/op_impl/ai_core/tbe/kernel/ascend910b/recurrent_kda/RecurrentKda_0ae944da6550eb7249d4a88fa18154ed.json
DEBUG [2026-10-09 18:06:28] ./packages/vendors/custom_transformer/op_impl/ai_core/tbe/kernel/ascend910b/recurrent_kda/RecurrentKda_0ae944da6550eb7249d4a88fa18154ed.o
DEBUG [2026-10-09 18:06:28] ./packages/vendors/custom_transformer/op_impl/ai_core/tbe/kernel/ascend910b/recurrent_kda/RecurrentKda_0d664cc551c476e0826821201856653c.json
DEBUG [2026-10-09 18:06:28] ./packages/vendors/custom_transformer/op_impl/ai_core/tbe/kernel/ascend910b/recurrent_kda/RecurrentKda_0d664cc551c476e0826821201856653c.o
DEBUG [2026-10-09 18:06:28] ./packages/vendors/custom_transformer/op_impl/ai_core/tbe/kernel/ascend910b/recurrent_kda/RecurrentKda_0df854f6a4ff151bc791bef274e55eed.json
DEBUG [2026-10-09 18:06:28] ./packages/vendors/custom_transformer/op_impl/ai_core/tbe/kernel/ascend910b/recurrent_kda/RecurrentKda_0df854f6a4ff151bc791bef274e55eed.o
DEBUG [2026-10-09 18:06:28] ./packages/vendors/custom_transformer/op_impl/ai_core/tbe/kernel/ascend910b/recurrent_kda/RecurrentKda_112ba6059b0577bc3d6dcc774c71c90f.json
DEBUG [2026-10-09 18:06:28] ./packages/vendors/custom_transformer/op_impl/ai_core/tbe/kernel/ascend910b/recurrent_kda/RecurrentKda_112ba6059b0577bc3d6dcc774c71c90f.o
DEBUG [2026-10-09 18:06:28] ./packages/vendors/custom_transformer/op_impl/ai_core/tbe/kernel/ascend910b/recurrent_kda/RecurrentKda_1431a2d33329974648d06131d5e19e52.json
DEBUG [2026-10-09 18:06:28] ./packages/vendors/custom_transformer/op_impl/ai_core/tbe/kernel/ascend910b/recurrent_kda/RecurrentKda_1431a2d33329974648d06131d5e19e52.o
DEBUG [2026-10-09 18:06:28] ./packages/vendors/custom_transformer/op_impl/ai_core/tbe/kernel/ascend910b/recurrent_kda/RecurrentKda_1ac9a791ca2957b2fe0a2e96909b5782.json
DEBUG [2026-10-09 18:06:28] ./packages/vendors/custom_transformer/op_impl/ai_core/tbe/kernel/ascend910b/recurrent_kda/RecurrentKda_1ac9a791ca2957b2fe0a2e96909b5782.o
DEBUG [2026-10-09 18:06:28] ./packages/vendors/custom_transformer/op_impl/ai_core/tbe/kernel/ascend910b/recurrent_kda/RecurrentKda_214a547d8c6627c9163f2ffa3d26cbdb.json
DEBUG [2026-10-09 18:06:28] ./packages/vendors/custom_transformer/op_impl/ai_core/tbe/kernel/ascend910b/recurrent_kda/RecurrentKda_214a547d8c6627c9163f2ffa3d26cbdb.o
DEBUG [2026-10-09 18:06:28] ./packages/vendors/custom_transformer/op_impl/ai_core/tbe/kernel/ascend910b/recurrent_kda/RecurrentKda_214b26418898fbb025bcd37251c558bf.json
DEBUG [2026-10-09 18:06:28] ./packages/vendors/custom_transformer/op_impl/ai_core/tbe/kernel/ascend910b/recurrent_kda/RecurrentKda_214b26418898fbb025bcd37251c558bf.o
DEBUG [2026-10-09 18:06:28] ./packages/vendors/custom_transformer/op_impl/ai_core/tbe/kernel/ascend910b/recurrent_kda/RecurrentKda_222b24e6589a368251d9d3169232a9c5.json
DEBUG [2026-10-09 18:06:28] ./packages/vendors/custom_transformer/op_impl/ai_core/tbe/kernel/ascend910b/recurrent_kda/RecurrentKda_222b24e6589a368251d9d3169232a9c5.o
DEBUG [2026-10-09 18:06:28] ./packages/vendors/custom_transformer/op_impl/ai_core/tbe/kernel/ascend910b/recurrent_kda/RecurrentKda_223c8af9bd6cdb5d8305d40311bf29d4.json
DEBUG [2026-10-09 18:06:28] ./packages/vendors/custom_transformer/op_impl/ai_core/tbe/kernel/ascend910b/recurrent_kda/RecurrentKda_223c8af9bd6cdb5d8305d40311bf29d4.o
DEBUG [2026-10-09 18:06:28] ./packages/vendors/custom_transformer/op_impl/ai_core/tbe/kernel/ascend910b/recurrent_kda/RecurrentKda_391fb9d74c67d5004e4de7d6202822a0.json
DEBUG [2026-10-09 18:06:28] ./packages/vendors/custom_transformer/op_impl/ai_core/tbe/kernel/ascend910b/recurrent_kda/RecurrentKda_391fb9d74c67d5004e4de7d6202822a0.o
DEBUG [2026-10-09 18:06:28] ./packages/vendors/custom_transformer/op_impl/ai_core/tbe/kernel/ascend910b/recurrent_kda/RecurrentKda_39c9711de2ad40a711eadea0630c8a75.json
DEBUG [2026-10-09 18:06:28] ./packages/vendors/custom_transformer/op_impl/ai_core/tbe/kernel/ascend910b/recurrent_kda/RecurrentKda_39c9711de2ad40a711eadea0630c8a75.o
DEBUG [2026-10-09 18:06:28] ./packages/vendors/custom_transformer/op_impl/ai_core/tbe/kernel/ascend910b/recurrent_kda/RecurrentKda_3bb06fd7d2cc22fab843c522cacffb51.json
DEBUG [2026-10-09 18:06:28] ./packages/vendors/custom_transformer/op_impl/ai_core/tbe/kernel/ascend910b/recurrent_kda/RecurrentKda_3bb06fd7d2cc22fab843c522cacffb51.o
DEBUG [2026-10-09 18:06:28] ./packages/vendors/custom_transformer/op_impl/ai_core/tbe/kernel/ascend910b/recurrent_kda/RecurrentKda_3ca8f19de7ac97fb57325a27b7ba06de.json
DEBUG [2026-10-09 18:06:28] ./packages/vendors/custom_transformer/op_impl/ai_core/tbe/kernel/ascend910b/recurrent_kda/RecurrentKda_3ca8f19de7ac97fb57325a27b7ba06de.o
DEBUG [2026-10-09 18:06:28] ./packages/vendors/custom_transformer/op_impl/ai_core/tbe/kernel/ascend910b/recurrent_kda/RecurrentKda_3cefe87adadca503415e75bbe725e4dc.json
DEBUG [2026-10-09 18:06:28] ./packages/vendors/custom_transformer/op_impl/ai_core/tbe/kernel/ascend910b/recurrent_kda/RecurrentKda_3cefe87adadca503415e75bbe725e4dc.o
DEBUG [2026-10-09 18:06:28] ./packages/vendors/custom_transformer/op_impl/ai_core/tbe/kernel/ascend910b/recurrent_kda/RecurrentKda_3e5964311dcbcdf36c11654308c265aa.json
DEBUG [2026-10-09 18:06:28] ./packages/vendors/custom_transformer/op_impl/ai_core/tbe/kernel/ascend910b/recurrent_kda/RecurrentKda_3e5964311dcbcdf36c11654308c265aa.o
DEBUG [2026-10-09 18:06:28] ./packages/vendors/custom_transformer/op_impl/ai_core/tbe/kernel/ascend910b/recurrent_kda/RecurrentKda_458a0aaa571d621a42556df2ee3e7933.json
DEBUG [2026-10-09 18:06:28] ./packages/vendors/custom_transformer/op_impl/ai_core/tbe/kernel/ascend910b/recurrent_kda/RecurrentKda_458a0aaa571d621a42556df2ee3e7933.o
DEBUG [2026-10-09 18:06:28] ./packages/vendors/custom_transformer/op_impl/ai_core/tbe/kernel/ascend910b/recurrent_kda/RecurrentKda_45aec18df411a35fecd809c6c0f017fc.json
DEBUG [2026-10-09 18:06:28] ./packages/vendors/custom_transformer/op_impl/ai_core/tbe/kernel/ascend910b/recurrent_kda/RecurrentKda_45aec18df411a35fecd809c6c0f017fc.o
DEBUG [2026-10-09 18:06:28] ./packages/vendors/custom_transformer/op_impl/ai_core/tbe/kernel/ascend910b/recurrent_kda/RecurrentKda_45fe99cea63cd8a0bc1860a2ee442142.json
DEBUG [2026-10-09 18:06:28] ./packages/vendors/custom_transformer/op_impl/ai_core/tbe/kernel/ascend910b/recurrent_kda/RecurrentKda_45fe99cea63cd8a0bc1860a2ee442142.o
DEBUG [2026-10-09 18:06:28] ./packages/vendors/custom_transformer/op_impl/ai_core/tbe/kernel/ascend910b/recurrent_kda/RecurrentKda_484ea1fa752f6eab80268166dbc546c8.json
DEBUG [2026-10-09 18:06:28] ./packages/vendors/custom_transformer/op_impl/ai_core/tbe/kernel/ascend910b/recurrent_kda/RecurrentKda_484ea1fa752f6eab80268166dbc546c8.o
DEBUG [2026-10-09 18:06:28] ./packages/vendors/custom_transformer/op_impl/ai_core/tbe/kernel/ascend910b/recurrent_kda/RecurrentKda_4a9aaa2c36af2f40f1f6d99feb462a5a.json
DEBUG [2026-10-09 18:06:28] ./packages/vendors/custom_transformer/op_impl/ai_core/tbe/kernel/ascend910b/recurrent_kda/RecurrentKda_4a9aaa2c36af2f40f1f6d99feb462a5a.o
DEBUG [2026-10-09 18:06:28] ./packages/vendors/custom_transformer/op_impl/ai_core/tbe/kernel/ascend910b/recurrent_kda/RecurrentKda_54b8f25cfe97e9ef20235e206c64c84b.json
DEBUG [2026-10-09 18:06:28] ./packages/vendors/custom_transformer/op_impl/ai_core/tbe/kernel/ascend910b/recurrent_kda/RecurrentKda_54b8f25cfe97e9ef20235e206c64c84b.o
DEBUG [2026-10-09 18:06:28] ./packages/vendors/custom_transformer/op_impl/ai_core/tbe/kernel/ascend910b/recurrent_kda/RecurrentKda_59c3e32e3a40bfa6f60cde8bfa20ba20.json
DEBUG [2026-10-09 18:06:28] ./packages/vendors/custom_transformer/op_impl/ai_core/tbe/kernel/ascend910b/recurrent_kda/RecurrentKda_59c3e32e3a40bfa6f60cde8bfa20ba20.o
DEBUG [2026-10-09 18:06:28] ./packages/vendors/custom_transformer/op_impl/ai_core/tbe/kernel/ascend910b/recurrent_kda/RecurrentKda_5f95831b5c2de4aca8d9e541903eb4d5.json
DEBUG [2026-10-09 18:06:28] ./packages/vendors/custom_transformer/op_impl/ai_core/tbe/kernel/ascend910b/recurrent_kda/RecurrentKda_5f95831b5c2de4aca8d9e541903eb4d5.o
DEBUG [2026-10-09 18:06:28] ./packages/vendors/custom_transformer/op_impl/ai_core/tbe/kernel/ascend910b/recurrent_kda/RecurrentKda_60c0069b2e2564f8dd41ded18fe2d271.json
DEBUG [2026-10-09 18:06:28] ./packages/vendors/custom_transformer/op_impl/ai_core/tbe/kernel/ascend910b/recurrent_kda/RecurrentKda_60c0069b2e2564f8dd41ded18fe2d271.o
DEBUG [2026-10-09 18:06:28] ./packages/vendors/custom_transformer/op_impl/ai_core/tbe/kernel/ascend910b/recurrent_kda/RecurrentKda_64203904f43f5fd64dfa7e42df8f03eb.json
DEBUG [2026-10-09 18:06:28] ./packages/vendors/custom_transformer/op_impl/ai_core/tbe/kernel/ascend910b/recurrent_kda/RecurrentKda_64203904f43f5fd64dfa7e42df8f03eb.o
DEBUG [2026-10-09 18:06:28] ./packages/vendors/custom_transformer/op_impl/ai_core/tbe/kernel/ascend910b/recurrent_kda/RecurrentKda_651e0f1ad81798413b590dcc85740487.json
DEBUG [2026-10-09 18:06:28] ./packages/vendors/custom_transformer/op_impl/ai_core/tbe/kernel/ascend910b/recurrent_kda/RecurrentKda_651e0f1ad81798413b590dcc85740487.o
DEBUG [2026-10-09 18:06:28] ./packages/vendors/custom_transformer/op_impl/ai_core/tbe/kernel/ascend910b/recurrent_kda/RecurrentKda_66cc944118a98dd25f2dca556e96cca5.json
DEBUG [2026-10-09 18:06:28] ./packages/vendors/custom_transformer/op_impl/ai_core/tbe/kernel/ascend910b/recurrent_kda/RecurrentKda_66cc944118a98dd25f2dca556e96cca5.o
DEBUG [2026-10-09 18:06:28] ./packages/vendors/custom_transformer/op_impl/ai_core/tbe/kernel/ascend910b/recurrent_kda/RecurrentKda_6925e59befef45a47a7bcb9ac6111267.json
DEBUG [2026-10-09 18:06:28] ./packages/vendors/custom_transformer/op_impl/ai_core/tbe/kernel/ascend910b/recurrent_kda/RecurrentKda_6925e59befef45a47a7bcb9ac6111267.o
DEBUG [2026-10-09 18:06:28] ./packages/vendors/custom_transformer/op_impl/ai_core/tbe/kernel/ascend910b/recurrent_kda/RecurrentKda_6e494a624b70a32b68b0c2e46d81e734.json
DEBUG [2026-10-09 18:06:28] ./packages/vendors/custom_transformer/op_impl/ai_core/tbe/kernel/ascend910b/recurrent_kda/RecurrentKda_6e494a624b70a32b68b0c2e46d81e734.o
DEBUG [2026-10-09 18:06:28] ./packages/vendors/custom_transformer/op_impl/ai_core/tbe/kernel/ascend910b/recurrent_kda/RecurrentKda_6e85f5e6fec771fc0983fff6887b2aa4.json
DEBUG [2026-10-09 18:06:28] ./packages/vendors/custom_transformer/op_impl/ai_core/tbe/kernel/ascend910b/recurrent_kda/RecurrentKda_6e85f5e6fec771fc0983fff6887b2aa4.o
DEBUG [2026-10-09 18:06:28] ./packages/vendors/custom_transformer/op_impl/ai_core/tbe/kernel/ascend910b/recurrent_kda/RecurrentKda_72f39dda8dcbfc58ff9300637f2424db.json
DEBUG [2026-10-09 18:06:28] ./packages/vendors/custom_transformer/op_impl/ai_core/tbe/kernel/ascend910b/recurrent_kda/RecurrentKda_72f39dda8dcbfc58ff9300637f2424db.o
DEBUG [2026-10-09 18:06:28] ./packages/vendors/custom_transformer/op_impl/ai_core/tbe/kernel/ascend910b/recurrent_kda/RecurrentKda_733ae6fd863356c29ae12100cd4bd308.json
DEBUG [2026-10-09 18:06:28] ./packages/vendors/custom_transformer/op_impl/ai_core/tbe/kernel/ascend910b/recurrent_kda/RecurrentKda_733ae6fd863356c29ae12100cd4bd308.o
DEBUG [2026-10-09 18:06:28] ./packages/vendors/custom_transformer/op_impl/ai_core/tbe/kernel/ascend910b/recurrent_kda/RecurrentKda_74969b94c6c9924d4b71f6222792fd76.json
DEBUG [2026-10-09 18:06:28] ./packages/vendors/custom_transformer/op_impl/ai_core/tbe/kernel/ascend910b/recurrent_kda/RecurrentKda_74969b94c6c9924d4b71f6222792fd76.o
DEBUG [2026-10-09 18:06:28] ./packages/vendors/custom_transformer/op_impl/ai_core/tbe/kernel/ascend910b/recurrent_kda/RecurrentKda_76c1bdcfe4ce190f92b1f03268cba26c.json
DEBUG [2026-10-09 18:06:28] ./packages/vendors/custom_transformer/op_impl/ai_core/tbe/kernel/ascend910b/recurrent_kda/RecurrentKda_76c1bdcfe4ce190f92b1f03268cba26c.o
DEBUG [2026-10-09 18:06:28] ./packages/vendors/custom_transformer/op_impl/ai_core/tbe/kernel/ascend910b/recurrent_kda/RecurrentKda_7a8215a5f077f5424a6c0978fae7c917.json
DEBUG [2026-10-09 18:06:28] ./packages/vendors/custom_transformer/op_impl/ai_core/tbe/kernel/ascend910b/recurrent_kda/RecurrentKda_7a8215a5f077f5424a6c0978fae7c917.o
DEBUG [2026-10-09 18:06:28] ./packages/vendors/custom_transformer/op_impl/ai_core/tbe/kernel/ascend910b/recurrent_kda/RecurrentKda_82fa0996db9126015ea8d4dd801787b4.json
DEBUG [2026-10-09 18:06:28] ./packages/vendors/custom_transformer/op_impl/ai_core/tbe/kernel/ascend910b/recurrent_kda/RecurrentKda_82fa0996db9126015ea8d4dd801787b4.o
DEBUG [2026-10-09 18:06:28] ./packages/vendors/custom_transformer/op_impl/ai_core/tbe/kernel/ascend910b/recurrent_kda/RecurrentKda_8322909eb702b59ce5e735cdec3a49d4.json
DEBUG [2026-10-09 18:06:28] ./packages/vendors/custom_transformer/op_impl/ai_core/tbe/kernel/ascend910b/recurrent_kda/RecurrentKda_8322909eb702b59ce5e735cdec3a49d4.o
DEBUG [2026-10-09 18:06:28] ./packages/vendors/custom_transformer/op_impl/ai_core/tbe/kernel/ascend910b/recurrent_kda/RecurrentKda_8483d039825df8d4ff1a719c648351c4.json
DEBUG [2026-10-09 18:06:28] ./packages/vendors/custom_transformer/op_impl/ai_core/tbe/kernel/ascend910b/recurrent_kda/RecurrentKda_8483d039825df8d4ff1a719c648351c4.o
DEBUG [2026-10-09 18:06:28] ./packages/vendors/custom_transformer/op_impl/ai_core/tbe/kernel/ascend910b/recurrent_kda/RecurrentKda_8955974fe1ebc9139bee08da96e4b9bf.json
DEBUG [2026-10-09 18:06:28] ./packages/vendors/custom_transformer/op_impl/ai_core/tbe/kernel/ascend910b/recurrent_kda/RecurrentKda_8955974fe1ebc9139bee08da96e4b9bf.o
DEBUG [2026-10-09 18:06:28] ./packages/vendors/custom_transformer/op_impl/ai_core/tbe/kernel/ascend910b/recurrent_kda/RecurrentKda_8c463f17d100d088e129b53a35ed4be3.json
DEBUG [2026-10-09 18:06:28] ./packages/vendors/custom_transformer/op_impl/ai_core/tbe/kernel/ascend910b/recurrent_kda/RecurrentKda_8c463f17d100d088e129b53a35ed4be3.o
DEBUG [2026-10-09 18:06:28] ./packages/vendors/custom_transformer/op_impl/ai_core/tbe/kernel/ascend910b/recurrent_kda/RecurrentKda_8ca0cf5f4b4df0cb538b6816ceac321a.json
DEBUG [2026-10-09 18:06:28] ./packages/vendors/custom_transformer/op_impl/ai_core/tbe/kernel/ascend910b/recurrent_kda/RecurrentKda_8ca0cf5f4b4df0cb538b6816ceac321a.o
DEBUG [2026-10-09 18:06:28] ./packages/vendors/custom_transformer/op_impl/ai_core/tbe/kernel/ascend910b/recurrent_kda/RecurrentKda_8e4da7e753a56a93b6569bc31f9fcca2.json
DEBUG [2026-10-09 18:06:28] ./packages/vendors/custom_transformer/op_impl/ai_core/tbe/kernel/ascend910b/recurrent_kda/RecurrentKda_8e4da7e753a56a93b6569bc31f9fcca2.o
DEBUG [2026-10-09 18:06:28] ./packages/vendors/custom_transformer/op_impl/ai_core/tbe/kernel/ascend910b/recurrent_kda/RecurrentKda_90691ae97dd5de6c71a26a1d6021f097.json
DEBUG [2026-10-09 18:06:28] ./packages/vendors/custom_transformer/op_impl/ai_core/tbe/kernel/ascend910b/recurrent_kda/RecurrentKda_90691ae97dd5de6c71a26a1d6021f097.o
DEBUG [2026-10-09 18:06:28] ./packages/vendors/custom_transformer/op_impl/ai_core/tbe/kernel/ascend910b/recurrent_kda/RecurrentKda_9b8da84a3045629d15f519a39ab23a43.json
DEBUG [2026-10-09 18:06:28] ./packages/vendors/custom_transformer/op_impl/ai_core/tbe/kernel/ascend910b/recurrent_kda/RecurrentKda_9b8da84a3045629d15f519a39ab23a43.o
DEBUG [2026-10-09 18:06:28] ./packages/vendors/custom_transformer/op_impl/ai_core/tbe/kernel/ascend910b/recurrent_kda/RecurrentKda_9cd90613e36f87f7db8a1ded7e3411d8.json
DEBUG [2026-10-09 18:06:28] ./packages/vendors/custom_transformer/op_impl/ai_core/tbe/kernel/ascend910b/recurrent_kda/RecurrentKda_9cd90613e36f87f7db8a1ded7e3411d8.o
DEBUG [2026-10-09 18:06:28] ./packages/vendors/custom_transformer/op_impl/ai_core/tbe/kernel/ascend910b/recurrent_kda/RecurrentKda_a5d6f4a4fcd62840b0eae9f9a5ba034b.json
DEBUG [2026-10-09 18:06:28] ./packages/vendors/custom_transformer/op_impl/ai_core/tbe/kernel/ascend910b/recurrent_kda/RecurrentKda_a5d6f4a4fcd62840b0eae9f9a5ba034b.o
DEBUG [2026-10-09 18:06:28] ./packages/vendors/custom_transformer/op_impl/ai_core/tbe/kernel/ascend910b/recurrent_kda/RecurrentKda_a854900f0f6aadced05e80c6717f80cf.json
DEBUG [2026-10-09 18:06:28] ./packages/vendors/custom_transformer/op_impl/ai_core/tbe/kernel/ascend910b/recurrent_kda/RecurrentKda_a854900f0f6aadced05e80c6717f80cf.o
DEBUG [2026-10-09 18:06:28] ./packages/vendors/custom_transformer/op_impl/ai_core/tbe/kernel/ascend910b/recurrent_kda/RecurrentKda_a8d6800109efa839724cdca5d236c0f0.json
DEBUG [2026-10-09 18:06:28] ./packages/vendors/custom_transformer/op_impl/ai_core/tbe/kernel/ascend910b/recurrent_kda/RecurrentKda_a8d6800109efa839724cdca5d236c0f0.o
DEBUG [2026-10-09 18:06:28] ./packages/vendors/custom_transformer/op_impl/ai_core/tbe/kernel/ascend910b/recurrent_kda/RecurrentKda_ac50a4ca4a34fcd0a99ee185d11b23d7.json
DEBUG [2026-10-09 18:06:28] ./packages/vendors/custom_transformer/op_impl/ai_core/tbe/kernel/ascend910b/recurrent_kda/RecurrentKda_ac50a4ca4a34fcd0a99ee185d11b23d7.o
DEBUG [2026-10-09 18:06:28] ./packages/vendors/custom_transformer/op_impl/ai_core/tbe/kernel/ascend910b/recurrent_kda/RecurrentKda_ae5cf5a3be4d685eeed12f28b9c4c3ef.json
DEBUG [2026-10-09 18:06:28] ./packages/vendors/custom_transformer/op_impl/ai_core/tbe/kernel/ascend910b/recurrent_kda/RecurrentKda_ae5cf5a3be4d685eeed12f28b9c4c3ef.o
DEBUG [2026-10-09 18:06:28] ./packages/vendors/custom_transformer/op_impl/ai_core/tbe/kernel/ascend910b/recurrent_kda/RecurrentKda_b8a9cd528e007e9044e41fe775c0e202.json
DEBUG [2026-10-09 18:06:28] ./packages/vendors/custom_transformer/op_impl/ai_core/tbe/kernel/ascend910b/recurrent_kda/RecurrentKda_b8a9cd528e007e9044e41fe775c0e202.o
DEBUG [2026-10-09 18:06:28] ./packages/vendors/custom_transformer/op_impl/ai_core/tbe/kernel/ascend910b/recurrent_kda/RecurrentKda_bc39ad5c9670d31b1fca8b4841d07eb3.json
DEBUG [2026-10-09 18:06:28] ./packages/vendors/custom_transformer/op_impl/ai_core/tbe/kernel/ascend910b/recurrent_kda/RecurrentKda_bc39ad5c9670d31b1fca8b4841d07eb3.o
DEBUG [2026-10-09 18:06:28] ./packages/vendors/custom_transformer/op_impl/ai_core/tbe/kernel/ascend910b/recurrent_kda/RecurrentKda_be3103abb881f79423b8e2012c9bf133.json
DEBUG [2026-10-09 18:06:28] ./packages/vendors/custom_transformer/op_impl/ai_core/tbe/kernel/ascend910b/recurrent_kda/RecurrentKda_be3103abb881f79423b8e2012c9bf133.o
DEBUG [2026-10-09 18:06:28] ./packages/vendors/custom_transformer/op_impl/ai_core/tbe/kernel/ascend910b/recurrent_kda/RecurrentKda_c13171d2b218ef0f28a1f5dfaddc470b.json
DEBUG [2026-10-09 18:06:28] ./packages/vendors/custom_transformer/op_impl/ai_core/tbe/kernel/ascend910b/recurrent_kda/RecurrentKda_c13171d2b218ef0f28a1f5dfaddc470b.o
DEBUG [2026-10-09 18:06:28] ./packages/vendors/custom_transformer/op_impl/ai_core/tbe/kernel/ascend910b/recurrent_kda/RecurrentKda_c26b8e69090c95a04ab208747f3f30a5.json
DEBUG [2026-10-09 18:06:28] ./packages/vendors/custom_transformer/op_impl/ai_core/tbe/kernel/ascend910b/recurrent_kda/RecurrentKda_c26b8e69090c95a04ab208747f3f30a5.o
DEBUG [2026-10-09 18:06:28] ./packages/vendors/custom_transformer/op_impl/ai_core/tbe/kernel/ascend910b/recurrent_kda/RecurrentKda_c30c4546ad7443bc1f26f9dc7609a4c8.json
DEBUG [2026-10-09 18:06:28] ./packages/vendors/custom_transformer/op_impl/ai_core/tbe/kernel/ascend910b/recurrent_kda/RecurrentKda_c30c4546ad7443bc1f26f9dc7609a4c8.o
DEBUG [2026-10-09 18:06:28] ./packages/vendors/custom_transformer/op_impl/ai_core/tbe/kernel/ascend910b/recurrent_kda/RecurrentKda_c6dbc9c1a531a5fe5075ac02c5ab3925.json
DEBUG [2026-10-09 18:06:28] ./packages/vendors/custom_transformer/op_impl/ai_core/tbe/kernel/ascend910b/recurrent_kda/RecurrentKda_c6dbc9c1a531a5fe5075ac02c5ab3925.o
DEBUG [2026-10-09 18:06:28] ./packages/vendors/custom_transformer/op_impl/ai_core/tbe/kernel/ascend910b/recurrent_kda/RecurrentKda_ca037719b6acf440548cbea42487658e.json
DEBUG [2026-10-09 18:06:28] ./packages/vendors/custom_transformer/op_impl/ai_core/tbe/kernel/ascend910b/recurrent_kda/RecurrentKda_ca037719b6acf440548cbea42487658e.o
DEBUG [2026-10-09 18:06:28] ./packages/vendors/custom_transformer/op_impl/ai_core/tbe/kernel/ascend910b/recurrent_kda/RecurrentKda_d6a7049ffad5a62c895e48cca8e33bb2.json
DEBUG [2026-10-09 18:06:28] ./packages/vendors/custom_transformer/op_impl/ai_core/tbe/kernel/ascend910b/recurrent_kda/RecurrentKda_d6a7049ffad5a62c895e48cca8e33bb2.o
DEBUG [2026-10-09 18:06:28] ./packages/vendors/custom_transformer/op_impl/ai_core/tbe/kernel/ascend910b/recurrent_kda/RecurrentKda_d7c6e69754c879eca0372a5cdd98060a.json
DEBUG [2026-10-09 18:06:28] ./packages/vendors/custom_transformer/op_impl/ai_core/tbe/kernel/ascend910b/recurrent_kda/RecurrentKda_d7c6e69754c879eca0372a5cdd98060a.o
DEBUG [2026-10-09 18:06:28] ./packages/vendors/custom_transformer/op_impl/ai_core/tbe/kernel/ascend910b/recurrent_kda/RecurrentKda_da069c21579e3133d80e5822496d5929.json
DEBUG [2026-10-09 18:06:28] ./packages/vendors/custom_transformer/op_impl/ai_core/tbe/kernel/ascend910b/recurrent_kda/RecurrentKda_da069c21579e3133d80e5822496d5929.o
DEBUG [2026-10-09 18:06:28] ./packages/vendors/custom_transformer/op_impl/ai_core/tbe/kernel/ascend910b/recurrent_kda/RecurrentKda_db2b494ee09dfbcba7a809f9609ecdbb.json
DEBUG [2026-10-09 18:06:28] ./packages/vendors/custom_transformer/op_impl/ai_core/tbe/kernel/ascend910b/recurrent_kda/RecurrentKda_db2b494ee09dfbcba7a809f9609ecdbb.o
DEBUG [2026-10-09 18:06:28] ./packages/vendors/custom_transformer/op_impl/ai_core/tbe/kernel/ascend910b/recurrent_kda/RecurrentKda_e26b472599ccf65c33030a1ff388bb12.json
DEBUG [2026-10-09 18:06:28] ./packages/vendors/custom_transformer/op_impl/ai_core/tbe/kernel/ascend910b/recurrent_kda/RecurrentKda_e26b472599ccf65c33030a1ff388bb12.o
DEBUG [2026-10-09 18:06:28] ./packages/vendors/custom_transformer/op_impl/ai_core/tbe/kernel/ascend910b/recurrent_kda/RecurrentKda_e7963db1a74824342b9399b2962a97ff.json
DEBUG [2026-10-09 18:06:28] ./packages/vendors/custom_transformer/op_impl/ai_core/tbe/kernel/ascend910b/recurrent_kda/RecurrentKda_e7963db1a74824342b9399b2962a97ff.o
DEBUG [2026-10-09 18:06:28] ./packages/vendors/custom_transformer/op_impl/ai_core/tbe/kernel/ascend910b/recurrent_kda/RecurrentKda_eb77dc7ae63c8ff61befe11235b1d23d.json
DEBUG [2026-10-09 18:06:28] ./packages/vendors/custom_transformer/op_impl/ai_core/tbe/kernel/ascend910b/recurrent_kda/RecurrentKda_eb77dc7ae63c8ff61befe11235b1d23d.o
DEBUG [2026-10-09 18:06:28] ./packages/vendors/custom_transformer/op_impl/ai_core/tbe/kernel/ascend910b/recurrent_kda/RecurrentKda_f2fd5b923616366ff772dcb66fb77b22.json
DEBUG [2026-10-09 18:06:28] ./packages/vendors/custom_transformer/op_impl/ai_core/tbe/kernel/ascend910b/recurrent_kda/RecurrentKda_f2fd5b923616366ff772dcb66fb77b22.o
DEBUG [2026-10-09 18:06:28] ./packages/vendors/custom_transformer/op_impl/ai_core/tbe/kernel/ascend910b/recurrent_kda/RecurrentKda_feb03f23402bc74547d124e9f3f6932c.json
DEBUG [2026-10-09 18:06:28] ./packages/vendors/custom_transformer/op_impl/ai_core/tbe/kernel/ascend910b/recurrent_kda/RecurrentKda_feb03f23402bc74547d124e9f3f6932c.o
DEBUG [2026-10-09 18:06:28] ./packages/vendors/custom_transformer/op_impl/ai_core/tbe/kernel/ascend910b/recurrent_kda/RecurrentKda_ffaeadddcddf5857d177cd15970b7c6c.json
DEBUG [2026-10-09 18:06:28] ./packages/vendors/custom_transformer/op_impl/ai_core/tbe/kernel/ascend910b/recurrent_kda/RecurrentKda_ffaeadddcddf5857d177cd15970b7c6c.o
DEBUG [2026-10-09 18:06:28] ./packages/vendors/custom_transformer/op_impl/ai_core/tbe/kernel/ascend910b/rms_norm_cast/RmsNormCast_31a75964b586fe2000d8729d7889a579.json
DEBUG [2026-10-09 18:06:28] ./packages/vendors/custom_transformer/op_impl/ai_core/tbe/kernel/ascend910b/rms_norm_cast/RmsNormCast_31a75964b586fe2000d8729d7889a579.o
DEBUG [2026-10-09 18:06:28] ./packages/vendors/custom_transformer/op_impl/ai_core/tbe/kernel/ascend910b/rms_norm_cast/RmsNormCast_d1e2827a0784e1b5bec4b3178e42d92d.json
DEBUG [2026-10-09 18:06:28] ./packages/vendors/custom_transformer/op_impl/ai_core/tbe/kernel/ascend910b/rms_norm_cast/RmsNormCast_d1e2827a0784e1b5bec4b3178e42d92d.o
DEBUG [2026-10-09 18:06:28] ./packages/vendors/custom_transformer/op_impl/ai_core/tbe/kernel/ascend910b/rms_norm_dynamic_quant/RmsNormDynamicQuant_18f4dc74f3957d61a8e1d02e83a8ee3e.json
DEBUG [2026-10-09 18:06:28] ./packages/vendors/custom_transformer/op_impl/ai_core/tbe/kernel/ascend910b/rms_norm_dynamic_quant/RmsNormDynamicQuant_18f4dc74f3957d61a8e1d02e83a8ee3e.o
DEBUG [2026-10-09 18:06:28] ./packages/vendors/custom_transformer/op_impl/ai_core/tbe/kernel/ascend910b/rms_norm_dynamic_quant/RmsNormDynamicQuant_18f4dc74f3957d61a8e1d02e83a8ee3e_relocatable.json
DEBUG [2026-10-09 18:06:28] ./packages/vendors/custom_transformer/op_impl/ai_core/tbe/kernel/ascend910b/rms_norm_dynamic_quant/RmsNormDynamicQuant_18f4dc74f3957d61a8e1d02e83a8ee3e_relocatable.o
DEBUG [2026-10-09 18:06:28] ./packages/vendors/custom_transformer/op_impl/ai_core/tbe/kernel/ascend910b/rms_norm_dynamic_quant/RmsNormDynamicQuant_752f4d9526546215c765ac323b15248d.json
DEBUG [2026-10-09 18:06:28] ./packages/vendors/custom_transformer/op_impl/ai_core/tbe/kernel/ascend910b/rms_norm_dynamic_quant/RmsNormDynamicQuant_752f4d9526546215c765ac323b15248d.o
DEBUG [2026-10-09 18:06:28] ./packages/vendors/custom_transformer/op_impl/ai_core/tbe/kernel/ascend910b/rms_norm_dynamic_quant/RmsNormDynamicQuant_752f4d9526546215c765ac323b15248d_relocatable.json
DEBUG [2026-10-09 18:06:28] ./packages/vendors/custom_transformer/op_impl/ai_core/tbe/kernel/ascend910b/rms_norm_dynamic_quant/RmsNormDynamicQuant_752f4d9526546215c765ac323b15248d_relocatable.o
DEBUG [2026-10-09 18:06:28] ./packages/vendors/custom_transformer/op_impl/ai_core/tbe/kernel/ascend910b/rms_norm_dynamic_quant/RmsNormDynamicQuant_8b10934c022ebb22b7797f8001c4c4fc.json
DEBUG [2026-10-09 18:06:28] ./packages/vendors/custom_transformer/op_impl/ai_core/tbe/kernel/ascend910b/rms_norm_dynamic_quant/RmsNormDynamicQuant_8b10934c022ebb22b7797f8001c4c4fc.o
DEBUG [2026-10-09 18:06:28] ./packages/vendors/custom_transformer/op_impl/ai_core/tbe/kernel/ascend910b/rms_norm_dynamic_quant/RmsNormDynamicQuant_8b10934c022ebb22b7797f8001c4c4fc_relocatable.json
DEBUG [2026-10-09 18:06:28] ./packages/vendors/custom_transformer/op_impl/ai_core/tbe/kernel/ascend910b/rms_norm_dynamic_quant/RmsNormDynamicQuant_8b10934c022ebb22b7797f8001c4c4fc_relocatable.o
DEBUG [2026-10-09 18:06:28] ./packages/vendors/custom_transformer/op_impl/ai_core/tbe/kernel/ascend910b/rms_norm_dynamic_quant/RmsNormDynamicQuant_a24014a99c880e660456f6930bd3808a.json
DEBUG [2026-10-09 18:06:28] ./packages/vendors/custom_transformer/op_impl/ai_core/tbe/kernel/ascend910b/rms_norm_dynamic_quant/RmsNormDynamicQuant_a24014a99c880e660456f6930bd3808a.o
DEBUG [2026-10-09 18:06:28] ./packages/vendors/custom_transformer/op_impl/ai_core/tbe/kernel/ascend910b/rms_norm_dynamic_quant/RmsNormDynamicQuant_a24014a99c880e660456f6930bd3808a_relocatable.json
DEBUG [2026-10-09 18:06:28] ./packages/vendors/custom_transformer/op_impl/ai_core/tbe/kernel/ascend910b/rms_norm_dynamic_quant/RmsNormDynamicQuant_a24014a99c880e660456f6930bd3808a_relocatable.o
DEBUG [2026-10-09 18:06:28] ./packages/vendors/custom_transformer/op_impl/ai_core/tbe/kernel/ascend910b/scatter_nd_update_sk/ScatterNdUpdateSk_0b353e2a7a77673d01a76aaedc99244b.json
DEBUG [2026-10-09 18:06:28] ./packages/vendors/custom_transformer/op_impl/ai_core/tbe/kernel/ascend910b/scatter_nd_update_sk/ScatterNdUpdateSk_0b353e2a7a77673d01a76aaedc99244b.o
DEBUG [2026-10-09 18:06:28] ./packages/vendors/custom_transformer/op_impl/ai_core/tbe/kernel/ascend910b/scatter_nd_update_sk/ScatterNdUpdateSk_0be86e3b56504af1b118b0d1a2a8e1bc.json
DEBUG [2026-10-09 18:06:28] ./packages/vendors/custom_transformer/op_impl/ai_core/tbe/kernel/ascend910b/scatter_nd_update_sk/ScatterNdUpdateSk_0be86e3b56504af1b118b0d1a2a8e1bc.o
DEBUG [2026-10-09 18:06:28] ./packages/vendors/custom_transformer/op_impl/ai_core/tbe/kernel/ascend910b/scatter_nd_update_sk/ScatterNdUpdateSk_38627996bef60898472c534750522f9a.json
DEBUG [2026-10-09 18:06:28] ./packages/vendors/custom_transformer/op_impl/ai_core/tbe/kernel/ascend910b/scatter_nd_update_sk/ScatterNdUpdateSk_38627996bef60898472c534750522f9a.o
DEBUG [2026-10-09 18:06:28] ./packages/vendors/custom_transformer/op_impl/ai_core/tbe/kernel/ascend910b/scatter_nd_update_sk/ScatterNdUpdateSk_38f6c0f42e6dd25f1ba132d7ecf7990f.json
DEBUG [2026-10-09 18:06:28] ./packages/vendors/custom_transformer/op_impl/ai_core/tbe/kernel/ascend910b/scatter_nd_update_sk/ScatterNdUpdateSk_38f6c0f42e6dd25f1ba132d7ecf7990f.o
DEBUG [2026-10-09 18:06:28] ./packages/vendors/custom_transformer/op_impl/ai_core/tbe/kernel/ascend910b/scatter_nd_update_sk/ScatterNdUpdateSk_3b70bd1dfff14ea76aa6465d526da019.json
DEBUG [2026-10-09 18:06:28] ./packages/vendors/custom_transformer/op_impl/ai_core/tbe/kernel/ascend910b/scatter_nd_update_sk/ScatterNdUpdateSk_3b70bd1dfff14ea76aa6465d526da019.o
DEBUG [2026-10-09 18:06:28] ./packages/vendors/custom_transformer/op_impl/ai_core/tbe/kernel/ascend910b/scatter_nd_update_sk/ScatterNdUpdateSk_3e72bf83664ea4d8e3f199080a4bb8ff.json
DEBUG [2026-10-09 18:06:28] ./packages/vendors/custom_transformer/op_impl/ai_core/tbe/kernel/ascend910b/scatter_nd_update_sk/ScatterNdUpdateSk_3e72bf83664ea4d8e3f199080a4bb8ff.o
DEBUG [2026-10-09 18:06:28] ./packages/vendors/custom_transformer/op_impl/ai_core/tbe/kernel/ascend910b/scatter_nd_update_sk/ScatterNdUpdateSk_4601e4c82b60f31f18761080c39f22c5.json
DEBUG [2026-10-09 18:06:28] ./packages/vendors/custom_transformer/op_impl/ai_core/tbe/kernel/ascend910b/scatter_nd_update_sk/ScatterNdUpdateSk_4601e4c82b60f31f18761080c39f22c5.o
DEBUG [2026-10-09 18:06:28] ./packages/vendors/custom_transformer/op_impl/ai_core/tbe/kernel/ascend910b/scatter_nd_update_sk/ScatterNdUpdateSk_5eb3b1047a65f27b6755cf7c3b39618a.json
DEBUG [2026-10-09 18:06:28] ./packages/vendors/custom_transformer/op_impl/ai_core/tbe/kernel/ascend910b/scatter_nd_update_sk/ScatterNdUpdateSk_5eb3b1047a65f27b6755cf7c3b39618a.o
DEBUG [2026-10-09 18:06:28] ./packages/vendors/custom_transformer/op_impl/ai_core/tbe/kernel/ascend910b/scatter_nd_update_sk/ScatterNdUpdateSk_88c022917a975ea96376419907f42954.json
DEBUG [2026-10-09 18:06:28] ./packages/vendors/custom_transformer/op_impl/ai_core/tbe/kernel/ascend910b/scatter_nd_update_sk/ScatterNdUpdateSk_88c022917a975ea96376419907f42954.o
DEBUG [2026-10-09 18:06:28] ./packages/vendors/custom_transformer/op_impl/ai_core/tbe/kernel/ascend910b/scatter_nd_update_sk/ScatterNdUpdateSk_9410d3eeffdc7af5c09baeba9ba2e992.json
DEBUG [2026-10-09 18:06:28] ./packages/vendors/custom_transformer/op_impl/ai_core/tbe/kernel/ascend910b/scatter_nd_update_sk/ScatterNdUpdateSk_9410d3eeffdc7af5c09baeba9ba2e992.o
DEBUG [2026-10-09 18:06:28] ./packages/vendors/custom_transformer/op_impl/ai_core/tbe/kernel/ascend910b/scatter_nd_update_sk/ScatterNdUpdateSk_988d42ef3c0b4c5fdbbd011ef34f5549.json
DEBUG [2026-10-09 18:06:28] ./packages/vendors/custom_transformer/op_impl/ai_core/tbe/kernel/ascend910b/scatter_nd_update_sk/ScatterNdUpdateSk_988d42ef3c0b4c5fdbbd011ef34f5549.o
DEBUG [2026-10-09 18:06:28] ./packages/vendors/custom_transformer/op_impl/ai_core/tbe/kernel/ascend910b/scatter_nd_update_sk/ScatterNdUpdateSk_a26c1a31bc6e830d0cebd713347b08b4.json
DEBUG [2026-10-09 18:06:28] ./packages/vendors/custom_transformer/op_impl/ai_core/tbe/kernel/ascend910b/scatter_nd_update_sk/ScatterNdUpdateSk_a26c1a31bc6e830d0cebd713347b08b4.o
DEBUG [2026-10-09 18:06:28] ./packages/vendors/custom_transformer/op_impl/ai_core/tbe/kernel/ascend910b/scatter_nd_update_sk/ScatterNdUpdateSk_aae10e4ab9a16dc4ad137da13094931d.json
DEBUG [2026-10-09 18:06:28] ./packages/vendors/custom_transformer/op_impl/ai_core/tbe/kernel/ascend910b/scatter_nd_update_sk/ScatterNdUpdateSk_aae10e4ab9a16dc4ad137da13094931d.o
DEBUG [2026-10-09 18:06:28] ./packages/vendors/custom_transformer/op_impl/ai_core/tbe/kernel/ascend910b/scatter_nd_update_sk/ScatterNdUpdateSk_bb9bb5294a78b012e651bca22d8adc9b.json
DEBUG [2026-10-09 18:06:28] ./packages/vendors/custom_transformer/op_impl/ai_core/tbe/kernel/ascend910b/scatter_nd_update_sk/ScatterNdUpdateSk_bb9bb5294a78b012e651bca22d8adc9b.o
DEBUG [2026-10-09 18:06:28] ./packages/vendors/custom_transformer/op_impl/ai_core/tbe/kernel/ascend910b/scatter_nd_update_sk/ScatterNdUpdateSk_e0ef9825ca3278ff9552c4181fd68e7a.json
DEBUG [2026-10-09 18:06:28] ./packages/vendors/custom_transformer/op_impl/ai_core/tbe/kernel/ascend910b/scatter_nd_update_sk/ScatterNdUpdateSk_e0ef9825ca3278ff9552c4181fd68e7a.o
DEBUG [2026-10-09 18:06:28] ./packages/vendors/custom_transformer/op_impl/ai_core/tbe/kernel/ascend910b/scatter_nd_update_sk/ScatterNdUpdateSk_ea313760ba67acd5000faf33911395ef.json
DEBUG [2026-10-09 18:06:28] ./packages/vendors/custom_transformer/op_impl/ai_core/tbe/kernel/ascend910b/scatter_nd_update_sk/ScatterNdUpdateSk_ea313760ba67acd5000faf33911395ef.o
DEBUG [2026-10-09 18:06:28] ./packages/vendors/custom_transformer/op_impl/ai_core/tbe/kernel/ascend910b/sparse_attention_score/SparseAttentionScore_329cbab42fcf66827fcc71358c7c15b6.json
DEBUG [2026-10-09 18:06:28] ./packages/vendors/custom_transformer/op_impl/ai_core/tbe/kernel/ascend910b/sparse_attention_score/SparseAttentionScore_329cbab42fcf66827fcc71358c7c15b6.o
DEBUG [2026-10-09 18:06:28] ./packages/vendors/custom_transformer/op_impl/ai_core/tbe/kernel/ascend910b/sparse_attention_score/SparseAttentionScore_4ff55ab71b2ac41ef0104ac4a23dbc46.json
DEBUG [2026-10-09 18:06:28] ./packages/vendors/custom_transformer/op_impl/ai_core/tbe/kernel/ascend910b/sparse_attention_score/SparseAttentionScore_4ff55ab71b2ac41ef0104ac4a23dbc46.o
DEBUG [2026-10-09 18:06:28] ./packages/vendors/custom_transformer/op_impl/ai_core/tbe/kernel/ascend910b/sparse_attention_score/SparseAttentionScore_ac74ac7de8c7197f8fb7ac46dd5ffea0.json
DEBUG [2026-10-09 18:06:28] ./packages/vendors/custom_transformer/op_impl/ai_core/tbe/kernel/ascend910b/sparse_attention_score/SparseAttentionScore_ac74ac7de8c7197f8fb7ac46dd5ffea0.o
DEBUG [2026-10-09 18:06:28] ./packages/vendors/custom_transformer/op_impl/ai_core/tbe/kernel/ascend910b/sparse_attention_score/SparseAttentionScore_d539f3860f35560203c5b32624d3465c.json
DEBUG [2026-10-09 18:06:28] ./packages/vendors/custom_transformer/op_impl/ai_core/tbe/kernel/ascend910b/sparse_attention_score/SparseAttentionScore_d539f3860f35560203c5b32624d3465c.o
DEBUG [2026-10-09 18:06:28] ./packages/vendors/custom_transformer/op_impl/ai_core/tbe/kernel/ascend910b/sparse_attn_sharedkv/SparseAttnSharedkv_7d53da980fa2b93856b96304fde51fcc.json
DEBUG [2026-10-09 18:06:28] ./packages/vendors/custom_transformer/op_impl/ai_core/tbe/kernel/ascend910b/sparse_attn_sharedkv/SparseAttnSharedkv_7d53da980fa2b93856b96304fde51fcc.o
DEBUG [2026-10-09 18:06:28] ./packages/vendors/custom_transformer/op_impl/ai_core/tbe/kernel/ascend910b/sparse_attn_sharedkv/SparseAttnSharedkv_b4f65ead04fb4fc6e9a77e022317d6e5.json
DEBUG [2026-10-09 18:06:28] ./packages/vendors/custom_transformer/op_impl/ai_core/tbe/kernel/ascend910b/sparse_attn_sharedkv/SparseAttnSharedkv_b4f65ead04fb4fc6e9a77e022317d6e5.o
DEBUG [2026-10-09 18:06:28] ./packages/vendors/custom_transformer/op_impl/ai_core/tbe/kernel/ascend910b/sparse_flash_attention/SparseFlashAttention_04d19c29334449b1853b913ad67aa9d4.json
DEBUG [2026-10-09 18:06:28] ./packages/vendors/custom_transformer/op_impl/ai_core/tbe/kernel/ascend910b/sparse_flash_attention/SparseFlashAttention_04d19c29334449b1853b913ad67aa9d4.o
DEBUG [2026-10-09 18:06:28] ./packages/vendors/custom_transformer/op_impl/ai_core/tbe/kernel/ascend910b/sparse_flash_attention/SparseFlashAttention_2e25ad8fefac1f04c03bd78f2d2ab366.json
DEBUG [2026-10-09 18:06:28] ./packages/vendors/custom_transformer/op_impl/ai_core/tbe/kernel/ascend910b/sparse_flash_attention/SparseFlashAttention_2e25ad8fefac1f04c03bd78f2d2ab366.o
DEBUG [2026-10-09 18:06:28] ./packages/vendors/custom_transformer/op_impl/ai_core/tbe/kernel/ascend910b/sparse_flash_mla/SparseFlashMla_3c28573c57336785d951119c50c861fa.json
DEBUG [2026-10-09 18:06:28] ./packages/vendors/custom_transformer/op_impl/ai_core/tbe/kernel/ascend910b/sparse_flash_mla/SparseFlashMla_3c28573c57336785d951119c50c861fa.o
DEBUG [2026-10-09 18:06:28] ./packages/vendors/custom_transformer/op_impl/ai_core/tbe/kernel/ascend910b/store_kv_block/StoreKVBlock_31de74cd8e5b500774587b2407e9920c.json
DEBUG [2026-10-09 18:06:28] ./packages/vendors/custom_transformer/op_impl/ai_core/tbe/kernel/ascend910b/store_kv_block/StoreKVBlock_31de74cd8e5b500774587b2407e9920c.o
DEBUG [2026-10-09 18:06:28] ./packages/vendors/custom_transformer/op_impl/ai_core/tbe/kernel/ascend910b/store_kv_block/StoreKVBlock_6f511e351f42e061b3680fd0387a177f.json
DEBUG [2026-10-09 18:06:28] ./packages/vendors/custom_transformer/op_impl/ai_core/tbe/kernel/ascend910b/store_kv_block/StoreKVBlock_6f511e351f42e061b3680fd0387a177f.o
DEBUG [2026-10-09 18:06:28] ./packages/vendors/custom_transformer/op_impl/ai_core/tbe/kernel/ascend910b/store_kv_block/StoreKVBlock_7f5d033c78efc614a77f95bba8aef3bd.json
DEBUG [2026-10-09 18:06:28] ./packages/vendors/custom_transformer/op_impl/ai_core/tbe/kernel/ascend910b/store_kv_block/StoreKVBlock_7f5d033c78efc614a77f95bba8aef3bd.o
DEBUG [2026-10-09 18:06:28] ./packages/vendors/custom_transformer/op_impl/ai_core/tbe/kernel/ascend910b/transpose_kv_cache_by_block/TransposeKvCacheByBlock_f57d0192c8d2552ec56e02af54cfc504.json
DEBUG [2026-10-09 18:06:28] ./packages/vendors/custom_transformer/op_impl/ai_core/tbe/kernel/ascend910b/transpose_kv_cache_by_block/TransposeKvCacheByBlock_f57d0192c8d2552ec56e02af54cfc504.o
DEBUG [2026-10-09 18:06:28] ./packages/vendors/custom_transformer/op_impl/ai_core/tbe/kernel/ascend910b/transpose_kv_cache_by_block/TransposeKvCacheByBlock_f57d0192c8d2552ec56e02af54cfc504_relocatable.json
DEBUG [2026-10-09 18:06:28] ./packages/vendors/custom_transformer/op_impl/ai_core/tbe/kernel/ascend910b/transpose_kv_cache_by_block/TransposeKvCacheByBlock_f57d0192c8d2552ec56e02af54cfc504_relocatable.o
DEBUG [2026-10-09 18:06:28] ./packages/vendors/custom_transformer/op_impl/ai_core/tbe/kernel/ascend910b/transpose_kv_cache_by_block/TransposeKvCacheByBlock_feefe007b5f0ab287bbced185c1648f6.json
DEBUG [2026-10-09 18:06:28] ./packages/vendors/custom_transformer/op_impl/ai_core/tbe/kernel/ascend910b/transpose_kv_cache_by_block/TransposeKvCacheByBlock_feefe007b5f0ab287bbced185c1648f6.o
DEBUG [2026-10-09 18:06:28] ./packages/vendors/custom_transformer/op_impl/ai_core/tbe/kernel/ascend910b/transpose_kv_cache_by_block/TransposeKvCacheByBlock_feefe007b5f0ab287bbced185c1648f6_relocatable.json
DEBUG [2026-10-09 18:06:28] ./packages/vendors/custom_transformer/op_impl/ai_core/tbe/kernel/ascend910b/transpose_kv_cache_by_block/TransposeKvCacheByBlock_feefe007b5f0ab287bbced185c1648f6_relocatable.o
DEBUG [2026-10-09 18:06:28] ./packages/vendors/custom_transformer/op_impl/ai_core/tbe/kernel/ascend910b/vllm_quant_lightning_indexer/VllmQuantLightningIndexer_6ef5e069853a8fc4dfd689cdc0e03d27.json
DEBUG [2026-10-09 18:06:28] ./packages/vendors/custom_transformer/op_impl/ai_core/tbe/kernel/ascend910b/vllm_quant_lightning_indexer/VllmQuantLightningIndexer_6ef5e069853a8fc4dfd689cdc0e03d27.o
DEBUG [2026-10-09 18:06:28] ./packages/vendors/custom_transformer/op_impl/ai_core/tbe/kernel/config/ascend910b/add_rms_norm_bias.json
DEBUG [2026-10-09 18:06:28] ./packages/vendors/custom_transformer/op_impl/ai_core/tbe/kernel/config/ascend910b/binary_info_config.json
DEBUG [2026-10-09 18:06:28] ./packages/vendors/custom_transformer/op_impl/ai_core/tbe/kernel/config/ascend910b/causal_conv1d.json
DEBUG [2026-10-09 18:06:28] ./packages/vendors/custom_transformer/op_impl/ai_core/tbe/kernel/config/ascend910b/chunk_fwd_o.json
DEBUG [2026-10-09 18:06:28] ./packages/vendors/custom_transformer/op_impl/ai_core/tbe/kernel/config/ascend910b/chunk_gated_delta_rule_fwd_h.json
DEBUG [2026-10-09 18:06:28] ./packages/vendors/custom_transformer/op_impl/ai_core/tbe/kernel/config/ascend910b/chunk_kda_fwd.json
DEBUG [2026-10-09 18:06:28] ./packages/vendors/custom_transformer/op_impl/ai_core/tbe/kernel/config/ascend910b/compressor.json
DEBUG [2026-10-09 18:06:28] ./packages/vendors/custom_transformer/op_impl/ai_core/tbe/kernel/config/ascend910b/compressor_metadata.json
DEBUG [2026-10-09 18:06:28] ./packages/vendors/custom_transformer/op_impl/ai_core/tbe/kernel/config/ascend910b/copy_and_expand_eagle_inputs.json
DEBUG [2026-10-09 18:06:28] ./packages/vendors/custom_transformer/op_impl/ai_core/tbe/kernel/config/ascend910b/dequant_situ_quant.json
DEBUG [2026-10-09 18:06:28] ./packages/vendors/custom_transformer/op_impl/ai_core/tbe/kernel/config/ascend910b/dequant_swiglu_quant.json
DEBUG [2026-10-09 18:06:28] ./packages/vendors/custom_transformer/op_impl/ai_core/tbe/kernel/config/ascend910b/fused_sparse_attention_overlap.json
DEBUG [2026-10-09 18:06:28] ./packages/vendors/custom_transformer/op_impl/ai_core/tbe/kernel/config/ascend910b/grouped_matmul_swiglu_quant.json
DEBUG [2026-10-09 18:06:28] ./packages/vendors/custom_transformer/op_impl/ai_core/tbe/kernel/config/ascend910b/grouped_matmul_swiglu_quant_v2.json
DEBUG [2026-10-09 18:06:28] ./packages/vendors/custom_transformer/op_impl/ai_core/tbe/kernel/config/ascend910b/grouped_matmul_swiglu_quant_weight_nz_tensor_list.json
DEBUG [2026-10-09 18:06:28] ./packages/vendors/custom_transformer/op_impl/ai_core/tbe/kernel/config/ascend910b/hc_post.json
DEBUG [2026-10-09 18:06:28] ./packages/vendors/custom_transformer/op_impl/ai_core/tbe/kernel/config/ascend910b/hc_pre.json
DEBUG [2026-10-09 18:06:28] ./packages/vendors/custom_transformer/op_impl/ai_core/tbe/kernel/config/ascend910b/inplace_partial_rotary_mul.json
DEBUG [2026-10-09 18:06:28] ./packages/vendors/custom_transformer/op_impl/ai_core/tbe/kernel/config/ascend910b/k2q_csr_hist.json
DEBUG [2026-10-09 18:06:28] ./packages/vendors/custom_transformer/op_impl/ai_core/tbe/kernel/config/ascend910b/k2q_csr_meta.json
DEBUG [2026-10-09 18:06:28] ./packages/vendors/custom_transformer/op_impl/ai_core/tbe/kernel/config/ascend910b/k2q_csr_row_prefix.json
DEBUG [2026-10-09 18:06:28] ./packages/vendors/custom_transformer/op_impl/ai_core/tbe/kernel/config/ascend910b/k2q_csr_scatter.json
DEBUG [2026-10-09 18:06:28] ./packages/vendors/custom_transformer/op_impl/ai_core/tbe/kernel/config/ascend910b/k2q_csr_tile_prefix.json
DEBUG [2026-10-09 18:06:28] ./packages/vendors/custom_transformer/op_impl/ai_core/tbe/kernel/config/ascend910b/kda_gate_cumsum.json
DEBUG [2026-10-09 18:06:28] ./packages/vendors/custom_transformer/op_impl/ai_core/tbe/kernel/config/ascend910b/kda_layout_swap12.json
DEBUG [2026-10-09 18:06:28] ./packages/vendors/custom_transformer/op_impl/ai_core/tbe/kernel/config/ascend910b/kv_quant_sparse_flash_attention.json
DEBUG [2026-10-09 18:06:28] ./packages/vendors/custom_transformer/op_impl/ai_core/tbe/kernel/config/ascend910b/lightning_indexer.json
DEBUG [2026-10-09 18:06:28] ./packages/vendors/custom_transformer/op_impl/ai_core/tbe/kernel/config/ascend910b/lightning_indexer_quant.json
DEBUG [2026-10-09 18:06:28] ./packages/vendors/custom_transformer/op_impl/ai_core/tbe/kernel/config/ascend910b/moe_gating_top_k.json
DEBUG [2026-10-09 18:06:28] ./packages/vendors/custom_transformer/op_impl/ai_core/tbe/kernel/config/ascend910b/moe_gating_top_k_hash.json
DEBUG [2026-10-09 18:06:28] ./packages/vendors/custom_transformer/op_impl/ai_core/tbe/kernel/config/ascend910b/msa_index_score.json
DEBUG [2026-10-09 18:06:28] ./packages/vendors/custom_transformer/op_impl/ai_core/tbe/kernel/config/ascend910b/quant_lightning_indexer_v2.json
DEBUG [2026-10-09 18:06:28] ./packages/vendors/custom_transformer/op_impl/ai_core/tbe/kernel/config/ascend910b/recurrent_gated_delta_rule.json
DEBUG [2026-10-09 18:06:28] ./packages/vendors/custom_transformer/op_impl/ai_core/tbe/kernel/config/ascend910b/recurrent_kda.json
DEBUG [2026-10-09 18:06:28] ./packages/vendors/custom_transformer/op_impl/ai_core/tbe/kernel/config/ascend910b/relocatable_kernel_info_config.json
DEBUG [2026-10-09 18:06:28] ./packages/vendors/custom_transformer/op_impl/ai_core/tbe/kernel/config/ascend910b/rms_norm_cast.json
DEBUG [2026-10-09 18:06:28] ./packages/vendors/custom_transformer/op_impl/ai_core/tbe/kernel/config/ascend910b/rms_norm_dynamic_quant.json
DEBUG [2026-10-09 18:06:28] ./packages/vendors/custom_transformer/op_impl/ai_core/tbe/kernel/config/ascend910b/scatter_nd_update_sk.json
DEBUG [2026-10-09 18:06:28] ./packages/vendors/custom_transformer/op_impl/ai_core/tbe/kernel/config/ascend910b/sparse_attention_score.json
DEBUG [2026-10-09 18:06:28] ./packages/vendors/custom_transformer/op_impl/ai_core/tbe/kernel/config/ascend910b/sparse_attn_sharedkv.json
DEBUG [2026-10-09 18:06:28] ./packages/vendors/custom_transformer/op_impl/ai_core/tbe/kernel/config/ascend910b/sparse_flash_attention.json
DEBUG [2026-10-09 18:06:28] ./packages/vendors/custom_transformer/op_impl/ai_core/tbe/kernel/config/ascend910b/sparse_flash_mla.json
DEBUG [2026-10-09 18:06:28] ./packages/vendors/custom_transformer/op_impl/ai_core/tbe/kernel/config/ascend910b/store_kv_block.json
DEBUG [2026-10-09 18:06:28] ./packages/vendors/custom_transformer/op_impl/ai_core/tbe/kernel/config/ascend910b/transpose_kv_cache_by_block.json
DEBUG [2026-10-09 18:06:28] ./packages/vendors/custom_transformer/op_impl/ai_core/tbe/kernel/config/ascend910b/vllm_quant_lightning_indexer.json
DEBUG [2026-10-09 18:06:28] ./packages/vendors/custom_transformer/op_impl/ai_core/tbe/op_tiling/lib/linux/aarch64/libcust_opmaster_rt2.0.so
DEBUG [2026-10-09 18:06:28] ./packages/vendors/custom_transformer/op_impl/ai_core/tbe/op_tiling/liboptiling.so
DEBUG [2026-10-09 18:06:28] ./packages/vendors/custom_transformer/op_impl/cpu/aicpu_kernel/impl/libtransformer_aicpu_kernels.so
DEBUG [2026-10-09 18:06:28] ./packages/vendors/custom_transformer/op_impl/cpu/config/cust_aicpu_kernel.json
DEBUG [2026-10-09 18:06:28] ./packages/vendors/custom_transformer/op_proto/inc/add_rms_norm_bias_proto.h
DEBUG [2026-10-09 18:06:28] ./packages/vendors/custom_transformer/op_proto/inc/causal_conv1d_proto.h
DEBUG [2026-10-09 18:06:28] ./packages/vendors/custom_transformer/op_proto/inc/chunk_fwd_o_proto.h
DEBUG [2026-10-09 18:06:28] ./packages/vendors/custom_transformer/op_proto/inc/chunk_gated_delta_rule_fwd_h_proto.h
DEBUG [2026-10-09 18:06:28] ./packages/vendors/custom_transformer/op_proto/inc/chunk_kda_fwd_proto.h
DEBUG [2026-10-09 18:06:28] ./packages/vendors/custom_transformer/op_proto/inc/compressor_metadata_proto.h
DEBUG [2026-10-09 18:06:28] ./packages/vendors/custom_transformer/op_proto/inc/compressor_proto.h
DEBUG [2026-10-09 18:06:28] ./packages/vendors/custom_transformer/op_proto/inc/copy_and_expand_eagle_inputs_proto.h
DEBUG [2026-10-09 18:06:28] ./packages/vendors/custom_transformer/op_proto/inc/dequant_situ_quant_proto.h
DEBUG [2026-10-09 18:06:28] ./packages/vendors/custom_transformer/op_proto/inc/dequant_swiglu_quant_proto.h
DEBUG [2026-10-09 18:06:28] ./packages/vendors/custom_transformer/op_proto/inc/fused_sparse_attention_overlap_proto.h
DEBUG [2026-10-09 18:06:28] ./packages/vendors/custom_transformer/op_proto/inc/grouped_matmul_swiglu_quant_proto.h
DEBUG [2026-10-09 18:06:28] ./packages/vendors/custom_transformer/op_proto/inc/grouped_matmul_swiglu_quant_v2_proto.h
DEBUG [2026-10-09 18:06:28] ./packages/vendors/custom_transformer/op_proto/inc/grouped_matmul_swiglu_quant_weight_nz_tensor_list_proto.h
DEBUG [2026-10-09 18:06:28] ./packages/vendors/custom_transformer/op_proto/inc/hc_post_proto.h
DEBUG [2026-10-09 18:06:28] ./packages/vendors/custom_transformer/op_proto/inc/hc_pre_proto.h
DEBUG [2026-10-09 18:06:28] ./packages/vendors/custom_transformer/op_proto/inc/inplace_partial_rotary_mul_proto.h
DEBUG [2026-10-09 18:06:28] ./packages/vendors/custom_transformer/op_proto/inc/k2q_csr_hist_proto.h
DEBUG [2026-10-09 18:06:28] ./packages/vendors/custom_transformer/op_proto/inc/k2q_csr_meta_proto.h
DEBUG [2026-10-09 18:06:28] ./packages/vendors/custom_transformer/op_proto/inc/k2q_csr_row_prefix_proto.h
DEBUG [2026-10-09 18:06:28] ./packages/vendors/custom_transformer/op_proto/inc/k2q_csr_scatter_proto.h
DEBUG [2026-10-09 18:06:28] ./packages/vendors/custom_transformer/op_proto/inc/k2q_csr_tile_prefix_proto.h
DEBUG [2026-10-09 18:06:28] ./packages/vendors/custom_transformer/op_proto/inc/kda_gate_cumsum_proto.h
DEBUG [2026-10-09 18:06:28] ./packages/vendors/custom_transformer/op_proto/inc/kda_layout_swap12_proto.h
DEBUG [2026-10-09 18:06:28] ./packages/vendors/custom_transformer/op_proto/inc/kv_quant_sparse_flash_attention_proto.h
DEBUG [2026-10-09 18:06:28] ./packages/vendors/custom_transformer/op_proto/inc/lightning_indexer_proto.h
DEBUG [2026-10-09 18:06:28] ./packages/vendors/custom_transformer/op_proto/inc/lightning_indexer_quant_proto.h
DEBUG [2026-10-09 18:06:28] ./packages/vendors/custom_transformer/op_proto/inc/moe_gating_top_k_hash_proto.h
DEBUG [2026-10-09 18:06:28] ./packages/vendors/custom_transformer/op_proto/inc/moe_gating_top_k_proto.h
DEBUG [2026-10-09 18:06:28] ./packages/vendors/custom_transformer/op_proto/inc/msa_index_score_proto.h
DEBUG [2026-10-09 18:06:28] ./packages/vendors/custom_transformer/op_proto/inc/quant_lightning_indexer_v2_proto.h
DEBUG [2026-10-09 18:06:28] ./packages/vendors/custom_transformer/op_proto/inc/recurrent_gated_delta_rule_proto.h
DEBUG [2026-10-09 18:06:28] ./packages/vendors/custom_transformer/op_proto/inc/recurrent_kda_proto.h
DEBUG [2026-10-09 18:06:28] ./packages/vendors/custom_transformer/op_proto/inc/rms_norm_cast_proto.h
DEBUG [2026-10-09 18:06:28] ./packages/vendors/custom_transformer/op_proto/inc/rms_norm_dynamic_quant_proto.h
DEBUG [2026-10-09 18:06:28] ./packages/vendors/custom_transformer/op_proto/inc/scatter_nd_update_sk_proto.h
DEBUG [2026-10-09 18:06:28] ./packages/vendors/custom_transformer/op_proto/inc/sparse_attention_score_proto.h
DEBUG [2026-10-09 18:06:28] ./packages/vendors/custom_transformer/op_proto/inc/sparse_attn_sharedkv_proto.h
DEBUG [2026-10-09 18:06:28] ./packages/vendors/custom_transformer/op_proto/inc/sparse_flash_attention_proto.h
DEBUG [2026-10-09 18:06:28] ./packages/vendors/custom_transformer/op_proto/inc/sparse_flash_mla_proto.h
DEBUG [2026-10-09 18:06:28] ./packages/vendors/custom_transformer/op_proto/inc/store_kv_block_proto.h
DEBUG [2026-10-09 18:06:28] ./packages/vendors/custom_transformer/op_proto/inc/transpose_kv_cache_by_block_proto.h
DEBUG [2026-10-09 18:06:28] ./packages/vendors/custom_transformer/op_proto/inc/vllm_quant_lightning_indexer_proto.h
DEBUG [2026-10-09 18:06:28] ./packages/vendors/custom_transformer/op_proto/lib/linux/aarch64/libcust_opsproto_rt2.0.so
DEBUG [2026-10-09 18:06:28] ./packages/vendors/custom_transformer/version.info
DEBUG [2026-10-09 18:06:28] ./uninstall.sh
DEBUG [2026-10-09 18:06:28] ./upgrade.sh
DEBUG [2026-10-09 18:06:28] CRC: 4179528264
DEBUG [2026-10-09 18:06:28] SHA256: d06683f5fdcf30f53a4c3c1daa4c9f57dad11648e88086e50acfdc439e348358
DEBUG [2026-10-09 18:06:28] Skipping md5sum at user request
DEBUG [2026-10-09 18:06:28] 
DEBUG [2026-10-09 18:06:28] Self-extractable archive "cann-ops-transformer-custom_linux-aarch64.run" successfully created.
DEBUG [2026-10-09 18:06:28] Copy /ws/source/vllm-ascend/csrc/build/_CPack_Packages/Linux/External/cann-ops-transformer-custom_linux-aarch64.run/cann-ops-transformer-custom_linux-aarch64.run to /ws/source/vllm-ascend/csrc/build/
DEBUG [2026-10-09 18:06:28] Copy /ws/source/vllm-ascend/csrc/build/_CPack_Packages/Linux/External/cann-ops-transformer-custom_linux-aarch64.run/cann-ops-transformer-custom_linux-aarch64.run to /ws/source/vllm-ascend/csrc/build_out/
DEBUG [2026-10-09 18:06:28] CPack: - package: /ws/source/vllm-ascend/csrc/build/cann-ops-transformer-custom_linux-aarch64.run.json generated.
DEBUG [2026-10-09 18:06:28] CPack: - package: /ws/source/vllm-ascend/csrc/build/cann-ops-transformer-custom_linux-aarch64.run generated.
DEBUG [build_aclnn] build.sh finished
DEBUG [build_aclnn] custom_ops_install_dir=/ws/source/vllm-ascend/vllm_ascend/_cann_ops_custom
DEBUG [build_aclnn] installer candidate count=1
DEBUG [build_aclnn] installer candidate: -rwxr-xr-x 1 root root 21M Oct  9 18:06 ./build/cann-ops-transformer-custom_linux-aarch64.run
DEBUG [build_aclnn] running installer: ./build/cann-ops-transformer-custom_linux-aarch64.run
DEBUG Verifying archive integrity... All good.
DEBUG Uncompressing version:1.0
DEBUG [ops_custom] [2026-10-09 18:06:28] [INFO] create /ws/source/vllm-ascend/vllm_ascend/_cann_ops_custom/vendors.
DEBUG [ops_custom] [2026-10-09 18:06:28] [INFO] create /ws/source/vllm-ascend/vllm_ascend/_cann_ops_custom/vendors/custom_transformer.
DEBUG [ops_custom] [2026-10-09 18:06:28] [INFO] validate shared libraries before installation
DEBUG [ops_custom] [2026-10-09 18:06:29] [INFO] upgrade framework
DEBUG [ops_custom] [2026-10-09 18:06:29] [INFO] no need to upgrade ops framework files
DEBUG [ops_custom] [2026-10-09 18:06:29] [INFO] upgrade op proto
DEBUG [ops_custom] [2026-10-09 18:06:29] [INFO] create /ws/source/vllm-ascend/vllm_ascend/_cann_ops_custom/vendors/custom_transformer/op_proto.
DEBUG [ops_custom] [2026-10-09 18:06:29] [INFO] copy new ops op_proto files ......
DEBUG [ops_custom] [2026-10-09 18:06:29] [INFO] upgrade op impl
DEBUG [ops_custom] [2026-10-09 18:06:29] [INFO] create /ws/source/vllm-ascend/vllm_ascend/_cann_ops_custom/vendors/custom_transformer/op_impl.
DEBUG [ops_custom] [2026-10-09 18:06:29] [INFO] copy new ops op_impl files ......
DEBUG [ops_custom] [2026-10-09 18:06:29] [INFO] upgrade op api
DEBUG [ops_custom] [2026-10-09 18:06:29] [INFO] create /ws/source/vllm-ascend/vllm_ascend/_cann_ops_custom/vendors/custom_transformer/op_api.
DEBUG [ops_custom] [2026-10-09 18:06:29] [INFO] copy new ops op_api files ......
DEBUG [ops_custom] [2026-10-09 18:06:29] [INFO] upgrade uninstall
DEBUG [ops_custom] [2026-10-09 18:06:29] [INFO] copy new uninstall.sh files ......
DEBUG [ops_custom] [2026-10-09 18:06:29] [INFO] upgrade version.info
DEBUG [ops_custom] [2026-10-09 18:06:29] [INFO] copy new version.info files ......
DEBUG [ops_custom] [2026-10-09 18:06:29] [INFO] no need to upgrade custom.proto files
DEBUG [ops_custom] [2026-10-09 18:06:29] [INFO] using requirements: when custom module install finished or before you run the custom module, execute the command [ source /ws/source/vllm-ascend/vllm_ascend/_cann_ops_custom/vendors/custom_transformer/bin/set_env.bash ] to set the environment path
DEBUG SUCCESS
DEBUG [build_aclnn] installer finished
DEBUG [build_aclnn] installed files under /ws/source/vllm-ascend/vllm_ascend/_cann_ops_custom (maxdepth=4, first 120 entries):
DEBUG [build_aclnn] install: /ws/source/vllm-ascend/vllm_ascend/_cann_ops_custom/.gitkeep
DEBUG [build_aclnn] install: /ws/source/vllm-ascend/vllm_ascend/_cann_ops_custom/vendors
DEBUG [build_aclnn] install: /ws/source/vllm-ascend/vllm_ascend/_cann_ops_custom/vendors/custom_transformer
DEBUG [build_aclnn] install: /ws/source/vllm-ascend/vllm_ascend/_cann_ops_custom/vendors/custom_transformer/bin
DEBUG [build_aclnn] install: /ws/source/vllm-ascend/vllm_ascend/_cann_ops_custom/vendors/custom_transformer/bin/set_env.bash
DEBUG [build_aclnn] install: /ws/source/vllm-ascend/vllm_ascend/_cann_ops_custom/vendors/custom_transformer/op_api
DEBUG [build_aclnn] install: /ws/source/vllm-ascend/vllm_ascend/_cann_ops_custom/vendors/custom_transformer/op_api/include
DEBUG [build_aclnn] install: /ws/source/vllm-ascend/vllm_ascend/_cann_ops_custom/vendors/custom_transformer/op_api/lib
DEBUG [build_aclnn] install: /ws/source/vllm-ascend/vllm_ascend/_cann_ops_custom/vendors/custom_transformer/op_impl
DEBUG [build_aclnn] install: /ws/source/vllm-ascend/vllm_ascend/_cann_ops_custom/vendors/custom_transformer/op_impl/ai_core
DEBUG [build_aclnn] install: /ws/source/vllm-ascend/vllm_ascend/_cann_ops_custom/vendors/custom_transformer/op_impl/cpu
DEBUG [build_aclnn] install: /ws/source/vllm-ascend/vllm_ascend/_cann_ops_custom/vendors/custom_transformer/op_proto
DEBUG [build_aclnn] install: /ws/source/vllm-ascend/vllm_ascend/_cann_ops_custom/vendors/custom_transformer/op_proto/inc
DEBUG [build_aclnn] install: /ws/source/vllm-ascend/vllm_ascend/_cann_ops_custom/vendors/custom_transformer/op_proto/lib
DEBUG [build_aclnn] install: /ws/source/vllm-ascend/vllm_ascend/_cann_ops_custom/vendors/custom_transformer/scripts
DEBUG [build_aclnn] install: /ws/source/vllm-ascend/vllm_ascend/_cann_ops_custom/vendors/custom_transformer/scripts/uninstall.sh
DEBUG [build_aclnn] install: /ws/source/vllm-ascend/vllm_ascend/_cann_ops_custom/vendors/custom_transformer/version.info
DEBUG [build_aclnn] VLLM_BATCH_INVARIANT is not set to 1, skipping batch_invariant ops build
DEBUG Running bash build_aclnn.sh ...
DEBUG build_aclnn.sh executed successfully!
DEBUG Found existing ASCEND_HOME_PATH: /usr/local/Ascend/cann-9.1.0
DEBUG Found existing PYTHON_EXECUTABLE: /ws/.venv/bin/python
DEBUG Found existing PYTHON_INCLUDE_PATH: /usr/local/python3.12.13/include/python3.12
DEBUG      0%    19%    39%    59%    79%    99%  100%   SHA256 checksums are OK.     0%    19%    39%    59%    79%    99%  100%  /ws/.venv/lib/python3.12/site-packages/setuptools/_distutils/cmd.py:90: DevelopDeprecationWarning: develop command is deprecated.
DEBUG !!
DEBUG 
DEBUG         ********************************************************************************
DEBUG         Please avoid running ``setup.py`` and ``develop``.
DEBUG         Instead, use standards-based tools like pip or uv.
DEBUG 
DEBUG         This deprecation is overdue, please update your project and remove deprecated
DEBUG         calls to avoid build errors in the future.
DEBUG 
DEBUG         See https://github.com/pypa/setuptools/issues/917 for details.
DEBUG         ********************************************************************************
DEBUG 
DEBUG !!
DEBUG   self.initialize_options()
DEBUG cmake config command: ['cmake', '-DCMAKE_BUILD_TYPE=Release', '-DCMAKE_EXPORT_COMPILE_COMMANDS=1', '-DASCEND_HOME_PATH=/usr/local/Ascend/cann-9.1.0', '-DPYTHON_EXECUTABLE=/ws/.venv/bin/python', '-DPYTHON_INCLUDE_PATH=/usr/local/python3.12.13/include/python3.12', '-DCMAKE_INSTALL_PREFIX=/ws/source/vllm-ascend/vllm_ascend', '-DCMAKE_PREFIX_PATH=/usr/local/python3.12.13/lib/python3.12/site-packages/pybind11/share/cmake/pybind11', '-DSOC_VERSION=ascend910b4', '-DFETCHCONTENT_BASE_DIR=/ws/source/vllm-ascend/.deps', '-DTORCH_NPU_PATH=/usr/local/python3.12.13/lib/python3.12/site-packages/torch_npu', '/ws/source/vllm-ascend']
DEBUG -- The C compiler identification is GNU 13.3.0
DEBUG -- The CXX compiler identification is GNU 13.3.0
DEBUG -- Detecting C compiler ABI info
DEBUG -- Detecting C compiler ABI info - done
DEBUG -- Check for working C compiler: /usr/bin/cc - skipped
DEBUG -- Detecting C compile features
DEBUG -- Detecting C compile features - done
DEBUG -- Detecting CXX compiler ABI info
DEBUG -- Detecting CXX compiler ABI info - done
DEBUG -- Check for working CXX compiler: /usr/bin/c++ - skipped
DEBUG -- Detecting CXX compile features
DEBUG -- Detecting CXX compile features - done
DEBUG CMake Warning (author) at /usr/local/python3.12.13/lib/python3.12/site-packages/pybind11/share/cmake/pybind11/FindPythonLibsNew.cmake:101 (message):
DEBUG   Policy CMP0148 is not set: The FindPythonInterp and FindPythonLibs modules
DEBUG   are removed.  Run "cmake --help-policy CMP0148" for policy details.  Use
DEBUG   the cmake_policy command to set the policy and suppress this warning, or
DEBUG   preferably upgrade to using FindPython, either by calling it explicitly
DEBUG   before pybind11, or by setting PYBIND11_FINDPYTHON ON before pybind11.
DEBUG Call Stack (most recent call first):
DEBUG   /usr/local/python3.12.13/lib/python3.12/site-packages/pybind11/share/cmake/pybind11/pybind11Tools.cmake:44 (find_package)
DEBUG   /usr/local/python3.12.13/lib/python3.12/site-packages/pybind11/share/cmake/pybind11/pybind11Common.cmake:243 (include)
DEBUG   /usr/local/python3.12.13/lib/python3.12/site-packages/pybind11/share/cmake/pybind11/pybind11Config.cmake:257 (include)
DEBUG   CMakeLists.txt:15 (find_package)
DEBUG This warning is for project developers.  Use -Wno-author to suppress it.
DEBUG 
DEBUG CMake Warning (deprecated) at /usr/local/python3.12.13/lib/python3.12/site-packages/pybind11/share/cmake/pybind11/FindPythonLibsNew.cmake:110 (cmake_policy):
DEBUG   The OLD behavior for policy CMP0148 will be removed from a future version
DEBUG   of CMake.
DEBUG 
DEBUG   The cmake-policies(7) manual explains that the OLD behaviors of all
DEBUG   policies are deprecated and that a policy should be set to OLD only under
DEBUG   specific short-term circumstances.  Projects should be ported to the NEW
DEBUG   behavior and not rely on setting a policy to OLD.
DEBUG Call Stack (most recent call first):
DEBUG   /usr/local/python3.12.13/lib/python3.12/site-packages/pybind11/share/cmake/pybind11/pybind11Tools.cmake:44 (find_package)
DEBUG   /usr/local/python3.12.13/lib/python3.12/site-packages/pybind11/share/cmake/pybind11/pybind11Common.cmake:243 (include)
DEBUG   /usr/local/python3.12.13/lib/python3.12/site-packages/pybind11/share/cmake/pybind11/pybind11Config.cmake:257 (include)
DEBUG   CMakeLists.txt:15 (find_package)
DEBUG This warning is for project developers.  Use -Wno-author or -Wno-deprecated
DEBUG to suppress it.
DEBUG 
DEBUG -- Found PythonInterp: /ws/.venv/bin/python (found suitable version "3.12.13", minimum required is "3.9")
DEBUG -- Found PythonLibs: /usr/local/python3.12.13/lib/libpython3.12.so
DEBUG -- Performing Test HAS_FLTO_AUTO
DEBUG -- Performing Test HAS_FLTO_AUTO - Success
DEBUG -- Found pybind11: /usr/local/python3.12.13/lib/python3.12/site-packages/pybind11/include (found version "3.1.0")
DEBUG CMake Warning at /usr/local/python3.12.13/lib/python3.12/site-packages/torch/share/cmake/Torch/TorchConfig.cmake:22 (message):
DEBUG   static library kineto_LIBRARY-NOTFOUND not found.
DEBUG Call Stack (most recent call first):
DEBUG   /usr/local/python3.12.13/lib/python3.12/site-packages/torch/share/cmake/Torch/TorchConfig.cmake:125 (append_torchlib_if_found)
DEBUG   CMakeLists.txt:20 (find_package)
DEBUG 
DEBUG 
DEBUG -- Found Torch: /usr/local/python3.12.13/lib/python3.12/site-packages/torch/lib/libtorch.so
DEBUG -- Detected SOC version: ascend910b4
DEBUG TORCH_NPU_PATH is /usr/local/python3.12.13/lib/python3.12/site-packages/torch_npu
DEBUG -- Performing Test HAVE_ACLRT_GET_PHY_DEV_ID_BY_USER_DEV_ID
DEBUG -- Performing Test HAVE_ACLRT_GET_PHY_DEV_ID_BY_USER_DEV_ID - Success
DEBUG -- Performing Test HAVE_ACLRT_MEMCPY_BATCH_ASYNC
DEBUG -- Performing Test HAVE_ACLRT_MEMCPY_BATCH_ASYNC - Success
DEBUG -- aclrtMemcpyBatchAsync: detected in CANN headers, enabling batch memcpy path
DEBUG -- Configuring done (5.7s)
DEBUG CMake Warning (unused-cli):
DEBUG   Manually-specified variables were not used by the project:
DEBUG 
DEBUG     FETCHCONTENT_BASE_DIR
DEBUG 
DEBUG 
DEBUG -- Generating done (0.0s)
DEBUG -- Build files have been written to: /tmp/tmp5h9ha8cq.build-temp
DEBUG CMake Warning:
DEBUG   Ignoring extra path from command line:
DEBUG 
DEBUG    "cmake"
DEBUG 
DEBUG 
DEBUG CMake Warning (author) at /usr/local/python3.12.13/lib/python3.12/site-packages/pybind11/share/cmake/pybind11/FindPythonLibsNew.cmake:101 (message):
DEBUG   Policy CMP0148 is not set: The FindPythonInterp and FindPythonLibs modules
DEBUG   are removed.  Run "cmake --help-policy CMP0148" for policy details.  Use
DEBUG   the cmake_policy command to set the policy and suppress this warning, or
DEBUG   preferably upgrade to using FindPython, either by calling it explicitly
DEBUG   before pybind11, or by setting PYBIND11_FINDPYTHON ON before pybind11.
DEBUG Call Stack (most recent call first):
DEBUG   /usr/local/python3.12.13/lib/python3.12/site-packages/pybind11/share/cmake/pybind11/pybind11Tools.cmake:44 (find_package)
DEBUG   /usr/local/python3.12.13/lib/python3.12/site-packages/pybind11/share/cmake/pybind11/pybind11Common.cmake:243 (include)
DEBUG   /usr/local/python3.12.13/lib/python3.12/site-packages/pybind11/share/cmake/pybind11/pybind11Config.cmake:257 (include)
DEBUG   CMakeLists.txt:15 (find_package)
DEBUG This warning is for project developers.  Use -Wno-author to suppress it.
DEBUG 
DEBUG CMake Warning (deprecated) at /usr/local/python3.12.13/lib/python3.12/site-packages/pybind11/share/cmake/pybind11/FindPythonLibsNew.cmake:110 (cmake_policy):
DEBUG   The OLD behavior for policy CMP0148 will be removed from a future version
DEBUG   of CMake.
DEBUG 
DEBUG   The cmake-policies(7) manual explains that the OLD behaviors of all
DEBUG   policies are deprecated and that a policy should be set to OLD only under
DEBUG   specific short-term circumstances.  Projects should be ported to the NEW
DEBUG   behavior and not rely on setting a policy to OLD.
DEBUG Call Stack (most recent call first):
DEBUG   /usr/local/python3.12.13/lib/python3.12/site-packages/pybind11/share/cmake/pybind11/pybind11Tools.cmake:44 (find_package)
DEBUG   /usr/local/python3.12.13/lib/python3.12/site-packages/pybind11/share/cmake/pybind11/pybind11Common.cmake:243 (include)
DEBUG   /usr/local/python3.12.13/lib/python3.12/site-packages/pybind11/share/cmake/pybind11/pybind11Config.cmake:257 (include)
DEBUG   CMakeLists.txt:15 (find_package)
DEBUG This warning is for project developers.  Use -Wno-author or -Wno-deprecated
DEBUG to suppress it.
DEBUG 
DEBUG -- Found pybind11: /usr/local/python3.12.13/lib/python3.12/site-packages/pybind11/include (found version "3.1.0")
DEBUG CMake Warning at /usr/local/python3.12.13/lib/python3.12/site-packages/torch/share/cmake/Torch/TorchConfig.cmake:22 (message):
DEBUG   static library kineto_LIBRARY-NOTFOUND not found.
DEBUG Call Stack (most recent call first):
DEBUG   /usr/local/python3.12.13/lib/python3.12/site-packages/torch/share/cmake/Torch/TorchConfig.cmake:125 (append_torchlib_if_found)
DEBUG   CMakeLists.txt:20 (find_package)
DEBUG 
DEBUG 
DEBUG -- Detected SOC version: ascend910b4
DEBUG TORCH_NPU_PATH is /usr/local/python3.12.13/lib/python3.12/site-packages/torch_npu
DEBUG -- aclrtMemcpyBatchAsync: detected in CANN headers, enabling batch memcpy path
DEBUG -- Configuring done (5.0s)
DEBUG -- Generating done (0.0s)
DEBUG -- Build files have been written to: /tmp/tmp5h9ha8cq.build-temp
DEBUG Using MAX_JOBS=16 as the number of jobs.
DEBUG [  2%] Creating directories for 'vllm_ascend_kernels_precompile'
DEBUG [  4%] No download step for 'vllm_ascend_kernels_precompile'
DEBUG [  6%] No update step for 'vllm_ascend_kernels_precompile'
DEBUG [  8%] No patch step for 'vllm_ascend_kernels_precompile'
DEBUG [ 10%] Performing configure step for 'vllm_ascend_kernels_precompile'
DEBUG -- The C compiler identification is GNU 13.3.0
DEBUG -- The CXX compiler identification is GNU 13.3.0
DEBUG -- Detecting C compiler ABI info
DEBUG -- Detecting C compiler ABI info - done
DEBUG -- Check for working C compiler: /usr/bin/cc - skipped
DEBUG -- Detecting C compile features
DEBUG -- Detecting C compile features - done
DEBUG -- Detecting CXX compiler ABI info
DEBUG -- Detecting CXX compiler ABI info - done
DEBUG -- Check for working CXX compiler: /usr/bin/c++ - skipped
DEBUG -- Detecting CXX compile features
DEBUG -- Detecting CXX compile features - done
DEBUG -- Configuring done (0.4s)
DEBUG -- Generating done (0.0s)
DEBUG CMake Warning (unused-cli):
DEBUG   Manually-specified variables were not used by the project:
DEBUG 
DEBUG     DYNAMIC_MODE
DEBUG     INCLUDE_DIR
DEBUG 
DEBUG 
DEBUG -- Build files have been written to: /tmp/tmp5h9ha8cq.build-temp/vllm_ascend_kernels_precompile-prefix/src/vllm_ascend_kernels_precompile-build
DEBUG [ 12%] Performing build step for 'vllm_ascend_kernels_precompile'
DEBUG [ 20%] Building CXX object CMakeFiles/precompile_obj.dir/ws/source/vllm-ascend/csrc/kernels/bgmv_expand.cpp.o
DEBUG [ 40%] Building CXX object CMakeFiles/precompile_obj.dir/ws/source/vllm-ascend/csrc/kernels/bgmv_shrink.cpp.o
DEBUG [ 60%] Building CXX object CMakeFiles/precompile_obj.dir/ws/source/vllm-ascend/csrc/kernels/sgmv_expand.cpp.o
DEBUG [ 80%] Building CXX object CMakeFiles/precompile_obj.dir/ws/source/vllm-ascend/csrc/kernels/sgmv_shrink.cpp.o
DEBUG [100%] Building CXX object CMakeFiles/precompile_obj.dir/ws/source/vllm-ascend/csrc/mla_preprocess/op_kernel/mla_preprocess_kernel.cpp.o
DEBUG In file included from /ws/source/vllm-ascend/csrc/mla_preprocess/op_kernel/mla_preprocess_kernel.cpp:16:
DEBUG In file included from /ws/source/vllm-ascend/csrc/mla_preprocess/op_kernel/mla_preprocess_mix_fp16.hpp:14:
DEBUG In file included from /ws/source/vllm-ascend/csrc/mla_preprocess/op_kernel/kernel/iterator.h:15:
DEBUG In file included from /ws/source/vllm-ascend/csrc/mla_preprocess/op_kernel/kernel/common_func.h:23:
DEBUG /usr/local/Ascend/cann-9.1.0/aarch64-linux/asc/impl/basic_api/dav_c220/../kernel_macros.h:16:9: warning: impl/basic_api/kernel_macros.h is an internal header file and must not be used directly. Functions or variables defined in this file may be removed in the future. Please use "#include "basic_api/kernel_tpipe.h"" and use public functions or variables defined in interface headers files. [-W#pragma-messages]
DEBUG #pragma message("impl/basic_api/kernel_macros.h is an internal header file and must not be used directly. Functions or variables defined in this file may be removed in the future. Please use \"#include \"basic_api/kernel_tpipe.h\"\" and use public functions or variables defined in interface headers files.")
DEBUG         ^
DEBUG In file included from /ws/source/vllm-ascend/csrc/mla_preprocess/op_kernel/mla_preprocess_kernel.cpp:16:
DEBUG In file included from /ws/source/vllm-ascend/csrc/mla_preprocess/op_kernel/mla_preprocess_mix_fp16.hpp:14:
DEBUG In file included from /ws/source/vllm-ascend/csrc/mla_preprocess/op_kernel/kernel/iterator.h:19:
DEBUG In file included from /ws/source/vllm-ascend/csrc/mla_preprocess/op_kernel/kernel/mem.h:16:
DEBUG /usr/local/Ascend/cann-9.1.0/aarch64-linux/asc/impl/basic_api/kernel_event.h:16:9: warning: impl/basic_api/kernel_event.h is an internal header file and must not be used directly. Functions or variables defined in this file may be removed in the future. Please use "#include "basic_api/kernel_tpipe.h"" and use public functions or variables defined in interface headers files. [-W#pragma-messages]
DEBUG #pragma message("impl/basic_api/kernel_event.h is an internal header file and must not be used directly. Functions or variables defined in this file may be removed in the future. Please use \"#include \"basic_api/kernel_tpipe.h\"\" and use public functions or variables defined in interface headers files.")
DEBUG         ^
DEBUG 2 warnings generated.
DEBUG [100%] Built target precompile_obj
DEBUG [100%] Built target check_src_template
DEBUG [ 14%] No install step for 'vllm_ascend_kernels_precompile'
DEBUG [ 16%] Completed 'vllm_ascend_kernels_precompile'
DEBUG [ 16%] Built target vllm_ascend_kernels_precompile
DEBUG [ 18%] Creating directories for 'vllm_ascend_kernels_preprocess'
DEBUG [ 20%] No download step for 'vllm_ascend_kernels_preprocess'
DEBUG [ 22%] No update step for 'vllm_ascend_kernels_preprocess'
DEBUG [ 25%] No patch step for 'vllm_ascend_kernels_preprocess'
DEBUG [ 27%] Performing configure step for 'vllm_ascend_kernels_preprocess'
DEBUG -- The C compiler identification is GNU 13.3.0
DEBUG -- The CXX compiler identification is GNU 13.3.0
DEBUG -- Detecting C compiler ABI info
DEBUG -- Detecting C compiler ABI info - done
DEBUG -- Check for working C compiler: /usr/bin/cc - skipped
DEBUG -- Detecting C compile features
DEBUG -- Detecting C compile features - done
DEBUG -- Detecting CXX compiler ABI info
DEBUG -- Detecting CXX compiler ABI info - done
DEBUG -- Check for working CXX compiler: /usr/bin/c++ - skipped
DEBUG -- Detecting CXX compile features
DEBUG -- Detecting CXX compile features - done
DEBUG -- Configuring done (0.4s)
DEBUG -- Generating done (0.0s)
DEBUG -- Build files have been written to: /tmp/tmp5h9ha8cq.build-temp/vllm_ascend_kernels_preprocess-prefix/src/vllm_ascend_kernels_preprocess-build
DEBUG [ 29%] Performing build step for 'vllm_ascend_kernels_preprocess'
DEBUG [ 60%] Building CXX object CMakeFiles/preprocess_obj.dir/ws/source/vllm-ascend/csrc/kernels/sgmv_shrink.cpp.o
DEBUG [ 60%] Building CXX object CMakeFiles/preprocess_obj.dir/ws/source/vllm-ascend/csrc/kernels/sgmv_expand.cpp.o
DEBUG [ 60%] Building CXX object CMakeFiles/aiv_obj.dir/ws/source/vllm-ascend/csrc/kernels/bgmv_shrink.cpp.o
DEBUG [ 60%] Building CXX object CMakeFiles/aiv_obj.dir/ws/source/vllm-ascend/csrc/kernels/bgmv_expand.cpp.o
DEBUG [ 60%] Building CXX object CMakeFiles/aiv_obj.dir/ws/source/vllm-ascend/csrc/kernels/sgmv_expand.cpp.o
DEBUG [ 60%] Building CXX object CMakeFiles/preprocess_obj.dir/ws/source/vllm-ascend/csrc/kernels/bgmv_expand.cpp.o
DEBUG [ 60%] Building CXX object CMakeFiles/preprocess_obj.dir/ws/source/vllm-ascend/csrc/kernels/bgmv_shrink.cpp.o
DEBUG [ 60%] Building CXX object CMakeFiles/aic_obj.dir/ws/source/vllm-ascend/csrc/kernels/bgmv_expand.cpp.o
DEBUG [ 60%] Building CXX object CMakeFiles/aic_obj.dir/ws/source/vllm-ascend/csrc/kernels/bgmv_shrink.cpp.o
DEBUG [ 93%] Building CXX object CMakeFiles/preprocess_obj.dir/ws/source/vllm-ascend/csrc/mla_preprocess/op_kernel/mla_preprocess_kernel.cpp.o
DEBUG [ 93%] Building CXX object CMakeFiles/aiv_obj.dir/ws/source/vllm-ascend/csrc/mla_preprocess/op_kernel/mla_preprocess_kernel.cpp.o
DEBUG [ 93%] Building CXX object CMakeFiles/aic_obj.dir/ws/source/vllm-ascend/csrc/kernels/sgmv_shrink.cpp.o
DEBUG [ 93%] Building CXX object CMakeFiles/aic_obj.dir/ws/source/vllm-ascend/csrc/kernels/sgmv_expand.cpp.o
DEBUG [ 93%] Building CXX object CMakeFiles/aic_obj.dir/ws/source/vllm-ascend/csrc/mla_preprocess/op_kernel/mla_preprocess_kernel.cpp.o
DEBUG [100%] Building CXX object CMakeFiles/aiv_obj.dir/ws/source/vllm-ascend/csrc/kernels/sgmv_shrink.cpp.o
DEBUG In file included from /ws/source/vllm-ascend/csrc/mla_preprocess/op_kernel/mla_preprocess_kernel.cpp:16:
DEBUG In file included from /ws/source/vllm-ascend/csrc/mla_preprocess/op_kernel/mla_preprocess_mix_fp16.hpp:14:
DEBUG In file included from /ws/source/vllm-ascend/csrc/mla_preprocess/op_kernel/kernel/iterator.h:15:
DEBUG In file included from /ws/source/vllm-ascend/csrc/mla_preprocess/op_kernel/kernel/common_func.h:23:
DEBUG /usr/local/Ascend/cann-9.1.0/aarch64-linux/asc/impl/basic_api/dav_c220/../kernel_macros.h:16:9: warning: impl/basic_api/kernel_macros.h is an internal header file and must not be used directly. Functions or variables defined in this file may be removed in the future. Please use "#include "basic_api/kernel_tpipe.h"" and use public functions or variables defined in interface headers files. [-W#pragma-messages]
DEBUG #pragma message("impl/basic_api/kernel_macros.h is an internal header file and must not be used directly. Functions or variables defined in this file may be removed in the future. Please use \"#include \"basic_api/kernel_tpipe.h\"\" and use public functions or variables defined in interface headers files.")
DEBUG         ^
DEBUG In file included from /ws/source/vllm-ascend/csrc/mla_preprocess/op_kernel/mla_preprocess_kernel.cpp:16:
DEBUG In file included from /ws/source/vllm-ascend/csrc/mla_preprocess/op_kernel/mla_preprocess_mix_fp16.hpp:14:
DEBUG In file included from /ws/source/vllm-ascend/csrc/mla_preprocess/op_kernel/kernel/iterator.h:19:
DEBUG In file included from /ws/source/vllm-ascend/csrc/mla_preprocess/op_kernel/kernel/mem.h:16:
DEBUG /usr/local/Ascend/cann-9.1.0/aarch64-linux/asc/impl/basic_api/kernel_event.h:16:9: warning: impl/basic_api/kernel_event.h is an internal header file and must not be used directly. Functions or variables defined in this file may be removed in the future. Please use "#include "basic_api/kernel_tpipe.h"" and use public functions or variables defined in interface headers files. [-W#pragma-messages]
DEBUG #pragma message("impl/basic_api/kernel_event.h is an internal header file and must not be used directly. Functions or variables defined in this file may be removed in the future. Please use \"#include \"basic_api/kernel_tpipe.h\"\" and use public functions or variables defined in interface headers files.")
DEBUG         ^
DEBUG 2 warnings generated.
DEBUG [100%] Built target preprocess_obj
DEBUG /ws/source/vllm-ascend/csrc/kernels/bgmv_shrink.cpp:156:9: warning: use of function template name with no prior declaration in function call with explicit template arguments is a C++20 extension [-Wc++20-extensions]
DEBUG         ReduceSum<float>(wTmpTensor, wTmpTensor, wTmpTensor, numElements);
DEBUG         ^
DEBUG /ws/source/vllm-ascend/csrc/kernels/sgmv_shrink.cpp:168:9: warning: use of function template name with no prior declaration in function call with explicit template arguments is a C++20 extension [-Wc++20-extensions]
DEBUG         ReduceSum<float>(wTmpTensor, wTmpTensor, wTmpTensor, numElements);
DEBUG         ^
DEBUG In file included from /ws/source/vllm-ascend/csrc/mla_preprocess/op_kernel/mla_preprocess_kernel.cpp:16:
DEBUG In file included from /ws/source/vllm-ascend/csrc/mla_preprocess/op_kernel/mla_preprocess_mix_fp16.hpp:14:
DEBUG In file included from /ws/source/vllm-ascend/csrc/mla_preprocess/op_kernel/kernel/iterator.h:15:
DEBUG In file included from /ws/source/vllm-ascend/csrc/mla_preprocess/op_kernel/kernel/common_func.h:23:
DEBUG /usr/local/Ascend/cann-9.1.0/aarch64-linux/asc/impl/basic_api/dav_c220/../kernel_macros.h:16:9: warning: impl/basic_api/kernel_macros.h is an internal header file and must not be used directly. Functions or variables defined in this file may be removed in the future. Please use "#include "basic_api/kernel_tpipe.h"" and use public functions or variables defined in interface headers files. [-W#pragma-messages]
DEBUG #pragma message("impl/basic_api/kernel_macros.h is an internal header file and must not be used directly. Functions or variables defined in this file may be removed in the future. Please use \"#include \"basic_api/kernel_tpipe.h\"\" and use public functions or variables defined in interface headers files.")
DEBUG         ^
DEBUG In file included from /ws/source/vllm-ascend/csrc/mla_preprocess/op_kernel/mla_preprocess_kernel.cpp:16:
DEBUG In file included from /ws/source/vllm-ascend/csrc/mla_preprocess/op_kernel/mla_preprocess_mix_fp16.hpp:14:
DEBUG In file included from /ws/source/vllm-ascend/csrc/mla_preprocess/op_kernel/kernel/iterator.h:19:
DEBUG In file included from /ws/source/vllm-ascend/csrc/mla_preprocess/op_kernel/kernel/mem.h:16:
DEBUG /usr/local/Ascend/cann-9.1.0/aarch64-linux/asc/impl/basic_api/kernel_event.h:16:9: warning: impl/basic_api/kernel_event.h is an internal header file and must not be used directly. Functions or variables defined in this file may be removed in the future. Please use "#include "basic_api/kernel_tpipe.h"" and use public functions or variables defined in interface headers files. [-W#pragma-messages]
DEBUG #pragma message("impl/basic_api/kernel_event.h is an internal header file and must not be used directly. Functions or variables defined in this file may be removed in the future. Please use \"#include \"basic_api/kernel_tpipe.h\"\" and use public functions or variables defined in interface headers files.")
DEBUG         ^
DEBUG In file included from /ws/source/vllm-ascend/csrc/mla_preprocess/op_kernel/mla_preprocess_kernel.cpp:16:
DEBUG In file included from /ws/source/vllm-ascend/csrc/mla_preprocess/op_kernel/mla_preprocess_mix_fp16.hpp:14:
DEBUG In file included from /ws/source/vllm-ascend/csrc/mla_preprocess/op_kernel/kernel/iterator.h:19:
DEBUG /ws/source/vllm-ascend/csrc/mla_preprocess/op_kernel/kernel/mem.h:47:49: warning: 'InitBuffer' is deprecated: NOTICE: InitBuffer has been deprecated and will be removed in the next version. Please do not use it! [-Wdeprecated-declarations]
DEBUG         tensor[(uint32_t)BufferType::ASCEND_UB].InitBuffer(0, bufferSize[(uint32_t)BufferType::ASCEND_UB]);
DEBUG                                                 ^
DEBUG /usr/local/Ascend/cann-9.1.0/aarch64-linux/asc/include/basic_api/../../impl/basic_api/kernel_tensor_base.h:174:7: note: 'InitBuffer' has been explicitly marked deprecated here
DEBUG     [[deprecated("NOTICE: InitBuffer has been deprecated and will be removed in the next version. "
DEBUG       ^
DEBUG /ws/source/vllm-ascend/csrc/kernels/bgmv_shrink.cpp:156:9: warning: use of function template name with no prior declaration in function call with explicit template arguments is a C++20 extension [-Wc++20-extensions]
DEBUG         ReduceSum<float>(wTmpTensor, wTmpTensor, wTmpTensor, numElements);
DEBUG         ^
DEBUG In file included from /ws/source/vllm-ascend/csrc/mla_preprocess/op_kernel/mla_preprocess_kernel.cpp:16:
DEBUG In file included from /ws/source/vllm-ascend/csrc/mla_preprocess/op_kernel/mla_preprocess_mix_fp16.hpp:14:
DEBUG In file included from /ws/source/vllm-ascend/csrc/mla_preprocess/op_kernel/kernel/iterator.h:15:
DEBUG In file included from /ws/source/vllm-ascend/csrc/mla_preprocess/op_kernel/kernel/common_func.h:23:
DEBUG /usr/local/Ascend/cann-9.1.0/aarch64-linux/asc/impl/basic_api/dav_c220/../kernel_macros.h:16:9: warning: impl/basic_api/kernel_macros.h is an internal header file and must not be used directly. Functions or variables defined in this file may be removed in the future. Please use "#include "basic_api/kernel_tpipe.h"" and use public functions or variables defined in interface headers files. [-W#pragma-messages]
DEBUG #pragma message("impl/basic_api/kernel_macros.h is an internal header file and must not be used directly. Functions or variables defined in this file may be removed in the future. Please use \"#include \"basic_api/kernel_tpipe.h\"\" and use public functions or variables defined in interface headers files.")
DEBUG         ^
DEBUG In file included from /ws/source/vllm-ascend/csrc/mla_preprocess/op_kernel/mla_preprocess_kernel.cpp:16:
DEBUG In file included from /ws/source/vllm-ascend/csrc/mla_preprocess/op_kernel/mla_preprocess_mix_fp16.hpp:14:
DEBUG In file included from /ws/source/vllm-ascend/csrc/mla_preprocess/op_kernel/kernel/iterator.h:19:
DEBUG In file included from /ws/source/vllm-ascend/csrc/mla_preprocess/op_kernel/kernel/mem.h:16:
DEBUG /usr/local/Ascend/cann-9.1.0/aarch64-linux/asc/impl/basic_api/kernel_event.h:16:9: warning: impl/basic_api/kernel_event.h is an internal header file and must not be used directly. Functions or variables defined in this file may be removed in the future. Please use "#include "basic_api/kernel_tpipe.h"" and use public functions or variables defined in interface headers files. [-W#pragma-messages]
DEBUG #pragma message("impl/basic_api/kernel_event.h is an internal header file and must not be used directly. Functions or variables defined in this file may be removed in the future. Please use \"#include \"basic_api/kernel_tpipe.h\"\" and use public functions or variables defined in interface headers files.")
DEBUG         ^
DEBUG In file included from /ws/source/vllm-ascend/csrc/mla_preprocess/op_kernel/mla_preprocess_kernel.cpp:16:
DEBUG In file included from /ws/source/vllm-ascend/csrc/mla_preprocess/op_kernel/mla_preprocess_mix_fp16.hpp:14:
DEBUG In file included from /ws/source/vllm-ascend/csrc/mla_preprocess/op_kernel/kernel/iterator.h:19:
DEBUG /ws/source/vllm-ascend/csrc/mla_preprocess/op_kernel/kernel/mem.h:50:49: warning: 'InitBuffer' is deprecated: NOTICE: InitBuffer has been deprecated and will be removed in the next version. Please do not use it! [-Wdeprecated-declarations]
DEBUG         tensor[(uint32_t)BufferType::ASCEND_CB].InitBuffer(0, bufferSize[(uint32_t)BufferType::ASCEND_CB]);
DEBUG                                                 ^
DEBUG /usr/local/Ascend/cann-9.1.0/aarch64-linux/asc/include/basic_api/../../impl/basic_api/kernel_tensor_base.h:174:7: note: 'InitBuffer' has been explicitly marked deprecated here
DEBUG     [[deprecated("NOTICE: InitBuffer has been deprecated and will be removed in the next version. "
DEBUG       ^
DEBUG In file included from /ws/source/vllm-ascend/csrc/mla_preprocess/op_kernel/mla_preprocess_kernel.cpp:16:
DEBUG In file included from /ws/source/vllm-ascend/csrc/mla_preprocess/op_kernel/mla_preprocess_mix_fp16.hpp:14:
DEBUG In file included from /ws/source/vllm-ascend/csrc/mla_preprocess/op_kernel/kernel/iterator.h:19:
DEBUG /ws/source/vllm-ascend/csrc/mla_preprocess/op_kernel/kernel/mem.h:52:50: warning: 'InitBuffer' is deprecated: NOTICE: InitBuffer has been deprecated and will be removed in the next version. Please do not use it! [-Wdeprecated-declarations]
DEBUG         tensor[(uint32_t)BufferType::ASCEND_L0A].InitBuffer(0, bufferSize[(uint32_t)BufferType::ASCEND_L0A]);
DEBUG                                                  ^
DEBUG /usr/local/Ascend/cann-9.1.0/aarch64-linux/asc/include/basic_api/../../impl/basic_api/kernel_tensor_base.h:174:7: note: 'InitBuffer' has been explicitly marked deprecated here
DEBUG     [[deprecated("NOTICE: InitBuffer has been deprecated and will be removed in the next version. "
DEBUG       ^
DEBUG In file included from /ws/source/vllm-ascend/csrc/mla_preprocess/op_kernel/mla_preprocess_kernel.cpp:16:
DEBUG In file included from /ws/source/vllm-ascend/csrc/mla_preprocess/op_kernel/mla_preprocess_mix_fp16.hpp:14:
DEBUG In file included from /ws/source/vllm-ascend/csrc/mla_preprocess/op_kernel/kernel/iterator.h:19:
DEBUG /ws/source/vllm-ascend/csrc/mla_preprocess/op_kernel/kernel/mem.h:54:50: warning: 'InitBuffer' is deprecated: NOTICE: InitBuffer has been deprecated and will be removed in the next version. Please do not use it! [-Wdeprecated-declarations]
DEBUG         tensor[(uint32_t)BufferType::ASCEND_L0B].InitBuffer(0, bufferSize[(uint32_t)BufferType::ASCEND_L0B]);
DEBUG                                                  ^
DEBUG /usr/local/Ascend/cann-9.1.0/aarch64-linux/asc/include/basic_api/../../impl/basic_api/kernel_tensor_base.h:174:7: note: 'InitBuffer' has been explicitly marked deprecated here
DEBUG     [[deprecated("NOTICE: InitBuffer has been deprecated and will be removed in the next version. "
DEBUG       ^
DEBUG In file included from /ws/source/vllm-ascend/csrc/mla_preprocess/op_kernel/mla_preprocess_kernel.cpp:16:
DEBUG In file included from /ws/source/vllm-ascend/csrc/mla_preprocess/op_kernel/mla_preprocess_mix_fp16.hpp:14:
DEBUG In file included from /ws/source/vllm-ascend/csrc/mla_preprocess/op_kernel/kernel/iterator.h:19:
DEBUG /ws/source/vllm-ascend/csrc/mla_preprocess/op_kernel/kernel/mem.h:56:50: warning: 'InitBuffer' is deprecated: NOTICE: InitBuffer has been deprecated and will be removed in the next version. Please do not use it! [-Wdeprecated-declarations]
DEBUG         tensor[(uint32_t)BufferType::ASCEND_L0C].InitBuffer(0, bufferSize[(uint32_t)BufferType::ASCEND_L0C]);
DEBUG                                                  ^
DEBUG /usr/local/Ascend/cann-9.1.0/aarch64-linux/asc/include/basic_api/../../impl/basic_api/kernel_tensor_base.h:174:7: note: 'InitBuffer' has been explicitly marked deprecated here
DEBUG     [[deprecated("NOTICE: InitBuffer has been deprecated and will be removed in the next version. "
DEBUG       ^
DEBUG /ws/source/vllm-ascend/csrc/kernels/sgmv_shrink.cpp:168:9: warning: use of function template name with no prior declaration in function call with explicit template arguments is a C++20 extension [-Wc++20-extensions]
DEBUG         ReduceSum<float>(wTmpTensor, wTmpTensor, wTmpTensor, numElements);
DEBUG         ^
DEBUG 1 warning generated.
DEBUG In file included from /ws/source/vllm-ascend/csrc/mla_preprocess/op_kernel/mla_preprocess_kernel.cpp:16:
DEBUG /ws/source/vllm-ascend/csrc/mla_preprocess/op_kernel/mla_preprocess_mix_fp16.hpp:1687:14: warning: 'InitBuffer' is deprecated: NOTICE: InitBuffer has been deprecated and will be removed in the next version. Please do not use it! [-Wdeprecated-declarations]
DEBUG     scale_fb.InitBuffer(0, FB_BUFF_SIZE);
DEBUG              ^
DEBUG /usr/local/Ascend/cann-9.1.0/aarch64-linux/asc/include/basic_api/../../impl/basic_api/kernel_tensor_base.h:174:7: note: 'InitBuffer' has been explicitly marked deprecated here
DEBUG     [[deprecated("NOTICE: InitBuffer has been deprecated and will be removed in the next version. "
DEBUG       ^
DEBUG 1 warning generated.
DEBUG 1 warning generated.
DEBUG 1 warning generated.
DEBUG In file included from /ws/source/vllm-ascend/csrc/mla_preprocess/op_kernel/mla_preprocess_kernel.cpp:16:
DEBUG In file included from /ws/source/vllm-ascend/csrc/mla_preprocess/op_kernel/mla_preprocess_mix_fp16.hpp:14:
DEBUG In file included from /ws/source/vllm-ascend/csrc/mla_preprocess/op_kernel/kernel/iterators/../iterator.h:19:
DEBUG /ws/source/vllm-ascend/csrc/mla_preprocess/op_kernel/kernel/mem.h:47:49: warning: 'InitBuffer' is deprecated: NOTICE: InitBuffer has been deprecated and will be removed in the next version. Please do not use it! [-Wdeprecated-declarations]
DEBUG         tensor[(uint32_t)BufferType::ASCEND_UB].InitBuffer(0, bufferSize[(uint32_t)BufferType::ASCEND_UB]);
DEBUG                                                 ^
DEBUG /ws/source/vllm-ascend/csrc/mla_preprocess/op_kernel/mla_preprocess_mix_fp16.hpp:2072:23: note: in instantiation of member function 'AsdopsBuffer<ArchType::ASCEND_V220>::AsdopsBuffer' requested here
DEBUG     __aicore__ inline MLAOperation(const MlaTilingData &mlaParams_, GM_ADDR tilingGm)
DEBUG                       ^
DEBUG /ws/source/vllm-ascend/csrc/mla_preprocess/op_kernel/mla_preprocess_kernel.cpp:163:106: note: in instantiation of member function 'MLAPO_FP16::MLAOperation<'\x00', DataFormat::NZ, DataFormat::NZ, DataFormat::ND>::MLAOperation' requested here
DEBUG             MLAPO_FP16::MLAOperation<CACHE_MODE_KVCACHE, DataFormat::NZ, DataFormat::NZ, DataFormat::ND> opFp16Cm0Qm0(
DEBUG                                                                                                          ^
DEBUG /usr/local/Ascend/cann-9.1.0/aarch64-linux/asc/include/basic_api/../../impl/basic_api/kernel_tensor_base.h:174:7: note: 'InitBuffer' has been explicitly marked deprecated here
DEBUG     [[deprecated("NOTICE: InitBuffer has been deprecated and will be removed in the next version. "
DEBUG       ^
DEBUG In file included from /ws/source/vllm-ascend/csrc/mla_preprocess/op_kernel/mla_preprocess_kernel.cpp:16:
DEBUG In file included from /ws/source/vllm-ascend/csrc/mla_preprocess/op_kernel/mla_preprocess_mix_fp16.hpp:14:
DEBUG In file included from /ws/source/vllm-ascend/csrc/mla_preprocess/op_kernel/kernel/iterators/../iterator.h:19:
DEBUG /ws/source/vllm-ascend/csrc/mla_preprocess/op_kernel/kernel/mem.h:50:49: warning: 'InitBuffer' is deprecated: NOTICE: InitBuffer has been deprecated and will be removed in the next version. Please do not use it! [-Wdeprecated-declarations]
DEBUG         tensor[(uint32_t)BufferType::ASCEND_CB].InitBuffer(0, bufferSize[(uint32_t)BufferType::ASCEND_CB]);
DEBUG                                                 ^
DEBUG /ws/source/vllm-ascend/csrc/mla_preprocess/op_kernel/mla_preprocess_mix_fp16.hpp:2072:23: note: in instantiation of member function 'AsdopsBuffer<ArchType::ASCEND_V220>::AsdopsBuffer' requested here
DEBUG     __aicore__ inline MLAOperation(const MlaTilingData &mlaParams_, GM_ADDR tilingGm)
DEBUG                       ^
DEBUG /ws/source/vllm-ascend/csrc/mla_preprocess/op_kernel/mla_preprocess_kernel.cpp:163:106: note: in instantiation of member function 'MLAPO_FP16::MLAOperation<'\x00', DataFormat::NZ, DataFormat::NZ, DataFormat::ND>::MLAOperation' requested here
DEBUG             MLAPO_FP16::MLAOperation<CACHE_MODE_KVCACHE, DataFormat::NZ, DataFormat::NZ, DataFormat::ND> opFp16Cm0Qm0(
DEBUG                                                                                                          ^
DEBUG /usr/local/Ascend/cann-9.1.0/aarch64-linux/asc/include/basic_api/../../impl/basic_api/kernel_tensor_base.h:174:7: note: 'InitBuffer' has been explicitly marked deprecated here
DEBUG     [[deprecated("NOTICE: InitBuffer has been deprecated and will be removed in the next version. "
DEBUG       ^
DEBUG In file included from /ws/source/vllm-ascend/csrc/mla_preprocess/op_kernel/mla_preprocess_kernel.cpp:16:
DEBUG In file included from /ws/source/vllm-ascend/csrc/mla_preprocess/op_kernel/mla_preprocess_mix_fp16.hpp:14:
DEBUG In file included from /ws/source/vllm-ascend/csrc/mla_preprocess/op_kernel/kernel/iterators/../iterator.h:19:
DEBUG /ws/source/vllm-ascend/csrc/mla_preprocess/op_kernel/kernel/mem.h:52:50: warning: 'InitBuffer' is deprecated: NOTICE: InitBuffer has been deprecated and will be removed in the next version. Please do not use it! [-Wdeprecated-declarations]
DEBUG         tensor[(uint32_t)BufferType::ASCEND_L0A].InitBuffer(0, bufferSize[(uint32_t)BufferType::ASCEND_L0A]);
DEBUG                                                  ^
DEBUG /usr/local/Ascend/cann-9.1.0/aarch64-linux/asc/include/basic_api/../../impl/basic_api/kernel_tensor_base.h:174:7: note: 'InitBuffer' has been explicitly marked deprecated here
DEBUG     [[deprecated("NOTICE: InitBuffer has been deprecated and will be removed in the next version. "
DEBUG       ^
DEBUG In file included from /ws/source/vllm-ascend/csrc/mla_preprocess/op_kernel/mla_preprocess_kernel.cpp:16:
DEBUG In file included from /ws/source/vllm-ascend/csrc/mla_preprocess/op_kernel/mla_preprocess_mix_fp16.hpp:14:
DEBUG In file included from /ws/source/vllm-ascend/csrc/mla_preprocess/op_kernel/kernel/iterators/../iterator.h:19:
DEBUG /ws/source/vllm-ascend/csrc/mla_preprocess/op_kernel/kernel/mem.h:54:50: warning: 'InitBuffer' is deprecated: NOTICE: InitBuffer has been deprecated and will be removed in the next version. Please do not use it! [-Wdeprecated-declarations]
DEBUG         tensor[(uint32_t)BufferType::ASCEND_L0B].InitBuffer(0, bufferSize[(uint32_t)BufferType::ASCEND_L0B]);
DEBUG                                                  ^
DEBUG /usr/local/Ascend/cann-9.1.0/aarch64-linux/asc/include/basic_api/../../impl/basic_api/kernel_tensor_base.h:174:7: note: 'InitBuffer' has been explicitly marked deprecated here
DEBUG     [[deprecated("NOTICE: InitBuffer has been deprecated and will be removed in the next version. "
DEBUG       ^
DEBUG In file included from /ws/source/vllm-ascend/csrc/mla_preprocess/op_kernel/mla_preprocess_kernel.cpp:16:
DEBUG In file included from /ws/source/vllm-ascend/csrc/mla_preprocess/op_kernel/mla_preprocess_mix_fp16.hpp:14:
DEBUG In file included from /ws/source/vllm-ascend/csrc/mla_preprocess/op_kernel/kernel/iterators/../iterator.h:19:
DEBUG /ws/source/vllm-ascend/csrc/mla_preprocess/op_kernel/kernel/mem.h:56:50: warning: 'InitBuffer' is deprecated: NOTICE: InitBuffer has been deprecated and will be removed in the next version. Please do not use it! [-Wdeprecated-declarations]
DEBUG         tensor[(uint32_t)BufferType::ASCEND_L0C].InitBuffer(0, bufferSize[(uint32_t)BufferType::ASCEND_L0C]);
DEBUG                                                  ^
DEBUG /usr/local/Ascend/cann-9.1.0/aarch64-linux/asc/include/basic_api/../../impl/basic_api/kernel_tensor_base.h:174:7: note: 'InitBuffer' has been explicitly marked deprecated here
DEBUG     [[deprecated("NOTICE: InitBuffer has been deprecated and will be removed in the next version. "
DEBUG       ^
DEBUG In file included from /ws/source/vllm-ascend/csrc/mla_preprocess/op_kernel/mla_preprocess_kernel.cpp:16:
DEBUG /ws/source/vllm-ascend/csrc/mla_preprocess/op_kernel/mla_preprocess_mix_fp16.hpp:1687:14: warning: 'InitBuffer' is deprecated: NOTICE: InitBuffer has been deprecated and will be removed in the next version. Please do not use it! [-Wdeprecated-declarations]
DEBUG     scale_fb.InitBuffer(0, FB_BUFF_SIZE);
DEBUG              ^
DEBUG /ws/source/vllm-ascend/csrc/mla_preprocess/op_kernel/mla_preprocess_mix_fp16.hpp:1555:5: note: in instantiation of member function 'MLAPO_FP16::PpMatmulW8a8<false, true, true, 0, DataFormat::ND, DataFormat::NZ>::InitBuffer' requested here
DEBUG     InitBuffer();
DEBUG     ^
DEBUG /ws/source/vllm-ascend/csrc/mla_preprocess/op_kernel/mla_preprocess_mix_fp16.hpp:2124:19: note: in instantiation of member function 'MLAPO_FP16::PpMatmulW8a8<false, true, true, 0, DataFormat::ND, DataFormat::NZ>::Init' requested here
DEBUG         mm_w8a8_1.Init(s1GmTensor, wdqkvGmTensor, bias1gmTensor, descale1gmTensor, s3GmTensor, mlaParams, 0);
DEBUG                   ^
DEBUG /ws/source/vllm-ascend/csrc/mla_preprocess/op_kernel/mla_preprocess_kernel.cpp:165:26: note: in instantiation of member function 'MLAPO_FP16::MLAOperation<'\x00', DataFormat::NZ, DataFormat::NZ, DataFormat::ND>::Init' requested here
DEBUG             opFp16Cm0Qm0.Init(hiddenState, quantScale1, quantOffset1, wdqkv, bias1, gamma2, beta2,
DEBUG                          ^
DEBUG /usr/local/Ascend/cann-9.1.0/aarch64-linux/asc/include/basic_api/../../impl/basic_api/kernel_tensor_base.h:174:7: note: 'InitBuffer' has been explicitly marked deprecated here
DEBUG     [[deprecated("NOTICE: InitBuffer has been deprecated and will be removed in the next version. "
DEBUG       ^
DEBUG In file included from /ws/source/vllm-ascend/csrc/mla_preprocess/op_kernel/mla_preprocess_kernel.cpp:16:
DEBUG /ws/source/vllm-ascend/csrc/mla_preprocess/op_kernel/mla_preprocess_mix_fp16.hpp:1687:14: warning: 'InitBuffer' is deprecated: NOTICE: InitBuffer has been deprecated and will be removed in the next version. Please do not use it! [-Wdeprecated-declarations]
DEBUG     scale_fb.InitBuffer(0, FB_BUFF_SIZE);
DEBUG              ^
DEBUG /ws/source/vllm-ascend/csrc/mla_preprocess/op_kernel/mla_preprocess_mix_fp16.hpp:1555:5: note: in instantiation of member function 'MLAPO_FP16::PpMatmulW8a8<false, true, true, 1, DataFormat::ND, DataFormat::NZ>::InitBuffer' requested here
DEBUG     InitBuffer();
DEBUG     ^
DEBUG /ws/source/vllm-ascend/csrc/mla_preprocess/op_kernel/mla_preprocess_mix_fp16.hpp:2153:19: note: in instantiation of member function 'MLAPO_FP16::PpMatmulW8a8<false, true, true, 1, DataFormat::ND, DataFormat::NZ>::Init' requested here
DEBUG         mm_w8a8_2.Init(s1GmTensor, wuqGmTensor, bias2gmTensor, descale2gmTensor, s2GmTensor, mlaParams, 1);
DEBUG                   ^
DEBUG /ws/source/vllm-ascend/csrc/mla_preprocess/op_kernel/mla_preprocess_kernel.cpp:165:26: note: in instantiation of member function 'MLAPO_FP16::MLAOperation<'\x00', DataFormat::NZ, DataFormat::NZ, DataFormat::ND>::Init' requested here
DEBUG             opFp16Cm0Qm0.Init(hiddenState, quantScale1, quantOffset1, wdqkv, bias1, gamma2, beta2,
DEBUG                          ^
DEBUG /usr/local/Ascend/cann-9.1.0/aarch64-linux/asc/include/basic_api/../../impl/basic_api/kernel_tensor_base.h:174:7: note: 'InitBuffer' has been explicitly marked deprecated here
DEBUG     [[deprecated("NOTICE: InitBuffer has been deprecated and will be removed in the next version. "
DEBUG       ^
DEBUG In file included from /ws/source/vllm-ascend/csrc/mla_preprocess/op_kernel/mla_preprocess_kernel.cpp:16:
DEBUG In file included from /ws/source/vllm-ascend/csrc/mla_preprocess/op_kernel/mla_preprocess_mix_fp16.hpp:14:
DEBUG In file included from /ws/source/vllm-ascend/csrc/mla_preprocess/op_kernel/kernel/iterators/../iterator.h:88:
DEBUG /ws/source/vllm-ascend/csrc/mla_preprocess/op_kernel/kernel/iterators/l1_to_bt_iterator.inc:30:19: warning: 'InitBuffer' is deprecated: NOTICE: InitBuffer has been deprecated and will be removed in the next version. Please do not use it! [-Wdeprecated-declarations]
DEBUG         dstTensor.InitBuffer(dst, nBurst * lenBurst);
DEBUG                   ^
DEBUG /ws/source/vllm-ascend/csrc/mla_preprocess/op_kernel/mla_preprocess_mix_fp16.hpp:2003:25: note: in instantiation of member function 'l1_to_bt<ArchType::ASCEND_V220, int>::l1_to_bt' requested here
DEBUG                         l1_to_bt<ArchType::ASCEND_V220, BiasDtype>(
DEBUG                         ^
DEBUG /ws/source/vllm-ascend/csrc/mla_preprocess/op_kernel/mla_preprocess_mix_fp16.hpp:2472:15: note: in instantiation of member function 'MLAPO_FP16::PpMatmulW8a8<false, true, true, 0, DataFormat::ND, DataFormat::NZ>::Process' requested here
DEBUG     mm_w8a8_1.Process();
DEBUG               ^
DEBUG /ws/source/vllm-ascend/csrc/mla_preprocess/op_kernel/mla_preprocess_kernel.cpp:170:30: note: in instantiation of member function 'MLAPO_FP16::MLAOperation<'\x00', DataFormat::NZ, DataFormat::NZ, DataFormat::ND>::ProcessCube' requested here
DEBUG                 opFp16Cm0Qm0.ProcessCube();
DEBUG                              ^
DEBUG /usr/local/Ascend/cann-9.1.0/aarch64-linux/asc/include/basic_api/../../impl/basic_api/kernel_tensor_base.h:174:7: note: 'InitBuffer' has been explicitly marked deprecated here
DEBUG     [[deprecated("NOTICE: InitBuffer has been deprecated and will be removed in the next version. "
DEBUG       ^
DEBUG In file included from /ws/source/vllm-ascend/csrc/mla_preprocess/op_kernel/mla_preprocess_kernel.cpp:16:
DEBUG In file included from /ws/source/vllm-ascend/csrc/mla_preprocess/op_kernel/mla_preprocess_mix_fp16.hpp:16:
DEBUG /ws/source/vllm-ascend/csrc/mla_preprocess/op_kernel/kernel/mma.h:52:20: warning: 'InitBuffer' is deprecated: NOTICE: InitBuffer has been deprecated and will be removed in the next version. Please do not use it! [-Wdeprecated-declarations]
DEBUG         biasTensor.InitBuffer(biasBt, nTileActual);
DEBUG                    ^
DEBUG /ws/source/vllm-ascend/csrc/mla_preprocess/op_kernel/mla_preprocess_mix_fp16.hpp:2014:25: note: in instantiation of member function 'mmad<ArchType::ASCEND_V220, signed char, signed char, int, false>::mmad' requested here
DEBUG                         Mmad(l0c_buf, l0a_buf, l0b_buf, ((uint64_t)bias_bt),
DEBUG                         ^
DEBUG /ws/source/vllm-ascend/csrc/mla_preprocess/op_kernel/mla_preprocess_mix_fp16.hpp:2472:15: note: in instantiation of member function 'MLAPO_FP16::PpMatmulW8a8<false, true, true, 0, DataFormat::ND, DataFormat::NZ>::Process' requested here
DEBUG     mm_w8a8_1.Process();
DEBUG               ^
DEBUG /ws/source/vllm-ascend/csrc/mla_preprocess/op_kernel/mla_preprocess_kernel.cpp:170:30: note: in instantiation of member function 'MLAPO_FP16::MLAOperation<'\x00', DataFormat::NZ, DataFormat::NZ, DataFormat::ND>::ProcessCube' requested here
DEBUG                 opFp16Cm0Qm0.ProcessCube();
DEBUG                              ^
DEBUG /usr/local/Ascend/cann-9.1.0/aarch64-linux/asc/include/basic_api/../../impl/basic_api/kernel_tensor_base.h:174:7: note: 'InitBuffer' has been explicitly marked deprecated here
DEBUG     [[deprecated("NOTICE: InitBuffer has been deprecated and will be removed in the next version. "
DEBUG       ^
DEBUG 4 warnings generated.
DEBUG [100%] Built target aiv_obj
DEBUG /usr/local/Ascend/cann-9.1.0/aarch64-linux/ccec_compiler/bin/ld.lld -m aicorelinux -Ttext=0 /tmp/tmp5h9ha8cq.build-temp/vllm_ascend_kernels_preprocess-prefix/src/vllm_ascend_kernels_preprocess-build/CMakeFiles/aiv_obj.dir/ws/source/vllm-ascend/csrc/kernels/bgmv_expand.cpp.o -o /tmp/tmp5h9ha8cq.build-temp/vllm_ascend_kernels_preprocess-prefix/src/vllm_ascend_kernels_preprocess-build/CMakeFiles/aiv_obj.dir/ws/source/vllm-ascend/csrc/kernels/bgmv_expand.cpp.o/usr/local/Ascend/cann-9.1.0/aarch64-linux/ccec_compiler/bin/ld.lld -m aicorelinux -Ttext=0 /tmp/tmp5h9ha8cq.build-temp/vllm_ascend_kernels_preprocess-prefix/src/vllm_ascend_kernels_preprocess-build/CMakeFiles/aiv_obj.dir/ws/source/vllm-ascend/csrc/kernels/bgmv_shrink.cpp.o -o /tmp/tmp5h9ha8cq.build-temp/vllm_ascend_kernels_preprocess-prefix/src/vllm_ascend_kernels_preprocess-build/CMakeFiles/aiv_obj.dir/ws/source/vllm-ascend/csrc/kernels/bgmv_shrink.cpp.o/usr/local/Ascend/cann-9.1.0/aarch64-linux/ccec_compiler/bin/ld.lld -m aicorelinux -Ttext=0 /tmp/tmp5h9ha8cq.build-temp/vllm_ascend_kernels_preprocess-prefix/src/vllm_ascend_kernels_preprocess-build/CMakeFiles/aiv_obj.dir/ws/source/vllm-ascend/csrc/kernels/sgmv_expand.cpp.o -o /tmp/tmp5h9ha8cq.build-temp/vllm_ascend_kernels_preprocess-prefix/src/vllm_ascend_kernels_preprocess-build/CMakeFiles/aiv_obj.dir/ws/source/vllm-ascend/csrc/kernels/sgmv_expand.cpp.o/usr/local/Ascend/cann-9.1.0/aarch64-linux/ccec_compiler/bin/ld.lld -m aicorelinux -Ttext=0 /tmp/tmp5h9ha8cq.build-temp/vllm_ascend_kernels_preprocess-prefix/src/vllm_ascend_kernels_preprocess-build/CMakeFiles/aiv_obj.dir/ws/source/vllm-ascend/csrc/kernels/sgmv_shrink.cpp.o -o /tmp/tmp5h9ha8cq.build-temp/vllm_ascend_kernels_preprocess-prefix/src/vllm_ascend_kernels_preprocess-build/CMakeFiles/aiv_obj.dir/ws/source/vllm-ascend/csrc/kernels/sgmv_shrink.cpp.o/usr/local/Ascend/cann-9.1.0/aarch64-linux/ccec_compiler/bin/ld.lld -m aicorelinux -Ttext=0 /tmp/tmp5h9ha8cq.build-temp/vllm_ascend_kernels_preprocess-prefix/src/vllm_ascend_kernels_preprocess-build/CMakeFiles/aiv_obj.dir/ws/source/vllm-ascend/csrc/mla_preprocess/op_kernel/mla_preprocess_kernel.cpp.o -o /tmp/tmp5h9ha8cq.build-temp/vllm_ascend_kernels_preprocess-prefix/src/vllm_ascend_kernels_preprocess-build/CMakeFiles/aiv_obj.dir/ws/source/vllm-ascend/csrc/mla_preprocess/op_kernel/mla_preprocess_kernel.cpp.o[100%] Built target merge_aiv_obj_text
DEBUG 15 warnings generated.
DEBUG [100%] Built target aic_obj
DEBUG /usr/local/Ascend/cann-9.1.0/aarch64-linux/ccec_compiler/bin/ld.lld -m aicorelinux -Ttext=0 /tmp/tmp5h9ha8cq.build-temp/vllm_ascend_kernels_preprocess-prefix/src/vllm_ascend_kernels_preprocess-build/CMakeFiles/aic_obj.dir/ws/source/vllm-ascend/csrc/kernels/bgmv_expand.cpp.o -o /tmp/tmp5h9ha8cq.build-temp/vllm_ascend_kernels_preprocess-prefix/src/vllm_ascend_kernels_preprocess-build/CMakeFiles/aic_obj.dir/ws/source/vllm-ascend/csrc/kernels/bgmv_expand.cpp.o/usr/local/Ascend/cann-9.1.0/aarch64-linux/ccec_compiler/bin/ld.lld -m aicorelinux -Ttext=0 /tmp/tmp5h9ha8cq.build-temp/vllm_ascend_kernels_preprocess-prefix/src/vllm_ascend_kernels_preprocess-build/CMakeFiles/aic_obj.dir/ws/source/vllm-ascend/csrc/kernels/bgmv_shrink.cpp.o -o /tmp/tmp5h9ha8cq.build-temp/vllm_ascend_kernels_preprocess-prefix/src/vllm_ascend_kernels_preprocess-build/CMakeFiles/aic_obj.dir/ws/source/vllm-ascend/csrc/kernels/bgmv_shrink.cpp.o/usr/local/Ascend/cann-9.1.0/aarch64-linux/ccec_compiler/bin/ld.lld -m aicorelinux -Ttext=0 /tmp/tmp5h9ha8cq.build-temp/vllm_ascend_kernels_preprocess-prefix/src/vllm_ascend_kernels_preprocess-build/CMakeFiles/aic_obj.dir/ws/source/vllm-ascend/csrc/kernels/sgmv_expand.cpp.o -o /tmp/tmp5h9ha8cq.build-temp/vllm_ascend_kernels_preprocess-prefix/src/vllm_ascend_kernels_preprocess-build/CMakeFiles/aic_obj.dir/ws/source/vllm-ascend/csrc/kernels/sgmv_expand.cpp.o/usr/local/Ascend/cann-9.1.0/aarch64-linux/ccec_compiler/bin/ld.lld -m aicorelinux -Ttext=0 /tmp/tmp5h9ha8cq.build-temp/vllm_ascend_kernels_preprocess-prefix/src/vllm_ascend_kernels_preprocess-build/CMakeFiles/aic_obj.dir/ws/source/vllm-ascend/csrc/kernels/sgmv_shrink.cpp.o -o /tmp/tmp5h9ha8cq.build-temp/vllm_ascend_kernels_preprocess-prefix/src/vllm_ascend_kernels_preprocess-build/CMakeFiles/aic_obj.dir/ws/source/vllm-ascend/csrc/kernels/sgmv_shrink.cpp.o/usr/local/Ascend/cann-9.1.0/aarch64-linux/ccec_compiler/bin/ld.lld -m aicorelinux -Ttext=0 /tmp/tmp5h9ha8cq.build-temp/vllm_ascend_kernels_preprocess-prefix/src/vllm_ascend_kernels_preprocess-build/CMakeFiles/aic_obj.dir/ws/source/vllm-ascend/csrc/mla_preprocess/op_kernel/mla_preprocess_kernel.cpp.o -o /tmp/tmp5h9ha8cq.build-temp/vllm_ascend_kernels_preprocess-prefix/src/vllm_ascend_kernels_preprocess-build/CMakeFiles/aic_obj.dir/ws/source/vllm-ascend/csrc/mla_preprocess/op_kernel/mla_preprocess_kernel.cpp.o[100%] Built target merge_aic_obj_text
DEBUG [WARNING]: Multiple kernel functions are detected. It is recommended to define only one kernel function per file.
DEBUG [WARNING]: Multiple kernel functions are detected. It is recommended to define only one kernel function per file.
DEBUG [WARNING]: Multiple kernel functions are detected. It is recommended to define only one kernel function per file.
DEBUG [WARNING]: Multiple kernel functions are detected. It is recommended to define only one kernel function per file.
DEBUG [100%] Built target _host_cpp
DEBUG [ 31%] No install step for 'vllm_ascend_kernels_preprocess'
DEBUG [ 33%] Completed 'vllm_ascend_kernels_preprocess'
DEBUG [ 33%] Built target vllm_ascend_kernels_preprocess
DEBUG [ 39%] Creating directories for 'vllm_ascend_kernels_aiv_device'
DEBUG [ 39%] Creating directories for 'vllm_ascend_kernels_aic_device'
DEBUG [ 39%] Creating directories for 'vllm_ascend_kernels_host'
DEBUG [ 45%] No download step for 'vllm_ascend_kernels_host'
DEBUG [ 45%] No download step for 'vllm_ascend_kernels_aiv_device'
DEBUG [ 45%] No download step for 'vllm_ascend_kernels_aic_device'
DEBUG [ 52%] No update step for 'vllm_ascend_kernels_host'
DEBUG [ 52%] No update step for 'vllm_ascend_kernels_aiv_device'
DEBUG [ 52%] No update step for 'vllm_ascend_kernels_aic_device'
DEBUG [ 58%] No patch step for 'vllm_ascend_kernels_aiv_device'
DEBUG [ 58%] No patch step for 'vllm_ascend_kernels_host'
DEBUG [ 58%] No patch step for 'vllm_ascend_kernels_aic_device'
DEBUG [ 64%] Performing configure step for 'vllm_ascend_kernels_aiv_device'
DEBUG [ 64%] Performing configure step for 'vllm_ascend_kernels_aic_device'
DEBUG [ 64%] Performing configure step for 'vllm_ascend_kernels_host'
DEBUG -- The C compiler identification is GNU 13.3.0
DEBUG -- The C compiler identification is GNU 13.3.0
DEBUG -- The C compiler identification is GNU 13.3.0
DEBUG -- The CXX compiler identification is GNU 13.3.0
DEBUG -- The CXX compiler identification is GNU 13.3.0
DEBUG -- The CXX compiler identification is GNU 13.3.0
DEBUG -- Detecting C compiler ABI info
DEBUG -- Detecting C compiler ABI info
DEBUG -- Detecting C compiler ABI info
DEBUG -- Detecting C compiler ABI info - done
DEBUG -- Detecting C compiler ABI info - done
DEBUG -- Detecting C compiler ABI info - done
DEBUG -- Check for working C compiler: /usr/bin/cc - skipped
DEBUG -- Detecting C compile features
DEBUG -- Detecting C compile features - done
DEBUG -- Check for working C compiler: /usr/bin/cc - skipped
DEBUG -- Detecting C compile features
DEBUG -- Detecting C compile features - done
DEBUG -- Check for working C compiler: /usr/bin/cc - skipped
DEBUG -- Detecting C compile features
DEBUG -- Detecting C compile features - done
DEBUG -- Detecting CXX compiler ABI info
DEBUG -- Detecting CXX compiler ABI info
DEBUG -- Detecting CXX compiler ABI info
DEBUG -- Detecting CXX compiler ABI info - done
DEBUG -- Detecting CXX compiler ABI info - done
DEBUG -- Detecting CXX compiler ABI info - done
DEBUG -- Check for working CXX compiler: /usr/bin/c++ - skipped
DEBUG -- Detecting CXX compile features
DEBUG -- Detecting CXX compile features - done
DEBUG -- Check for working CXX compiler: /usr/bin/c++ - skipped
DEBUG -- Detecting CXX compile features
DEBUG -- Detecting CXX compile features - done
DEBUG -- Check for working CXX compiler: /usr/bin/c++ - skipped
DEBUG -- Detecting CXX compile features
DEBUG -- Detecting CXX compile features - done
DEBUG -- Configuring done (0.4s)
DEBUG -- Configuring done (0.4s)
DEBUG -- Generating done (0.0s)
DEBUG -- Build files have been written to: /tmp/tmp5h9ha8cq.build-temp/vllm_ascend_kernels_aic_device-prefix/src/vllm_ascend_kernels_aic_device-build
DEBUG -- Configuring done (0.4s)
DEBUG -- Generating done (0.0s)
DEBUG CMake Warning (unused-cli):
DEBUG   Manually-specified variables were not used by the project:
DEBUG 
DEBUG     ASCEND_PYTHON_EXECUTABLE
DEBUG 
DEBUG 
DEBUG -- Generating done (0.0s)
DEBUG -- Build files have been written to: /tmp/tmp5h9ha8cq.build-temp/vllm_ascend_kernels_host-prefix/src/vllm_ascend_kernels_host-build
DEBUG -- Build files have been written to: /tmp/tmp5h9ha8cq.build-temp/vllm_ascend_kernels_aiv_device-prefix/src/vllm_ascend_kernels_aiv_device-build
DEBUG [ 66%] Performing build step for 'vllm_ascend_kernels_aic_device'
DEBUG [ 70%] Performing build step for 'vllm_ascend_kernels_host'
DEBUG [ 70%] Performing build step for 'vllm_ascend_kernels_aiv_device'
DEBUG [100%] Building CXX object CMakeFiles/device_obj.dir/tmp/tmp5h9ha8cq.build-temp/auto_gen/vllm_ascend_kernels/auto_gen_mla_preprocess_kernel.cpp.o
DEBUG [ 20%] Building CXX object CMakeFiles/host_bisheng_obj.dir/ws/source/vllm-ascend/csrc/kernels/bgmv_expand.cpp.o
DEBUG [ 60%] Building CXX object CMakeFiles/host_bisheng_obj.dir/ws/source/vllm-ascend/csrc/kernels/sgmv_shrink.cpp.o
DEBUG [ 60%] Building CXX object CMakeFiles/host_bisheng_obj.dir/ws/source/vllm-ascend/csrc/mla_preprocess/op_kernel/mla_preprocess_kernel.cpp.o
DEBUG [100%] Building CXX object CMakeFiles/host_bisheng_obj.dir/ws/source/vllm-ascend/csrc/kernels/sgmv_expand.cpp.o
DEBUG [100%] Building CXX object CMakeFiles/host_bisheng_obj.dir/ws/source/vllm-ascend/csrc/kernels/bgmv_shrink.cpp.o
DEBUG [ 20%] Building CXX object CMakeFiles/device_obj.dir/tmp/tmp5h9ha8cq.build-temp/auto_gen/vllm_ascend_kernels/auto_gen_mla_preprocess_kernel.cpp.o
DEBUG [100%] Building CXX object CMakeFiles/device_aiv_obj.dir/tmp/tmp5h9ha8cq.build-temp/auto_gen/vllm_ascend_kernels/auto_gen_bgmv_expand.cpp.o
DEBUG [100%] Building CXX object CMakeFiles/device_aiv_obj.dir/tmp/tmp5h9ha8cq.build-temp/auto_gen/vllm_ascend_kernels/auto_gen_sgmv_shrink.cpp.o
DEBUG [100%] Building CXX object CMakeFiles/device_aiv_obj.dir/tmp/tmp5h9ha8cq.build-temp/auto_gen/vllm_ascend_kernels/auto_gen_sgmv_expand.cpp.o
DEBUG [100%] Building CXX object CMakeFiles/device_aiv_obj.dir/tmp/tmp5h9ha8cq.build-temp/auto_gen/vllm_ascend_kernels/auto_gen_bgmv_shrink.cpp.o
DEBUG In file included from /ws/source/vllm-ascend/csrc/mla_preprocess/op_kernel/mla_preprocess_kernel.cpp:16:
DEBUG In file included from /ws/source/vllm-ascend/csrc/mla_preprocess/op_kernel/mla_preprocess_mix_fp16.hpp:14:
DEBUG In file included from /ws/source/vllm-ascend/csrc/mla_preprocess/op_kernel/kernel/iterator.h:15:
DEBUG In file included from /ws/source/vllm-ascend/csrc/mla_preprocess/op_kernel/kernel/common_func.h:23:
DEBUG /usr/local/Ascend/cann-9.1.0/aarch64-linux/asc/include/basic_api/core_mng/roc/../../../../impl/basic_api/kernel_macros.h:16:9: warning: impl/basic_api/kernel_macros.h is an internal header file and must not be used directly. Functions or variables defined in this file may be removed in the future. Please use "#include "basic_api/kernel_tpipe.h"" and use public functions or variables defined in interface headers files. [-W#pragma-messages]
DEBUG #pragma message("impl/basic_api/kernel_macros.h is an internal header file and must not be used directly. Functions or variables defined in this file may be removed in the future. Please use \"#include \"basic_api/kernel_tpipe.h\"\" and use public functions or variables defined in interface headers files.")
DEBUG         ^
DEBUG In file included from /ws/source/vllm-ascend/csrc/mla_preprocess/op_kernel/mla_preprocess_kernel.cpp:16:
DEBUG In file included from /ws/source/vllm-ascend/csrc/mla_preprocess/op_kernel/mla_preprocess_mix_fp16.hpp:14:
DEBUG In file included from /ws/source/vllm-ascend/csrc/mla_preprocess/op_kernel/kernel/iterator.h:19:
DEBUG In file included from /ws/source/vllm-ascend/csrc/mla_preprocess/op_kernel/kernel/mem.h:16:
DEBUG /usr/local/Ascend/cann-9.1.0/aarch64-linux/asc/impl/basic_api/kernel_event.h:16:9: warning: impl/basic_api/kernel_event.h is an internal header file and must not be used directly. Functions or variables defined in this file may be removed in the future. Please use "#include "basic_api/kernel_tpipe.h"" and use public functions or variables defined in interface headers files. [-W#pragma-messages]
DEBUG #pragma message("impl/basic_api/kernel_event.h is an internal header file and must not be used directly. Functions or variables defined in this file may be removed in the future. Please use \"#include \"basic_api/kernel_tpipe.h\"\" and use public functions or variables defined in interface headers files.")
DEBUG         ^
DEBUG 2 warnings generated.
DEBUG [100%] Built target host_bisheng_obj
DEBUG [ 72%] Performing install step for 'vllm_ascend_kernels_host'
DEBUG [100%] Built target host_bisheng_obj
DEBUG Install the project...
DEBUG -- Install configuration: "Release"
DEBUG -- Installing: /tmp/tmp5h9ha8cq.build-temp/vllm_ascend_kernels_host_dir/./objects-Release/host_bisheng_obj/ws/source/vllm-ascend/csrc/kernels/bgmv_expand.cpp.o
DEBUG -- Installing: /tmp/tmp5h9ha8cq.build-temp/vllm_ascend_kernels_host_dir/./objects-Release/host_bisheng_obj/ws/source/vllm-ascend/csrc/kernels/bgmv_shrink.cpp.o
DEBUG -- Installing: /tmp/tmp5h9ha8cq.build-temp/vllm_ascend_kernels_host_dir/./objects-Release/host_bisheng_obj/ws/source/vllm-ascend/csrc/kernels/sgmv_expand.cpp.o
DEBUG -- Installing: /tmp/tmp5h9ha8cq.build-temp/vllm_ascend_kernels_host_dir/./objects-Release/host_bisheng_obj/ws/source/vllm-ascend/csrc/kernels/sgmv_shrink.cpp.o
DEBUG -- Installing: /tmp/tmp5h9ha8cq.build-temp/vllm_ascend_kernels_host_dir/./objects-Release/host_bisheng_obj/ws/source/vllm-ascend/csrc/mla_preprocess/op_kernel/mla_preprocess_kernel.cpp.o
DEBUG [ 75%] Completed 'vllm_ascend_kernels_host'
DEBUG [ 75%] Built target vllm_ascend_kernels_host
DEBUG In file included from /tmp/tmp5h9ha8cq.build-temp/auto_gen/vllm_ascend_kernels/auto_gen_mla_preprocess_kernel.cpp:7:
DEBUG In file included from /ws/source/vllm-ascend/csrc/mla_preprocess/op_kernel/mla_preprocess_kernel.cpp:16:
DEBUG In file included from /ws/source/vllm-ascend/csrc/mla_preprocess/op_kernel/mla_preprocess_mix_fp16.hpp:14:
DEBUG In file included from /ws/source/vllm-ascend/csrc/mla_preprocess/op_kernel/kernel/iterator.h:15:
DEBUG In file included from /ws/source/vllm-ascend/csrc/mla_preprocess/op_kernel/kernel/common_func.h:23:
DEBUG /usr/local/Ascend/cann-9.1.0/aarch64-linux/asc/impl/basic_api/dav_c220/../kernel_macros.h:16:9: warning: impl/basic_api/kernel_macros.h is an internal header file and must not be used directly. Functions or variables defined in this file may be removed in the future. Please use "#include "basic_api/kernel_tpipe.h"" and use public functions or variables defined in interface headers files. [-W#pragma-messages]
DEBUG #pragma message("impl/basic_api/kernel_macros.h is an internal header file and must not be used directly. Functions or variables defined in this file may be removed in the future. Please use \"#include \"basic_api/kernel_tpipe.h\"\" and use public functions or variables defined in interface headers files.")
DEBUG         ^
DEBUG In file included from /tmp/tmp5h9ha8cq.build-temp/auto_gen/vllm_ascend_kernels/auto_gen_mla_preprocess_kernel.cpp:7:
DEBUG In file included from /ws/source/vllm-ascend/csrc/mla_preprocess/op_kernel/mla_preprocess_kernel.cpp:16:
DEBUG In file included from /ws/source/vllm-ascend/csrc/mla_preprocess/op_kernel/mla_preprocess_mix_fp16.hpp:14:
DEBUG In file included from /ws/source/vllm-ascend/csrc/mla_preprocess/op_kernel/kernel/iterator.h:19:
DEBUG In file included from /ws/source/vllm-ascend/csrc/mla_preprocess/op_kernel/kernel/mem.h:16:
DEBUG /usr/local/Ascend/cann-9.1.0/aarch64-linux/asc/impl/basic_api/kernel_event.h:16:9: warning: impl/basic_api/kernel_event.h is an internal header file and must not be used directly. Functions or variables defined in this file may be removed in the future. Please use "#include "basic_api/kernel_tpipe.h"" and use public functions or variables defined in interface headers files. [-W#pragma-messages]
DEBUG #pragma message("impl/basic_api/kernel_event.h is an internal header file and must not be used directly. Functions or variables defined in this file may be removed in the future. Please use \"#include \"basic_api/kernel_tpipe.h\"\" and use public functions or variables defined in interface headers files.")
DEBUG         ^
DEBUG In file included from /tmp/tmp5h9ha8cq.build-temp/auto_gen/vllm_ascend_kernels/auto_gen_mla_preprocess_kernel.cpp:7:
DEBUG In file included from /ws/source/vllm-ascend/csrc/mla_preprocess/op_kernel/mla_preprocess_kernel.cpp:16:
DEBUG In file included from /ws/source/vllm-ascend/csrc/mla_preprocess/op_kernel/mla_preprocess_mix_fp16.hpp:14:
DEBUG In file included from /ws/source/vllm-ascend/csrc/mla_preprocess/op_kernel/kernel/iterator.h:19:
DEBUG /ws/source/vllm-ascend/csrc/mla_preprocess/op_kernel/kernel/mem.h:50:49: warning: 'InitBuffer' is deprecated: NOTICE: InitBuffer has been deprecated and will be removed in the next version. Please do not use it! [-Wdeprecated-declarations]
DEBUG         tensor[(uint32_t)BufferType::ASCEND_CB].InitBuffer(0, bufferSize[(uint32_t)BufferType::ASCEND_CB]);
DEBUG                                                 ^
DEBUG /usr/local/Ascend/cann-9.1.0/aarch64-linux/asc/include/basic_api/../../impl/basic_api/kernel_tensor_base.h:174:7: note: 'InitBuffer' has been explicitly marked deprecated here
DEBUG     [[deprecated("NOTICE: InitBuffer has been deprecated and will be removed in the next version. "
DEBUG       ^
DEBUG In file included from /tmp/tmp5h9ha8cq.build-temp/auto_gen/vllm_ascend_kernels/auto_gen_mla_preprocess_kernel.cpp:7:
DEBUG In file included from /ws/source/vllm-ascend/csrc/mla_preprocess/op_kernel/mla_preprocess_kernel.cpp:16:
DEBUG In file included from /ws/source/vllm-ascend/csrc/mla_preprocess/op_kernel/mla_preprocess_mix_fp16.hpp:14:
DEBUG In file included from /ws/source/vllm-ascend/csrc/mla_preprocess/op_kernel/kernel/iterator.h:19:
DEBUG /ws/source/vllm-ascend/csrc/mla_preprocess/op_kernel/kernel/mem.h:52:50: warning: 'InitBuffer' is deprecated: NOTICE: InitBuffer has been deprecated and will be removed in the next version. Please do not use it! [-Wdeprecated-declarations]
DEBUG         tensor[(uint32_t)BufferType::ASCEND_L0A].InitBuffer(0, bufferSize[(uint32_t)BufferType::ASCEND_L0A]);
DEBUG                                                  ^
DEBUG /usr/local/Ascend/cann-9.1.0/aarch64-linux/asc/include/basic_api/../../impl/basic_api/kernel_tensor_base.h:174:7: note: 'InitBuffer' has been explicitly marked deprecated here
DEBUG     [[deprecated("NOTICE: InitBuffer has been deprecated and will be removed in the next version. "
DEBUG       ^
DEBUG In file included from /tmp/tmp5h9ha8cq.build-temp/auto_gen/vllm_ascend_kernels/auto_gen_mla_preprocess_kernel.cpp:7:
DEBUG In file included from /ws/source/vllm-ascend/csrc/mla_preprocess/op_kernel/mla_preprocess_kernel.cpp:16:
DEBUG In file included from /ws/source/vllm-ascend/csrc/mla_preprocess/op_kernel/mla_preprocess_mix_fp16.hpp:14:
DEBUG In file included from /ws/source/vllm-ascend/csrc/mla_preprocess/op_kernel/kernel/iterator.h:19:
DEBUG /ws/source/vllm-ascend/csrc/mla_preprocess/op_kernel/kernel/mem.h:54:50: warning: 'InitBuffer' is deprecated: NOTICE: InitBuffer has been deprecated and will be removed in the next version. Please do not use it! [-Wdeprecated-declarations]
DEBUG         tensor[(uint32_t)BufferType::ASCEND_L0B].InitBuffer(0, bufferSize[(uint32_t)BufferType::ASCEND_L0B]);
DEBUG                                                  ^
DEBUG /usr/local/Ascend/cann-9.1.0/aarch64-linux/asc/include/basic_api/../../impl/basic_api/kernel_tensor_base.h:174:7: note: 'InitBuffer' has been explicitly marked deprecated here
DEBUG     [[deprecated("NOTICE: InitBuffer has been deprecated and will be removed in the next version. "
DEBUG       ^
DEBUG In file included from /tmp/tmp5h9ha8cq.build-temp/auto_gen/vllm_ascend_kernels/auto_gen_mla_preprocess_kernel.cpp:7:
DEBUG In file included from /ws/source/vllm-ascend/csrc/mla_preprocess/op_kernel/mla_preprocess_kernel.cpp:16:
DEBUG In file included from /ws/source/vllm-ascend/csrc/mla_preprocess/op_kernel/mla_preprocess_mix_fp16.hpp:14:
DEBUG In file included from /ws/source/vllm-ascend/csrc/mla_preprocess/op_kernel/kernel/iterator.h:19:
DEBUG /ws/source/vllm-ascend/csrc/mla_preprocess/op_kernel/kernel/mem.h:56:50: warning: 'InitBuffer' is deprecated: NOTICE: InitBuffer has been deprecated and will be removed in the next version. Please do not use it! [-Wdeprecated-declarations]
DEBUG         tensor[(uint32_t)BufferType::ASCEND_L0C].InitBuffer(0, bufferSize[(uint32_t)BufferType::ASCEND_L0C]);
DEBUG                                                  ^
DEBUG /usr/local/Ascend/cann-9.1.0/aarch64-linux/asc/include/basic_api/../../impl/basic_api/kernel_tensor_base.h:174:7: note: 'InitBuffer' has been explicitly marked deprecated here
DEBUG     [[deprecated("NOTICE: InitBuffer has been deprecated and will be removed in the next version. "
DEBUG       ^
DEBUG In file included from /tmp/tmp5h9ha8cq.build-temp/auto_gen/vllm_ascend_kernels/auto_gen_sgmv_shrink.cpp:8:
DEBUG /ws/source/vllm-ascend/csrc/kernels/sgmv_shrink.cpp:168:9: warning: use of function template name with no prior declaration in function call with explicit template arguments is a C++20 extension [-Wc++20-extensions]
DEBUG         ReduceSum<float>(wTmpTensor, wTmpTensor, wTmpTensor, numElements);
DEBUG         ^
DEBUG In file included from /tmp/tmp5h9ha8cq.build-temp/auto_gen/vllm_ascend_kernels/auto_gen_bgmv_shrink.cpp:8:
DEBUG /ws/source/vllm-ascend/csrc/kernels/bgmv_shrink.cpp:156:9: warning: use of function template name with no prior declaration in function call with explicit template arguments is a C++20 extension [-Wc++20-extensions]
DEBUG         ReduceSum<float>(wTmpTensor, wTmpTensor, wTmpTensor, numElements);
DEBUG         ^
DEBUG In file included from /tmp/tmp5h9ha8cq.build-temp/auto_gen/vllm_ascend_kernels/auto_gen_mla_preprocess_kernel.cpp:7:
DEBUG In file included from /ws/source/vllm-ascend/csrc/mla_preprocess/op_kernel/mla_preprocess_kernel.cpp:16:
DEBUG In file included from /ws/source/vllm-ascend/csrc/mla_preprocess/op_kernel/mla_preprocess_mix_fp16.hpp:14:
DEBUG In file included from /ws/source/vllm-ascend/csrc/mla_preprocess/op_kernel/kernel/iterator.h:15:
DEBUG In file included from /ws/source/vllm-ascend/csrc/mla_preprocess/op_kernel/kernel/common_func.h:23:
DEBUG /usr/local/Ascend/cann-9.1.0/aarch64-linux/asc/impl/basic_api/dav_c220/../kernel_macros.h:16:9: warning: impl/basic_api/kernel_macros.h is an internal header file and must not be used directly. Functions or variables defined in this file may be removed in the future. Please use "#include "basic_api/kernel_tpipe.h"" and use public functions or variables defined in interface headers files. [-W#pragma-messages]
DEBUG #pragma message("impl/basic_api/kernel_macros.h is an internal header file and must not be used directly. Functions or variables defined in this file may be removed in the future. Please use \"#include \"basic_api/kernel_tpipe.h\"\" and use public functions or variables defined in interface headers files.")
DEBUG         ^
DEBUG In file included from /tmp/tmp5h9ha8cq.build-temp/auto_gen/vllm_ascend_kernels/auto_gen_mla_preprocess_kernel.cpp:7:
DEBUG In file included from /ws/source/vllm-ascend/csrc/mla_preprocess/op_kernel/mla_preprocess_kernel.cpp:16:
DEBUG In file included from /ws/source/vllm-ascend/csrc/mla_preprocess/op_kernel/mla_preprocess_mix_fp16.hpp:14:
DEBUG In file included from /ws/source/vllm-ascend/csrc/mla_preprocess/op_kernel/kernel/iterator.h:19:
DEBUG In file included from /ws/source/vllm-ascend/csrc/mla_preprocess/op_kernel/kernel/mem.h:16:
DEBUG /usr/local/Ascend/cann-9.1.0/aarch64-linux/asc/impl/basic_api/kernel_event.h:16:9: warning: impl/basic_api/kernel_event.h is an internal header file and must not be used directly. Functions or variables defined in this file may be removed in the future. Please use "#include "basic_api/kernel_tpipe.h"" and use public functions or variables defined in interface headers files. [-W#pragma-messages]
DEBUG #pragma message("impl/basic_api/kernel_event.h is an internal header file and must not be used directly. Functions or variables defined in this file may be removed in the future. Please use \"#include \"basic_api/kernel_tpipe.h\"\" and use public functions or variables defined in interface headers files.")
DEBUG         ^
DEBUG In file included from /tmp/tmp5h9ha8cq.build-temp/auto_gen/vllm_ascend_kernels/auto_gen_mla_preprocess_kernel.cpp:7:
DEBUG In file included from /ws/source/vllm-ascend/csrc/mla_preprocess/op_kernel/mla_preprocess_kernel.cpp:16:
DEBUG In file included from /ws/source/vllm-ascend/csrc/mla_preprocess/op_kernel/mla_preprocess_mix_fp16.hpp:14:
DEBUG In file included from /ws/source/vllm-ascend/csrc/mla_preprocess/op_kernel/kernel/iterator.h:19:
DEBUG /ws/source/vllm-ascend/csrc/mla_preprocess/op_kernel/kernel/mem.h:47:49: warning: 'InitBuffer' is deprecated: NOTICE: InitBuffer has been deprecated and will be removed in the next version. Please do not use it! [-Wdeprecated-declarations]
DEBUG         tensor[(uint32_t)BufferType::ASCEND_UB].InitBuffer(0, bufferSize[(uint32_t)BufferType::ASCEND_UB]);
DEBUG                                                 ^
DEBUG /usr/local/Ascend/cann-9.1.0/aarch64-linux/asc/include/basic_api/../../impl/basic_api/kernel_tensor_base.h:174:7: note: 'InitBuffer' has been explicitly marked deprecated here
DEBUG     [[deprecated("NOTICE: InitBuffer has been deprecated and will be removed in the next version. "
DEBUG       ^
DEBUG In file included from /tmp/tmp5h9ha8cq.build-temp/auto_gen/vllm_ascend_kernels/auto_gen_mla_preprocess_kernel.cpp:7:
DEBUG In file included from /ws/source/vllm-ascend/csrc/mla_preprocess/op_kernel/mla_preprocess_kernel.cpp:16:
DEBUG /ws/source/vllm-ascend/csrc/mla_preprocess/op_kernel/mla_preprocess_mix_fp16.hpp:1687:14: warning: 'InitBuffer' is deprecated: NOTICE: InitBuffer has been deprecated and will be removed in the next version. Please do not use it! [-Wdeprecated-declarations]
DEBUG     scale_fb.InitBuffer(0, FB_BUFF_SIZE);
DEBUG              ^
DEBUG /usr/local/Ascend/cann-9.1.0/aarch64-linux/asc/include/basic_api/../../impl/basic_api/kernel_tensor_base.h:174:7: note: 'InitBuffer' has been explicitly marked deprecated here
DEBUG     [[deprecated("NOTICE: InitBuffer has been deprecated and will be removed in the next version. "
DEBUG       ^
DEBUG 1 warning generated.
DEBUG 1 warning generated.
DEBUG In file included from /tmp/tmp5h9ha8cq.build-temp/auto_gen/vllm_ascend_kernels/auto_gen_mla_preprocess_kernel.cpp:7:
DEBUG In file included from /ws/source/vllm-ascend/csrc/mla_preprocess/op_kernel/mla_preprocess_kernel.cpp:16:
DEBUG In file included from /ws/source/vllm-ascend/csrc/mla_preprocess/op_kernel/mla_preprocess_mix_fp16.hpp:14:
DEBUG In file included from /ws/source/vllm-ascend/csrc/mla_preprocess/op_kernel/kernel/iterators/../iterator.h:19:
DEBUG /ws/source/vllm-ascend/csrc/mla_preprocess/op_kernel/kernel/mem.h:50:49: warning: 'InitBuffer' is deprecated: NOTICE: InitBuffer has been deprecated and will be removed in the next version. Please do not use it! [-Wdeprecated-declarations]
DEBUG         tensor[(uint32_t)BufferType::ASCEND_CB].InitBuffer(0, bufferSize[(uint32_t)BufferType::ASCEND_CB]);
DEBUG                                                 ^
DEBUG /ws/source/vllm-ascend/csrc/mla_preprocess/op_kernel/mla_preprocess_mix_fp16.hpp:2072:23: note: in instantiation of member function 'AsdopsBuffer<ArchType::ASCEND_V220>::AsdopsBuffer' requested here
DEBUG     __aicore__ inline MLAOperation(const MlaTilingData &mlaParams_, GM_ADDR tilingGm)
DEBUG                       ^
DEBUG /ws/source/vllm-ascend/csrc/mla_preprocess/op_kernel/mla_preprocess_kernel.cpp:163:106: note: in instantiation of member function 'MLAPO_FP16::MLAOperation<'\x00', DataFormat::NZ, DataFormat::NZ, DataFormat::ND>::MLAOperation' requested here
DEBUG             MLAPO_FP16::MLAOperation<CACHE_MODE_KVCACHE, DataFormat::NZ, DataFormat::NZ, DataFormat::ND> opFp16Cm0Qm0(
DEBUG                                                                                                          ^
DEBUG /usr/local/Ascend/cann-9.1.0/aarch64-linux/asc/include/basic_api/../../impl/basic_api/kernel_tensor_base.h:174:7: note: 'InitBuffer' has been explicitly marked deprecated here
DEBUG     [[deprecated("NOTICE: InitBuffer has been deprecated and will be removed in the next version. "
DEBUG       ^
DEBUG In file included from /tmp/tmp5h9ha8cq.build-temp/auto_gen/vllm_ascend_kernels/auto_gen_mla_preprocess_kernel.cpp:7:
DEBUG In file included from /ws/source/vllm-ascend/csrc/mla_preprocess/op_kernel/mla_preprocess_kernel.cpp:16:
DEBUG In file included from /ws/source/vllm-ascend/csrc/mla_preprocess/op_kernel/mla_preprocess_mix_fp16.hpp:14:
DEBUG In file included from /ws/source/vllm-ascend/csrc/mla_preprocess/op_kernel/kernel/iterators/../iterator.h:19:
DEBUG /ws/source/vllm-ascend/csrc/mla_preprocess/op_kernel/kernel/mem.h:52:50: warning: 'InitBuffer' is deprecated: NOTICE: InitBuffer has been deprecated and will be removed in the next version. Please do not use it! [-Wdeprecated-declarations]
DEBUG         tensor[(uint32_t)BufferType::ASCEND_L0A].InitBuffer(0, bufferSize[(uint32_t)BufferType::ASCEND_L0A]);
DEBUG                                                  ^
DEBUG /usr/local/Ascend/cann-9.1.0/aarch64-linux/asc/include/basic_api/../../impl/basic_api/kernel_tensor_base.h:174:7: note: 'InitBuffer' has been explicitly marked deprecated here
DEBUG     [[deprecated("NOTICE: InitBuffer has been deprecated and will be removed in the next version. "
DEBUG       ^
DEBUG In file included from /tmp/tmp5h9ha8cq.build-temp/auto_gen/vllm_ascend_kernels/auto_gen_mla_preprocess_kernel.cpp:7:
DEBUG In file included from /ws/source/vllm-ascend/csrc/mla_preprocess/op_kernel/mla_preprocess_kernel.cpp:16:
DEBUG In file included from /ws/source/vllm-ascend/csrc/mla_preprocess/op_kernel/mla_preprocess_mix_fp16.hpp:14:
DEBUG In file included from /ws/source/vllm-ascend/csrc/mla_preprocess/op_kernel/kernel/iterators/../iterator.h:19:
DEBUG /ws/source/vllm-ascend/csrc/mla_preprocess/op_kernel/kernel/mem.h:54:50: warning: 'InitBuffer' is deprecated: NOTICE: InitBuffer has been deprecated and will be removed in the next version. Please do not use it! [-Wdeprecated-declarations]
DEBUG         tensor[(uint32_t)BufferType::ASCEND_L0B].InitBuffer(0, bufferSize[(uint32_t)BufferType::ASCEND_L0B]);
DEBUG                                                  ^
DEBUG /usr/local/Ascend/cann-9.1.0/aarch64-linux/asc/include/basic_api/../../impl/basic_api/kernel_tensor_base.h:174:7: note: 'InitBuffer' has been explicitly marked deprecated here
DEBUG     [[deprecated("NOTICE: InitBuffer has been deprecated and will be removed in the next version. "
DEBUG       ^
DEBUG In file included from /tmp/tmp5h9ha8cq.build-temp/auto_gen/vllm_ascend_kernels/auto_gen_mla_preprocess_kernel.cpp:7:
DEBUG In file included from /ws/source/vllm-ascend/csrc/mla_preprocess/op_kernel/mla_preprocess_kernel.cpp:16:
DEBUG In file included from /ws/source/vllm-ascend/csrc/mla_preprocess/op_kernel/mla_preprocess_mix_fp16.hpp:14:
DEBUG In file included from /ws/source/vllm-ascend/csrc/mla_preprocess/op_kernel/kernel/iterators/../iterator.h:19:
DEBUG /ws/source/vllm-ascend/csrc/mla_preprocess/op_kernel/kernel/mem.h:56:50: warning: 'InitBuffer' is deprecated: NOTICE: InitBuffer has been deprecated and will be removed in the next version. Please do not use it! [-Wdeprecated-declarations]
DEBUG         tensor[(uint32_t)BufferType::ASCEND_L0C].InitBuffer(0, bufferSize[(uint32_t)BufferType::ASCEND_L0C]);
DEBUG                                                  ^
DEBUG /usr/local/Ascend/cann-9.1.0/aarch64-linux/asc/include/basic_api/../../impl/basic_api/kernel_tensor_base.h:174:7: note: 'InitBuffer' has been explicitly marked deprecated here
DEBUG     [[deprecated("NOTICE: InitBuffer has been deprecated and will be removed in the next version. "
DEBUG       ^
DEBUG In file included from /tmp/tmp5h9ha8cq.build-temp/auto_gen/vllm_ascend_kernels/auto_gen_mla_preprocess_kernel.cpp:7:
DEBUG In file included from /ws/source/vllm-ascend/csrc/mla_preprocess/op_kernel/mla_preprocess_kernel.cpp:16:
DEBUG /ws/source/vllm-ascend/csrc/mla_preprocess/op_kernel/mla_preprocess_mix_fp16.hpp:1687:14: warning: 'InitBuffer' is deprecated: NOTICE: InitBuffer has been deprecated and will be removed in the next version. Please do not use it! [-Wdeprecated-declarations]
DEBUG     scale_fb.InitBuffer(0, FB_BUFF_SIZE);
DEBUG              ^
DEBUG /ws/source/vllm-ascend/csrc/mla_preprocess/op_kernel/mla_preprocess_mix_fp16.hpp:1555:5: note: in instantiation of member function 'MLAPO_FP16::PpMatmulW8a8<false, true, true, 0, DataFormat::ND, DataFormat::NZ>::InitBuffer' requested here
DEBUG     InitBuffer();
DEBUG     ^
DEBUG /ws/source/vllm-ascend/csrc/mla_preprocess/op_kernel/mla_preprocess_mix_fp16.hpp:2124:19: note: in instantiation of member function 'MLAPO_FP16::PpMatmulW8a8<false, true, true, 0, DataFormat::ND, DataFormat::NZ>::Init' requested here
DEBUG         mm_w8a8_1.Init(s1GmTensor, wdqkvGmTensor, bias1gmTensor, descale1gmTensor, s3GmTensor, mlaParams, 0);
DEBUG                   ^
DEBUG /ws/source/vllm-ascend/csrc/mla_preprocess/op_kernel/mla_preprocess_kernel.cpp:165:26: note: in instantiation of member function 'MLAPO_FP16::MLAOperation<'\x00', DataFormat::NZ, DataFormat::NZ, DataFormat::ND>::Init' requested here
DEBUG             opFp16Cm0Qm0.Init(hiddenState, quantScale1, quantOffset1, wdqkv, bias1, gamma2, beta2,
DEBUG                          ^
DEBUG /usr/local/Ascend/cann-9.1.0/aarch64-linux/asc/include/basic_api/../../impl/basic_api/kernel_tensor_base.h:174:7: note: 'InitBuffer' has been explicitly marked deprecated here
DEBUG     [[deprecated("NOTICE: InitBuffer has been deprecated and will be removed in the next version. "
DEBUG       ^
DEBUG In file included from /tmp/tmp5h9ha8cq.build-temp/auto_gen/vllm_ascend_kernels/auto_gen_mla_preprocess_kernel.cpp:7:
DEBUG In file included from /ws/source/vllm-ascend/csrc/mla_preprocess/op_kernel/mla_preprocess_kernel.cpp:16:
DEBUG /ws/source/vllm-ascend/csrc/mla_preprocess/op_kernel/mla_preprocess_mix_fp16.hpp:1687:14: warning: 'InitBuffer' is deprecated: NOTICE: InitBuffer has been deprecated and will be removed in the next version. Please do not use it! [-Wdeprecated-declarations]
DEBUG     scale_fb.InitBuffer(0, FB_BUFF_SIZE);
DEBUG              ^
DEBUG /ws/source/vllm-ascend/csrc/mla_preprocess/op_kernel/mla_preprocess_mix_fp16.hpp:1555:5: note: in instantiation of member function 'MLAPO_FP16::PpMatmulW8a8<false, true, true, 1, DataFormat::ND, DataFormat::NZ>::InitBuffer' requested here
DEBUG     InitBuffer();
DEBUG     ^
DEBUG /ws/source/vllm-ascend/csrc/mla_preprocess/op_kernel/mla_preprocess_mix_fp16.hpp:2153:19: note: in instantiation of member function 'MLAPO_FP16::PpMatmulW8a8<false, true, true, 1, DataFormat::ND, DataFormat::NZ>::Init' requested here
DEBUG         mm_w8a8_2.Init(s1GmTensor, wuqGmTensor, bias2gmTensor, descale2gmTensor, s2GmTensor, mlaParams, 1);
DEBUG                   ^
DEBUG /ws/source/vllm-ascend/csrc/mla_preprocess/op_kernel/mla_preprocess_kernel.cpp:165:26: note: in instantiation of member function 'MLAPO_FP16::MLAOperation<'\x00', DataFormat::NZ, DataFormat::NZ, DataFormat::ND>::Init' requested here
DEBUG             opFp16Cm0Qm0.Init(hiddenState, quantScale1, quantOffset1, wdqkv, bias1, gamma2, beta2,
DEBUG                          ^
DEBUG /usr/local/Ascend/cann-9.1.0/aarch64-linux/asc/include/basic_api/../../impl/basic_api/kernel_tensor_base.h:174:7: note: 'InitBuffer' has been explicitly marked deprecated here
DEBUG     [[deprecated("NOTICE: InitBuffer has been deprecated and will be removed in the next version. "
DEBUG       ^
DEBUG In file included from /tmp/tmp5h9ha8cq.build-temp/auto_gen/vllm_ascend_kernels/auto_gen_mla_preprocess_kernel.cpp:7:
DEBUG In file included from /ws/source/vllm-ascend/csrc/mla_preprocess/op_kernel/mla_preprocess_kernel.cpp:16:
DEBUG In file included from /ws/source/vllm-ascend/csrc/mla_preprocess/op_kernel/mla_preprocess_mix_fp16.hpp:14:
DEBUG In file included from /ws/source/vllm-ascend/csrc/mla_preprocess/op_kernel/kernel/iterators/../iterator.h:88:
DEBUG /ws/source/vllm-ascend/csrc/mla_preprocess/op_kernel/kernel/iterators/l1_to_bt_iterator.inc:30:19: warning: 'InitBuffer' is deprecated: NOTICE: InitBuffer has been deprecated and will be removed in the next version. Please do not use it! [-Wdeprecated-declarations]
DEBUG         dstTensor.InitBuffer(dst, nBurst * lenBurst);
DEBUG                   ^
DEBUG /ws/source/vllm-ascend/csrc/mla_preprocess/op_kernel/mla_preprocess_mix_fp16.hpp:2003:25: note: in instantiation of member function 'l1_to_bt<ArchType::ASCEND_V220, int>::l1_to_bt' requested here
DEBUG                         l1_to_bt<ArchType::ASCEND_V220, BiasDtype>(
DEBUG                         ^
DEBUG /ws/source/vllm-ascend/csrc/mla_preprocess/op_kernel/mla_preprocess_mix_fp16.hpp:2472:15: note: in instantiation of member function 'MLAPO_FP16::PpMatmulW8a8<false, true, true, 0, DataFormat::ND, DataFormat::NZ>::Process' requested here
DEBUG     mm_w8a8_1.Process();
DEBUG               ^
DEBUG /ws/source/vllm-ascend/csrc/mla_preprocess/op_kernel/mla_preprocess_kernel.cpp:170:30: note: in instantiation of member function 'MLAPO_FP16::MLAOperation<'\x00', DataFormat::NZ, DataFormat::NZ, DataFormat::ND>::ProcessCube' requested here
DEBUG                 opFp16Cm0Qm0.ProcessCube();
DEBUG                              ^
DEBUG /usr/local/Ascend/cann-9.1.0/aarch64-linux/asc/include/basic_api/../../impl/basic_api/kernel_tensor_base.h:174:7: note: 'InitBuffer' has been explicitly marked deprecated here
DEBUG     [[deprecated("NOTICE: InitBuffer has been deprecated and will be removed in the next version. "
DEBUG       ^
DEBUG In file included from /tmp/tmp5h9ha8cq.build-temp/auto_gen/vllm_ascend_kernels/auto_gen_mla_preprocess_kernel.cpp:7:
DEBUG In file included from /ws/source/vllm-ascend/csrc/mla_preprocess/op_kernel/mla_preprocess_kernel.cpp:16:
DEBUG In file included from /ws/source/vllm-ascend/csrc/mla_preprocess/op_kernel/mla_preprocess_mix_fp16.hpp:16:
DEBUG /ws/source/vllm-ascend/csrc/mla_preprocess/op_kernel/kernel/mma.h:52:20: warning: 'InitBuffer' is deprecated: NOTICE: InitBuffer has been deprecated and will be removed in the next version. Please do not use it! [-Wdeprecated-declarations]
DEBUG         biasTensor.InitBuffer(biasBt, nTileActual);
DEBUG                    ^
DEBUG /ws/source/vllm-ascend/csrc/mla_preprocess/op_kernel/mla_preprocess_mix_fp16.hpp:2014:25: note: in instantiation of member function 'mmad<ArchType::ASCEND_V220, signed char, signed char, int, false>::mmad' requested here
DEBUG                         Mmad(l0c_buf, l0a_buf, l0b_buf, ((uint64_t)bias_bt),
DEBUG                         ^
DEBUG /ws/source/vllm-ascend/csrc/mla_preprocess/op_kernel/mla_preprocess_mix_fp16.hpp:2472:15: note: in instantiation of member function 'MLAPO_FP16::PpMatmulW8a8<false, true, true, 0, DataFormat::ND, DataFormat::NZ>::Process' requested here
DEBUG     mm_w8a8_1.Process();
DEBUG               ^
DEBUG /ws/source/vllm-ascend/csrc/mla_preprocess/op_kernel/mla_preprocess_kernel.cpp:170:30: note: in instantiation of member function 'MLAPO_FP16::MLAOperation<'\x00', DataFormat::NZ, DataFormat::NZ, DataFormat::ND>::ProcessCube' requested here
DEBUG                 opFp16Cm0Qm0.ProcessCube();
DEBUG                              ^
DEBUG /usr/local/Ascend/cann-9.1.0/aarch64-linux/asc/include/basic_api/../../impl/basic_api/kernel_tensor_base.h:174:7: note: 'InitBuffer' has been explicitly marked deprecated here
DEBUG     [[deprecated("NOTICE: InitBuffer has been deprecated and will be removed in the next version. "
DEBUG       ^
DEBUG In file included from /tmp/tmp5h9ha8cq.build-temp/auto_gen/vllm_ascend_kernels/auto_gen_mla_preprocess_kernel.cpp:7:
DEBUG In file included from /ws/source/vllm-ascend/csrc/mla_preprocess/op_kernel/mla_preprocess_kernel.cpp:16:
DEBUG In file included from /ws/source/vllm-ascend/csrc/mla_preprocess/op_kernel/mla_preprocess_mix_fp16.hpp:14:
DEBUG In file included from /ws/source/vllm-ascend/csrc/mla_preprocess/op_kernel/kernel/iterators/../iterator.h:19:
DEBUG /ws/source/vllm-ascend/csrc/mla_preprocess/op_kernel/kernel/mem.h:47:49: warning: 'InitBuffer' is deprecated: NOTICE: InitBuffer has been deprecated and will be removed in the next version. Please do not use it! [-Wdeprecated-declarations]
DEBUG         tensor[(uint32_t)BufferType::ASCEND_UB].InitBuffer(0, bufferSize[(uint32_t)BufferType::ASCEND_UB]);
DEBUG                                                 ^
DEBUG /ws/source/vllm-ascend/csrc/mla_preprocess/op_kernel/mla_preprocess_mix_fp16.hpp:2072:23: note: in instantiation of member function 'AsdopsBuffer<ArchType::ASCEND_V220>::AsdopsBuffer' requested here
DEBUG     __aicore__ inline MLAOperation(const MlaTilingData &mlaParams_, GM_ADDR tilingGm)
DEBUG                       ^
DEBUG /ws/source/vllm-ascend/csrc/mla_preprocess/op_kernel/mla_preprocess_kernel.cpp:163:106: note: in instantiation of member function 'MLAPO_FP16::MLAOperation<'\x00', DataFormat::NZ, DataFormat::NZ, DataFormat::ND>::MLAOperation' requested here
DEBUG             MLAPO_FP16::MLAOperation<CACHE_MODE_KVCACHE, DataFormat::NZ, DataFormat::NZ, DataFormat::ND> opFp16Cm0Qm0(
DEBUG                                                                                                          ^
DEBUG /usr/local/Ascend/cann-9.1.0/aarch64-linux/asc/include/basic_api/../../impl/basic_api/kernel_tensor_base.h:174:7: note: 'InitBuffer' has been explicitly marked deprecated here
DEBUG     [[deprecated("NOTICE: InitBuffer has been deprecated and will be removed in the next version. "
DEBUG       ^
DEBUG [100%] Built target device_aiv_obj
DEBUG /usr/local/Ascend/cann-9.1.0/aarch64-linux/ccec_compiler/bin/ld.lld  -m aicorelinux -r  -Ttext=0 /tmp/tmp5h9ha8cq.build-temp/vllm_ascend_kernels_aiv_device-prefix/src/vllm_ascend_kernels_aiv_device-build/CMakeFiles/device_aiv_obj.dir/tmp/tmp5h9ha8cq.build-temp/auto_gen/vllm_ascend_kernels/auto_gen_bgmv_expand.cpp.o /tmp/tmp5h9ha8cq.build-temp/vllm_ascend_kernels_aiv_device-prefix/src/vllm_ascend_kernels_aiv_device-build/CMakeFiles/device_aiv_obj.dir/tmp/tmp5h9ha8cq.build-temp/auto_gen/vllm_ascend_kernels/auto_gen_bgmv_shrink.cpp.o /tmp/tmp5h9ha8cq.build-temp/vllm_ascend_kernels_aiv_device-prefix/src/vllm_ascend_kernels_aiv_device-build/CMakeFiles/device_aiv_obj.dir/tmp/tmp5h9ha8cq.build-temp/auto_gen/vllm_ascend_kernels/auto_gen_sgmv_expand.cpp.o /tmp/tmp5h9ha8cq.build-temp/vllm_ascend_kernels_aiv_device-prefix/src/vllm_ascend_kernels_aiv_device-build/CMakeFiles/device_aiv_obj.dir/tmp/tmp5h9ha8cq.build-temp/auto_gen/vllm_ascend_kernels/auto_gen_sgmv_shrink.cpp.o -static -o /tmp/tmp5h9ha8cq.build-temp/vllm_ascend_kernels_aiv_device_dir/device_aiv.o
DEBUG [100%] Built target merge_aiv_device_obj
DEBUG 4 warnings generated.
DEBUG [100%] Built target device_obj
DEBUG /usr/local/Ascend/cann-9.1.0/aarch64-linux/ccec_compiler/bin/ld.lld  -m aicorelinux -r  -Ttext=0 /tmp/tmp5h9ha8cq.build-temp/vllm_ascend_kernels_aiv_device-prefix/src/vllm_ascend_kernels_aiv_device-build/CMakeFiles/device_obj.dir/tmp/tmp5h9ha8cq.build-temp/auto_gen/vllm_ascend_kernels/auto_gen_mla_preprocess_kernel.cpp.o -static -o /tmp/tmp5h9ha8cq.build-temp/vllm_ascend_kernels_aiv_device_dir/device.o
DEBUG [100%] Built target merge_device_obj
DEBUG [ 77%] No install step for 'vllm_ascend_kernels_aiv_device'
DEBUG [ 79%] Completed 'vllm_ascend_kernels_aiv_device'
DEBUG [ 79%] Built target vllm_ascend_kernels_aiv_device
DEBUG 15 warnings generated.
DEBUG [100%] Built target device_obj
DEBUG /usr/local/Ascend/cann-9.1.0/aarch64-linux/ccec_compiler/bin/ld.lld  -m aicorelinux -r  -Ttext=0 /tmp/tmp5h9ha8cq.build-temp/vllm_ascend_kernels_aic_device-prefix/src/vllm_ascend_kernels_aic_device-build/CMakeFiles/device_obj.dir/tmp/tmp5h9ha8cq.build-temp/auto_gen/vllm_ascend_kernels/auto_gen_mla_preprocess_kernel.cpp.o -static -o /tmp/tmp5h9ha8cq.build-temp/vllm_ascend_kernels_aic_device_dir/device.o
DEBUG [100%] Built target merge_device_obj
DEBUG [ 81%] No install step for 'vllm_ascend_kernels_aic_device'
DEBUG [ 83%] Completed 'vllm_ascend_kernels_aic_device'
DEBUG [ 83%] Built target vllm_ascend_kernels_aic_device
DEBUG /usr/local/Ascend/cann-9.1.0/aarch64-linux/ccec_compiler/bin/ld.lld -x -m aicorelinux   -Ttext=0 /tmp/tmp5h9ha8cq.build-temp/vllm_ascend_kernels_aic_device_dir/device.o /tmp/tmp5h9ha8cq.build-temp/vllm_ascend_kernels_aiv_device_dir/device.o -static -o /tmp/tmp5h9ha8cq.build-temp/vllm_ascend_kernels_merge_obj_dir/device.o
DEBUG /usr/local/Ascend/cann-9.1.0/aarch64-linux/ccec_compiler/bin/ld.lld -x -m aicorelinux   -Ttext=0 /tmp/tmp5h9ha8cq.build-temp/vllm_ascend_kernels_aiv_device_dir/device_aiv.o -static -o /tmp/tmp5h9ha8cq.build-temp/vllm_ascend_kernels_merge_obj_dir/device_aiv.o
DEBUG [ 83%] Built target vllm_ascend_kernels_merge_obj
DEBUG [ 85%] Building CXX object CMakeFiles/vllm_ascend_kernels_host_stub_obj.dir/auto_gen/vllm_ascend_kernels/host_stub.cpp.o
DEBUG [ 85%] Built target vllm_ascend_kernels_host_stub_obj
DEBUG [ 87%] Linking CXX shared library lib/libvllm_ascend_kernels.so
DEBUG /usr/local/Ascend/cann-9.1.0/bin/ascendc_pack_kernel /tmp/tmp5h9ha8cq.build-temp/CMakeFiles/vllm_ascend_kernels_host_stub_obj.dir/auto_gen/vllm_ascend_kernels/host_stub.cpp.o /tmp/tmp5h9ha8cq.build-temp/vllm_ascend_kernels_merge_obj_dir/device.o 0 /tmp/tmp5h9ha8cq.build-temp/CMakeFiles/vllm_ascend_kernels_host_stub_obj.dir/auto_gen/vllm_ascend_kernels/host_stub.cpp.o
DEBUG /usr/local/Ascend/cann-9.1.0/bin/ascendc_pack_kernel /tmp/tmp5h9ha8cq.build-temp/CMakeFiles/vllm_ascend_kernels_host_stub_obj.dir/auto_gen/vllm_ascend_kernels/host_stub.cpp.o /tmp/tmp5h9ha8cq.build-temp/vllm_ascend_kernels_merge_obj_dir/device_aiv.o 1 /tmp/tmp5h9ha8cq.build-temp/CMakeFiles/vllm_ascend_kernels_host_stub_obj.dir/auto_gen/vllm_ascend_kernels/host_stub.cpp.o
DEBUG recompile: /usr/bin/c++ -fPIC -O3 -DNDEBUG -shared -Wl,-z,relro -Wl,-z,now -Wl,-z,noexecstack -s -Wl,--dependency-file=CMakeFiles/vllm_ascend_kernels.dir/link.d -Wl,-soname,libvllm_ascend_kernels.so -o lib/libvllm_ascend_kernels.so CMakeFiles/vllm_ascend_kernels_host_stub_obj.dir/auto_gen/vllm_ascend_kernels/host_stub.cpp.o /tmp/tmp5h9ha8cq.build-temp/vllm_ascend_kernels_host_dir/objects-Release/host_bisheng_obj/ws/source/vllm-ascend/csrc/kernels/bgmv_expand.cpp.o /tmp/tmp5h9ha8cq.build-temp/vllm_ascend_kernels_host_dir/objects-Release/host_bisheng_obj/ws/source/vllm-ascend/csrc/kernels/bgmv_shrink.cpp.o /tmp/tmp5h9ha8cq.build-temp/vllm_ascend_kernels_host_dir/objects-Release/host_bisheng_obj/ws/source/vllm-ascend/csrc/kernels/sgmv_expand.cpp.o /tmp/tmp5h9ha8cq.build-temp/vllm_ascend_kernels_host_dir/objects-Release/host_bisheng_obj/ws/source/vllm-ascend/csrc/kernels/sgmv_shrink.cpp.o /tmp/tmp5h9ha8cq.build-temp/vllm_ascend_kernels_host_dir/objects-Release/host_bisheng_obj/ws/source/vllm-ascend/csrc/mla_preprocess/op_kernel/mla_preprocess_kernel.cpp.o    -L/usr/local/Ascend/cann-9.1.0/lib64  -L/usr/local/Ascend/cann-9.1.0/tools/simulator/ascend910b4/lib  /usr/local/Ascend/cann-9.1.0/lib64/libascendc_runtime.a -lascend_dump -lc_sec
DEBUG [ 87%] Built target vllm_ascend_kernels
DEBUG [ 97%] Building CXX object CMakeFiles/vllm_ascend_C.dir/csrc/torch_binding.cpp.o
DEBUG [ 97%] Building CXX object CMakeFiles/vllm_ascend_C.dir/csrc/torch_binding_meta.cpp.o
DEBUG [ 97%] Building CXX object CMakeFiles/vllm_ascend_C.dir/csrc/aclnn_torch_adapter/NPUBridge.cpp.o
DEBUG [ 97%] Building CXX object CMakeFiles/vllm_ascend_C.dir/csrc/camem_allocator.cpp.o
DEBUG [ 97%] Building CXX object CMakeFiles/vllm_ascend_C.dir/csrc/aclnn_torch_adapter/NPUStorageImpl.cpp.o
DEBUG /ws/source/vllm-ascend/csrc/torch_binding_meta.cpp: In function ‘std::tuple<at::Tensor, at::Tensor, at::Tensor> vllm_ascend::meta::moe_gating_top_k_meta(const at::Tensor&, int64_t, int64_t, int64_t, int64_t, int64_t, int64_t, bool, double, double, const std::optional<at::Tensor>&)’:
DEBUG /ws/source/vllm-ascend/csrc/torch_binding_meta.cpp:550:48: warning: ‘constexpr T c10::value_or_else(const std::optional<_Tp>&, F&&) [with T = at::Tensor; F = vllm_ascend::meta::moe_gating_top_k_meta(const at::Tensor&, int64_t, int64_t, int64_t, int64_t, int64_t, int64_t, bool, double, double, const std::optional<at::Tensor>&)::<lambda()>]’ is deprecated: Please use std::optional::value_or instead of c10::value_or_else [-Wdeprecated-declarations]
DEBUG   550 |     const at::Tensor &bias = c10::value_or_else(bias_opt, [] { return at::Tensor(); });
DEBUG       |                              ~~~~~~~~~~~~~~~~~~^~~~~~~~~~~~~~~~~~~~~~~~~~~~~~~~~~~~~~~
DEBUG In file included from /usr/local/python3.12.13/lib/python3.12/site-packages/torch/include/c10/core/SymInt.h:9,
DEBUG                  from /usr/local/python3.12.13/lib/python3.12/site-packages/torch/include/c10/core/Scalar.h:13,
DEBUG                  from /usr/local/python3.12.13/lib/python3.12/site-packages/torch/include/ATen/core/TensorBody.h:17,
DEBUG                  from /usr/local/python3.12.13/lib/python3.12/site-packages/torch/include/ATen/core/Tensor.h:4,
DEBUG                  from /usr/local/python3.12.13/lib/python3.12/site-packages/torch/include/ATen/Tensor.h:4,
DEBUG                  from /usr/local/python3.12.13/lib/python3.12/site-packages/torch/include/torch/csrc/autograd/function_hook.h:4,
DEBUG                  from /usr/local/python3.12.13/lib/python3.12/site-packages/torch/include/torch/csrc/autograd/cpp_hook.h:3,
DEBUG                  from /usr/local/python3.12.13/lib/python3.12/site-packages/torch/include/torch/csrc/autograd/variable.h:7,
DEBUG                  from /usr/local/python3.12.13/lib/python3.12/site-packages/torch/include/torch/csrc/autograd/autograd.h:4,
DEBUG                  from /usr/local/python3.12.13/lib/python3.12/site-packages/torch/include/torch/csrc/api/include/torch/autograd.h:4,
DEBUG                  from /usr/local/python3.12.13/lib/python3.12/site-packages/torch/include/torch/csrc/api/include/torch/all.h:8,
DEBUG                  from /usr/local/python3.12.13/lib/python3.12/site-packages/torch/include/torch/extension.h:6,
DEBUG                  from /ws/source/vllm-ascend/csrc/torch_binding_meta.cpp:1:
DEBUG /usr/local/python3.12.13/lib/python3.12/site-packages/torch/include/c10/util/Optional.h:40:1: note: declared here
DEBUG    40 | value_or_else(const std::optional<T>& v, F&& func) {
DEBUG       | ^~~~~~~~~~~~~
DEBUG In file included from /ws/source/vllm-ascend/csrc/torch_binding.cpp:31:
DEBUG /ws/source/vllm-ascend/csrc/moe/add_rms_norm_bias/add_rms_norm_bias_torch_adpt.h: In function ‘std::tuple<at::Tensor, at::Tensor, at::Tensor> vllm_ascend::npu_add_rms_norm_bias(const at::Tensor&, const at::Tensor&, const at::Tensor&, const std::optional<at::Tensor>&, double)’:
DEBUG /ws/source/vllm-ascend/csrc/aclnn_torch_adapter/op_api_common.h:743:22: warning: narrowing conversion of ‘workspace_size’ from ‘uint64_t’ {aka ‘long unsigned int’} to ‘long int’ [-Wnarrowing]
DEBUG   743 |           at::empty({workspace_size}, options.dtype(kByte));                  \
DEBUG       |                      ^~~~~~~~~~~~~~
DEBUG /ws/source/vllm-ascend/csrc/moe/add_rms_norm_bias/add_rms_norm_bias_torch_adpt.h:49:5: note: in expansion of macro ‘EXEC_NPU_CMD’
DEBUG    49 |     EXEC_NPU_CMD(aclnnAddRmsNormBias, x1, x2, gamma, beta, epsilon, y, rstd, x);
DEBUG       |     ^~~~~~~~~~~~
DEBUG /ws/source/vllm-ascend/csrc/aclnn_torch_adapter/op_api_common.h:743:22: warning: narrowing conversion of ‘workspace_size’ from ‘uint64_t’ {aka ‘long unsigned int’} to ‘long int’ [-Wnarrowing]
DEBUG   743 |           at::empty({workspace_size}, options.dtype(kByte));                  \
DEBUG       |                      ^~~~~~~~~~~~~~
DEBUG /ws/source/vllm-ascend/csrc/moe/add_rms_norm_bias/add_rms_norm_bias_torch_adpt.h:49:5: note: in expansion of macro ‘EXEC_NPU_CMD’
DEBUG    49 |     EXEC_NPU_CMD(aclnnAddRmsNormBias, x1, x2, gamma, beta, epsilon, y, rstd, x);
DEBUG       |     ^~~~~~~~~~~~
DEBUG /ws/source/vllm-ascend/csrc/moe/rms_norm_cast/rms_norm_cast_torch_adpt.h: In function ‘std::tuple<at::Tensor, at::Tensor> vllm_ascend::npu_rms_norm_cast(const at::Tensor&, const at::Tensor&, double)’:
DEBUG /ws/source/vllm-ascend/csrc/aclnn_torch_adapter/op_api_common.h:743:22: warning: narrowing conversion of ‘workspace_size’ from ‘uint64_t’ {aka ‘long unsigned int’} to ‘long int’ [-Wnarrowing]
DEBUG   743 |           at::empty({workspace_size}, options.dtype(kByte));                  \
DEBUG       |                      ^~~~~~~~~~~~~~
DEBUG /ws/source/vllm-ascend/csrc/moe/rms_norm_cast/rms_norm_cast_torch_adpt.h:21:5: note: in expansion of macro ‘EXEC_NPU_CMD’
DEBUG    21 |     EXEC_NPU_CMD(aclnnRmsNormCast, x, gamma, epsilon, y, y_fp32);
DEBUG       |     ^~~~~~~~~~~~
DEBUG /ws/source/vllm-ascend/csrc/aclnn_torch_adapter/op_api_common.h:743:22: warning: narrowing conversion of ‘workspace_size’ from ‘uint64_t’ {aka ‘long unsigned int’} to ‘long int’ [-Wnarrowing]
DEBUG   743 |           at::empty({workspace_size}, options.dtype(kByte));                  \
DEBUG       |                      ^~~~~~~~~~~~~~
DEBUG /ws/source/vllm-ascend/csrc/moe/rms_norm_cast/rms_norm_cast_torch_adpt.h:21:5: note: in expansion of macro ‘EXEC_NPU_CMD’
DEBUG    21 |     EXEC_NPU_CMD(aclnnRmsNormCast, x, gamma, epsilon, y, y_fp32);
DEBUG       |     ^~~~~~~~~~~~
DEBUG /ws/source/vllm-ascend/csrc/torch_binding_meta.cpp: In function ‘std::tuple<at::Tensor, at::Tensor, at::Tensor> vllm_ascend::meta::chunk_gated_delta_rule_fwd_h_meta(const at::Tensor&, const at::Tensor&, const at::Tensor&, const std::optional<at::Tensor>&, const std::optional<at::Tensor>&, const std::optional<at::Tensor>&, std::optional<bool>, std::optional<long int>, std::optional<bool>, std::optional<c10::ArrayRef<long int> >, std::optional<c10::ArrayRef<long int> >, std::optional<bool>, std::optional<bool>)’:
DEBUG /ws/source/vllm-ascend/csrc/torch_binding_meta.cpp:1808:58: warning: ‘constexpr T c10::value_or_else(const std::optional<_Tp>&, F&&) [with T = at::Tensor; F = vllm_ascend::meta::chunk_gated_delta_rule_fwd_h_meta(const at::Tensor&, const at::Tensor&, const at::Tensor&, const std::optional<at::Tensor>&, const std::optional<at::Tensor>&, const std::optional<at::Tensor>&, std::optional<bool>, std::optional<long int>, std::optional<bool>, std::optional<c10::ArrayRef<long int> >, std::optional<c10::ArrayRef<long int> >, std::optional<bool>, std::optional<bool>)::<lambda()>]’ is deprecated: Please use std::optional::value_or instead of c10::value_or_else [-Wdeprecated-declarations]
DEBUG  1808 |     const at::Tensor &initial_state_ = c10::value_or_else(initial_state, [] { return at::Tensor(); });
DEBUG       |                                        ~~~~~~~~~~~~~~~~~~^~~~~~~~~~~~~~~~~~~~~~~~~~~~~~~~~~~~~~~~~~~~
DEBUG /usr/local/python3.12.13/lib/python3.12/site-packages/torch/include/c10/util/Optional.h:40:1: note: declared here
DEBUG    40 | value_or_else(const std::optional<T>& v, F&& func) {
DEBUG       | ^~~~~~~~~~~~~
DEBUG /ws/source/vllm-ascend/csrc/torch_binding_meta.cpp:1810:46: warning: ‘constexpr T c10::value_or_else(const std::optional<_Tp>&, F&&) [with T = at::Tensor; F = vllm_ascend::meta::chunk_gated_delta_rule_fwd_h_meta(const at::Tensor&, const at::Tensor&, const at::Tensor&, const std::optional<at::Tensor>&, const std::optional<at::Tensor>&, const std::optional<at::Tensor>&, std::optional<bool>, std::optional<long int>, std::optional<bool>, std::optional<c10::ArrayRef<long int> >, std::optional<c10::ArrayRef<long int> >, std::optional<bool>, std::optional<bool>)::<lambda()>]’ is deprecated: Please use std::optional::value_or instead of c10::value_or_else [-Wdeprecated-declarations]
DEBUG  1810 |     const at::Tensor &g_ = c10::value_or_else(g, [] { return at::Tensor(); });
DEBUG       |                            ~~~~~~~~~~~~~~~~~~^~~~~~~~~~~~~~~~~~~~~~~~~~~~~~~~
DEBUG /usr/local/python3.12.13/lib/python3.12/site-packages/torch/include/c10/util/Optional.h:40:1: note: declared here
DEBUG    40 | value_or_else(const std::optional<T>& v, F&& func) {
DEBUG       | ^~~~~~~~~~~~~
DEBUG /ws/source/vllm-ascend/csrc/torch_binding_meta.cpp:1811:47: warning: ‘constexpr T c10::value_or_else(const std::optional<_Tp>&, F&&) [with T = at::Tensor; F = vllm_ascend::meta::chunk_gated_delta_rule_fwd_h_meta(const at::Tensor&, const at::Tensor&, const at::Tensor&, const std::optional<at::Tensor>&, const std::optional<at::Tensor>&, const std::optional<at::Tensor>&, std::optional<bool>, std::optional<long int>, std::optional<bool>, std::optional<c10::ArrayRef<long int> >, std::optional<c10::ArrayRef<long int> >, std::optional<bool>, std::optional<bool>)::<lambda()>]’ is deprecated: Please use std::optional::value_or instead of c10::value_or_else [-Wdeprecated-declarations]
DEBUG  1811 |     const at::Tensor &gk_ = c10::value_or_else(gk, [] { return at::Tensor(); });
DEBUG       |                             ~~~~~~~~~~~~~~~~~~^~~~~~~~~~~~~~~~~~~~~~~~~~~~~~~~~
DEBUG /usr/local/python3.12.13/lib/python3.12/site-packages/torch/include/c10/util/Optional.h:40:1: note: declared here
DEBUG    40 | value_or_else(const std::optional<T>& v, F&& func) {
DEBUG       | ^~~~~~~~~~~~~
DEBUG /ws/source/vllm-ascend/csrc/torch_binding_meta.cpp: In function ‘at::Tensor vllm_ascend::meta::chunk_fwd_o_meta(const at::Tensor&, const at::Tensor&, const at::Tensor&, const at::Tensor&, double, const std::optional<at::Tensor>&, const std::optional<at::Tensor>&, std::optional<c10::ArrayRef<long int> >, std::optional<c10::ArrayRef<long int> >, std::optional<long int>, std::optional<bool>)’:
DEBUG /ws/source/vllm-ascend/csrc/torch_binding_meta.cpp:1865:46: warning: ‘constexpr T c10::value_or_else(const std::optional<_Tp>&, F&&) [with T = at::Tensor; F = vllm_ascend::meta::chunk_fwd_o_meta(const at::Tensor&, const at::Tensor&, const at::Tensor&, const at::Tensor&, double, const std::optional<at::Tensor>&, const std::optional<at::Tensor>&, std::optional<c10::ArrayRef<long int> >, std::optional<c10::ArrayRef<long int> >, std::optional<long int>, std::optional<bool>)::<lambda()>]’ is deprecated: Please use std::optional::value_or instead of c10::value_or_else [-Wdeprecated-declarations]
DEBUG  1865 |     const at::Tensor &g_ = c10::value_or_else(g, [] { return at::Tensor(); });
DEBUG       |                            ~~~~~~~~~~~~~~~~~~^~~~~~~~~~~~~~~~~~~~~~~~~~~~~~~~
DEBUG /usr/local/python3.12.13/lib/python3.12/site-packages/torch/include/c10/util/Optional.h:40:1: note: declared here
DEBUG    40 | value_or_else(const std::optional<T>& v, F&& func) {
DEBUG       | ^~~~~~~~~~~~~
DEBUG /ws/source/vllm-ascend/csrc/mc2/dispatch_ffn_combine/dispatch_ffn_combine_torch_adpt.h: In function ‘std::tuple<at::Tensor&, at::Tensor&> vllm_ascend::dispatch_ffn_combine(const at::Tensor&, const at::TensorList&, const at::TensorList&, const at::Tensor&, const at::TensorList&, const at::TensorList&, const at::TensorList&, const at::TensorList&, const at::Tensor&, c10::string_view, int64_t, at::Tensor&, at::Tensor&, const std::optional<at::Tensor>&, double)’:
DEBUG /ws/source/vllm-ascend/csrc/aclnn_torch_adapter/op_api_common.h:743:22: warning: narrowing conversion of ‘workspace_size’ from ‘uint64_t’ {aka ‘long unsigned int’} to ‘long int’ [-Wnarrowing]
DEBUG   743 |           at::empty({workspace_size}, options.dtype(kByte));                  \
DEBUG       |                      ^~~~~~~~~~~~~~
DEBUG /ws/source/vllm-ascend/csrc/mc2/dispatch_ffn_combine/dispatch_ffn_combine_torch_adpt.h:41:9: note: in expansion of macro ‘EXEC_NPU_CMD’
DEBUG    41 |         EXEC_NPU_CMD(aclnnDispatchFFNCombine,
DEBUG       |         ^~~~~~~~~~~~
DEBUG /ws/source/vllm-ascend/csrc/aclnn_torch_adapter/op_api_common.h:743:22: warning: narrowing conversion of ‘workspace_size’ from ‘uint64_t’ {aka ‘long unsigned int’} to ‘long int’ [-Wnarrowing]
DEBUG   743 |           at::empty({workspace_size}, options.dtype(kByte));                  \
DEBUG       |                      ^~~~~~~~~~~~~~
DEBUG /ws/source/vllm-ascend/csrc/mc2/dispatch_ffn_combine/dispatch_ffn_combine_torch_adpt.h:41:9: note: in expansion of macro ‘EXEC_NPU_CMD’
DEBUG    41 |         EXEC_NPU_CMD(aclnnDispatchFFNCombine,
DEBUG       |         ^~~~~~~~~~~~
DEBUG /ws/source/vllm-ascend/csrc/aclnn_torch_adapter/op_api_common.h:743:22: warning: narrowing conversion of ‘workspace_size’ from ‘uint64_t’ {aka ‘long unsigned int’} to ‘long int’ [-Wnarrowing]
DEBUG   743 |           at::empty({workspace_size}, options.dtype(kByte));                  \
DEBUG       |                      ^~~~~~~~~~~~~~
DEBUG /ws/source/vllm-ascend/csrc/mc2/dispatch_ffn_combine/dispatch_ffn_combine_torch_adpt.h:56:9: note: in expansion of macro ‘EXEC_NPU_CMD’
DEBUG    56 |         EXEC_NPU_CMD(aclnnDispatchFFNCombineW4A8,
DEBUG       |         ^~~~~~~~~~~~
DEBUG /ws/source/vllm-ascend/csrc/aclnn_torch_adapter/op_api_common.h:743:22: warning: narrowing conversion of ‘workspace_size’ from ‘uint64_t’ {aka ‘long unsigned int’} to ‘long int’ [-Wnarrowing]
DEBUG   743 |           at::empty({workspace_size}, options.dtype(kByte));                  \
DEBUG       |                      ^~~~~~~~~~~~~~
DEBUG /ws/source/vllm-ascend/csrc/mc2/dispatch_ffn_combine/dispatch_ffn_combine_torch_adpt.h:56:9: note: in expansion of macro ‘EXEC_NPU_CMD’
DEBUG    56 |         EXEC_NPU_CMD(aclnnDispatchFFNCombineW4A8,
DEBUG       |         ^~~~~~~~~~~~
DEBUG /ws/source/vllm-ascend/csrc/aclnn_torch_adapter/op_api_common.h:743:22: warning: narrowing conversion of ‘workspace_size’ from ‘uint64_t’ {aka ‘long unsigned int’} to ‘long int’ [-Wnarrowing]
DEBUG   743 |           at::empty({workspace_size}, options.dtype(kByte));                  \
DEBUG       |                      ^~~~~~~~~~~~~~
DEBUG /ws/source/vllm-ascend/csrc/mc2/dispatch_ffn_combine/dispatch_ffn_combine_torch_adpt.h:73:9: note: in expansion of macro ‘EXEC_NPU_CMD’
DEBUG    73 |         EXEC_NPU_CMD(aclnnDispatchFFNCombineBF16,
DEBUG       |         ^~~~~~~~~~~~
DEBUG /ws/source/vllm-ascend/csrc/aclnn_torch_adapter/op_api_common.h:743:22: warning: narrowing conversion of ‘workspace_size’ from ‘uint64_t’ {aka ‘long unsigned int’} to ‘long int’ [-Wnarrowing]
DEBUG   743 |           at::empty({workspace_size}, options.dtype(kByte));                  \
DEBUG       |                      ^~~~~~~~~~~~~~
DEBUG /ws/source/vllm-ascend/csrc/mc2/dispatch_ffn_combine/dispatch_ffn_combine_torch_adpt.h:73:9: note: in expansion of macro ‘EXEC_NPU_CMD’
DEBUG    73 |         EXEC_NPU_CMD(aclnnDispatchFFNCombineBF16,
DEBUG       |         ^~~~~~~~~~~~
DEBUG /ws/source/vllm-ascend/csrc/gmm/grouped_matmul_swiglu_quant_weight_nz_tensor_list/grouped_matmul_swiglu_quant_torch_adpt.h: In function ‘std::tuple<at::Tensor, at::Tensor, at::Tensor> vllm_ascend::grouped_matmul_swiglu_quant_weight_nz(const at::Tensor&, const at::Tensor&, const at::Tensor&, const at::Tensor&, const at::Tensor&, const std::optional<at::Tensor>&, const std::optional<at::Tensor>&, double)’:
DEBUG /ws/source/vllm-ascend/csrc/aclnn_torch_adapter/op_api_common.h:743:22: warning: narrowing conversion of ‘workspace_size’ from ‘uint64_t’ {aka ‘long unsigned int’} to ‘long int’ [-Wnarrowing]
DEBUG   743 |           at::empty({workspace_size}, options.dtype(kByte));                  \
DEBUG       |                      ^~~~~~~~~~~~~~
DEBUG /ws/source/vllm-ascend/csrc/gmm/grouped_matmul_swiglu_quant_weight_nz_tensor_list/grouped_matmul_swiglu_quant_torch_adpt.h:37:5: note: in expansion of macro ‘EXEC_NPU_CMD’
DEBUG    37 |     EXEC_NPU_CMD(
DEBUG       |     ^~~~~~~~~~~~
DEBUG /ws/source/vllm-ascend/csrc/aclnn_torch_adapter/op_api_common.h:743:22: warning: narrowing conversion of ‘workspace_size’ from ‘uint64_t’ {aka ‘long unsigned int’} to ‘long int’ [-Wnarrowing]
DEBUG   743 |           at::empty({workspace_size}, options.dtype(kByte));                  \
DEBUG       |                      ^~~~~~~~~~~~~~
DEBUG /ws/source/vllm-ascend/csrc/gmm/grouped_matmul_swiglu_quant_weight_nz_tensor_list/grouped_matmul_swiglu_quant_torch_adpt.h:37:5: note: in expansion of macro ‘EXEC_NPU_CMD’
DEBUG    37 |     EXEC_NPU_CMD(
DEBUG       |     ^~~~~~~~~~~~
DEBUG /ws/source/vllm-ascend/csrc/gmm/grouped_matmul_swiglu_quant_weight_nz_tensor_list/grouped_matmul_swiglu_quant_torch_adpt.h: In function ‘std::tuple<at::Tensor, at::Tensor, at::Tensor> vllm_ascend::grouped_matmul_swiglu_quant_weight_nz_tensor_list(const at::Tensor&, const at::TensorList&, const at::TensorList&, const at::Tensor&, const at::Tensor&, const std::optional<at::Tensor>&, const std::optional<at::Tensor>&, double)’:
DEBUG /ws/source/vllm-ascend/csrc/aclnn_torch_adapter/op_api_common.h:743:22: warning: narrowing conversion of ‘workspace_size’ from ‘uint64_t’ {aka ‘long unsigned int’} to ‘long int’ [-Wnarrowing]
DEBUG   743 |           at::empty({workspace_size}, options.dtype(kByte));                  \
DEBUG       |                      ^~~~~~~~~~~~~~
DEBUG /ws/source/vllm-ascend/csrc/gmm/grouped_matmul_swiglu_quant_weight_nz_tensor_list/grouped_matmul_swiglu_quant_torch_adpt.h:82:5: note: in expansion of macro ‘EXEC_NPU_CMD’
DEBUG    82 |     EXEC_NPU_CMD(
DEBUG       |     ^~~~~~~~~~~~
DEBUG /ws/source/vllm-ascend/csrc/aclnn_torch_adapter/op_api_common.h:743:22: warning: narrowing conversion of ‘workspace_size’ from ‘uint64_t’ {aka ‘long unsigned int’} to ‘long int’ [-Wnarrowing]
DEBUG   743 |           at::empty({workspace_size}, options.dtype(kByte));                  \
DEBUG       |                      ^~~~~~~~~~~~~~
DEBUG /ws/source/vllm-ascend/csrc/gmm/grouped_matmul_swiglu_quant_weight_nz_tensor_list/grouped_matmul_swiglu_quant_torch_adpt.h:82:5: note: in expansion of macro ‘EXEC_NPU_CMD’
DEBUG    82 |     EXEC_NPU_CMD(
DEBUG       |     ^~~~~~~~~~~~
DEBUG /ws/source/vllm-ascend/csrc/gmm/grouped_matmul_swiglu_quant_v2/grouped_matmul_swiglu_quant_v2_torch_adpt.h: In function ‘std::tuple<at::Tensor, at::Tensor> vllm_ascend::grouped_matmul_swiglu_quant_v2(const at::Tensor&, const at::TensorList&, const at::TensorList&, const at::Tensor&, const at::Tensor&, const std::optional<at::Tensor>&, std::optional<c10::ArrayRef<at::Tensor> >, const std::optional<at::Tensor>&, std::optional<long int>, std::optional<long int>, std::optional<long int>, std::optional<long int>, bool, int64_t, at::IntArrayRef, double)’:
DEBUG /ws/source/vllm-ascend/csrc/aclnn_torch_adapter/op_api_common.h:743:22: warning: narrowing conversion of ‘workspace_size’ from ‘uint64_t’ {aka ‘long unsigned int’} to ‘long int’ [-Wnarrowing]
DEBUG   743 |           at::empty({workspace_size}, options.dtype(kByte));                  \
DEBUG       |                      ^~~~~~~~~~~~~~
DEBUG /ws/source/vllm-ascend/csrc/gmm/grouped_matmul_swiglu_quant_v2/grouped_matmul_swiglu_quant_v2_torch_adpt.h:53:5: note: in expansion of macro ‘EXEC_NPU_CMD’
DEBUG    53 |     EXEC_NPU_CMD(
DEBUG       |     ^~~~~~~~~~~~
DEBUG /ws/source/vllm-ascend/csrc/aclnn_torch_adapter/op_api_common.h:743:22: warning: narrowing conversion of ‘workspace_size’ from ‘uint64_t’ {aka ‘long unsigned int’} to ‘long int’ [-Wnarrowing]
DEBUG   743 |           at::empty({workspace_size}, options.dtype(kByte));                  \
DEBUG       |                      ^~~~~~~~~~~~~~
DEBUG /ws/source/vllm-ascend/csrc/gmm/grouped_matmul_swiglu_quant_v2/grouped_matmul_swiglu_quant_v2_torch_adpt.h:53:5: note: in expansion of macro ‘EXEC_NPU_CMD’
DEBUG    53 |     EXEC_NPU_CMD(
DEBUG       |     ^~~~~~~~~~~~
DEBUG /ws/source/vllm-ascend/csrc/attention/lightning_indexer/lightning_indexer_torch_adpt.h: In function ‘std::tuple<at::Tensor, at::Tensor> vllm_ascend::npu_lightning_indexer(const at::Tensor&, const at::Tensor&, const at::Tensor&, const std::optional<at::Tensor>&, const std::optional<at::Tensor>&, const std::optional<at::Tensor>&, c10::string_view, c10::string_view, int64_t, int64_t, int64_t, int64_t, bool)’:
DEBUG /ws/source/vllm-ascend/csrc/aclnn_torch_adapter/op_api_common.h:743:22: warning: narrowing conversion of ‘workspace_size’ from ‘uint64_t’ {aka ‘long unsigned int’} to ‘long int’ [-Wnarrowing]
DEBUG   743 |           at::empty({workspace_size}, options.dtype(kByte));                  \
DEBUG       |                      ^~~~~~~~~~~~~~
DEBUG /ws/source/vllm-ascend/csrc/attention/lightning_indexer/lightning_indexer_torch_adpt.h:95:5: note: in expansion of macro ‘EXEC_NPU_CMD’
DEBUG    95 |     EXEC_NPU_CMD(aclnnLightningIndexer, query, key, weights,
DEBUG       |     ^~~~~~~~~~~~
DEBUG /ws/source/vllm-ascend/csrc/aclnn_torch_adapter/op_api_common.h:743:22: warning: narrowing conversion of ‘workspace_size’ from ‘uint64_t’ {aka ‘long unsigned int’} to ‘long int’ [-Wnarrowing]
DEBUG   743 |           at::empty({workspace_size}, options.dtype(kByte));                  \
DEBUG       |                      ^~~~~~~~~~~~~~
DEBUG /ws/source/vllm-ascend/csrc/attention/lightning_indexer/lightning_indexer_torch_adpt.h:95:5: note: in expansion of macro ‘EXEC_NPU_CMD’
DEBUG    95 |     EXEC_NPU_CMD(aclnnLightningIndexer, query, key, weights,
DEBUG       |     ^~~~~~~~~~~~
DEBUG In file included from /ws/source/vllm-ascend/csrc/torch_binding.cpp:41:
DEBUG /ws/source/vllm-ascend/csrc/moe/moe_gating_top_k/moe_gating_top_k_torch_adpt.h: In function ‘std::tuple<at::Tensor, at::Tensor, at::Tensor> vllm_ascend::moe_gating_top_k(const at::Tensor&, int64_t, int64_t, int64_t, int64_t, int64_t, int64_t, bool, double, double, const std::optional<at::Tensor>&)’:
DEBUG /ws/source/vllm-ascend/csrc/moe/moe_gating_top_k/moe_gating_top_k_torch_adpt.h:42:48: warning: ‘constexpr T c10::value_or_else(const std::optional<_Tp>&, F&&) [with T = at::Tensor; F = vllm_ascend::moe_gating_top_k(const at::Tensor&, int64_t, int64_t, int64_t, int64_t, int64_t, int64_t, bool, double, double, const std::optional<at::Tensor>&)::<lambda()>]’ is deprecated: Please use std::optional::value_or instead of c10::value_or_else [-Wdeprecated-declarations]
DEBUG    42 |     const at::Tensor &bias = c10::value_or_else(bias_opt, [] { return at::Tensor(); });
DEBUG       |                              ~~~~~~~~~~~~~~~~~~^~~~~~~~~~~~~~~~~~~~~~~~~~~~~~~~~~~~~~~
DEBUG In file included from /usr/local/python3.12.13/lib/python3.12/site-packages/torch/include/c10/core/SymInt.h:9,
DEBUG                  from /usr/local/python3.12.13/lib/python3.12/site-packages/torch/include/c10/core/Scalar.h:13,
DEBUG                  from /usr/local/python3.12.13/lib/python3.12/site-packages/torch/include/ATen/core/TensorBody.h:17,
DEBUG                  from /usr/local/python3.12.13/lib/python3.12/site-packages/torch/include/ATen/core/Tensor.h:4,
DEBUG                  from /usr/local/python3.12.13/lib/python3.12/site-packages/torch/include/ATen/Tensor.h:4,
DEBUG                  from /usr/local/python3.12.13/lib/python3.12/site-packages/torch/include/torch/csrc/autograd/function_hook.h:4,
DEBUG                  from /usr/local/python3.12.13/lib/python3.12/site-packages/torch/include/torch/csrc/autograd/cpp_hook.h:3,
DEBUG                  from /usr/local/python3.12.13/lib/python3.12/site-packages/torch/include/torch/csrc/autograd/variable.h:7,
DEBUG                  from /usr/local/python3.12.13/lib/python3.12/site-packages/torch/include/torch/csrc/autograd/autograd.h:4,
DEBUG                  from /usr/local/python3.12.13/lib/python3.12/site-packages/torch/include/torch/csrc/api/include/torch/autograd.h:4,
DEBUG                  from /usr/local/python3.12.13/lib/python3.12/site-packages/torch/include/torch/csrc/api/include/torch/all.h:8,
DEBUG                  from /usr/local/python3.12.13/lib/python3.12/site-packages/torch/include/torch/extension.h:6,
DEBUG                  from /ws/source/vllm-ascend/csrc/torch_binding.cpp:17:
DEBUG /usr/local/python3.12.13/lib/python3.12/site-packages/torch/include/c10/util/Optional.h:40:1: note: declared here
DEBUG    40 | value_or_else(const std::optional<T>& v, F&& func) {
DEBUG       | ^~~~~~~~~~~~~
DEBUG /ws/source/vllm-ascend/csrc/aclnn_torch_adapter/op_api_common.h:743:22: warning: narrowing conversion of ‘workspace_size’ from ‘uint64_t’ {aka ‘long unsigned int’} to ‘long int’ [-Wnarrowing]
DEBUG   743 |           at::empty({workspace_size}, options.dtype(kByte));                  \
DEBUG       |                      ^~~~~~~~~~~~~~
DEBUG /ws/source/vllm-ascend/csrc/moe/moe_gating_top_k/moe_gating_top_k_torch_adpt.h:53:5: note: in expansion of macro ‘EXEC_NPU_CMD’
DEBUG    53 |     EXEC_NPU_CMD(aclnnMoeGatingTopK,
DEBUG       |     ^~~~~~~~~~~~
DEBUG /ws/source/vllm-ascend/csrc/aclnn_torch_adapter/op_api_common.h:743:22: warning: narrowing conversion of ‘workspace_size’ from ‘uint64_t’ {aka ‘long unsigned int’} to ‘long int’ [-Wnarrowing]
DEBUG   743 |           at::empty({workspace_size}, options.dtype(kByte));                  \
DEBUG       |                      ^~~~~~~~~~~~~~
DEBUG /ws/source/vllm-ascend/csrc/moe/moe_gating_top_k/moe_gating_top_k_torch_adpt.h:53:5: note: in expansion of macro ‘EXEC_NPU_CMD’
DEBUG    53 |     EXEC_NPU_CMD(aclnnMoeGatingTopK,
DEBUG       |     ^~~~~~~~~~~~
DEBUG /ws/source/vllm-ascend/csrc/attention/sparse_flash_attention/sparse_flash_attention_torch_adpt.h: In function ‘std::tuple<at::Tensor, at::Tensor, at::Tensor> vllm_ascend::npu_sparse_flash_attention(const at::Tensor&, const at::Tensor&, const at::Tensor&, const at::Tensor&, double, const std::optional<at::Tensor>&, const std::optional<at::Tensor>&, const std::optional<at::Tensor>&, const std::optional<at::Tensor>&, const std::optional<at::Tensor>&, int64_t, c10::string_view, c10::string_view, int64_t, int64_t, int64_t, int64_t, bool)’:
DEBUG /ws/source/vllm-ascend/csrc/aclnn_torch_adapter/op_api_common.h:743:22: warning: narrowing conversion of ‘workspace_size’ from ‘uint64_t’ {aka ‘long unsigned int’} to ‘long int’ [-Wnarrowing]
DEBUG   743 |           at::empty({workspace_size}, options.dtype(kByte));                  \
DEBUG       |                      ^~~~~~~~~~~~~~
DEBUG /ws/source/vllm-ascend/csrc/attention/sparse_flash_attention/sparse_flash_attention_torch_adpt.h:124:5: note: in expansion of macro ‘EXEC_NPU_CMD’
DEBUG   124 |     EXEC_NPU_CMD(
DEBUG       |     ^~~~~~~~~~~~
DEBUG /ws/source/vllm-ascend/csrc/aclnn_torch_adapter/op_api_common.h:743:22: warning: narrowing conversion of ‘workspace_size’ from ‘uint64_t’ {aka ‘long unsigned int’} to ‘long int’ [-Wnarrowing]
DEBUG   743 |           at::empty({workspace_size}, options.dtype(kByte));                  \
DEBUG       |                      ^~~~~~~~~~~~~~
DEBUG /ws/source/vllm-ascend/csrc/attention/sparse_flash_attention/sparse_flash_attention_torch_adpt.h:124:5: note: in expansion of macro ‘EXEC_NPU_CMD’
DEBUG   124 |     EXEC_NPU_CMD(
DEBUG       |     ^~~~~~~~~~~~
DEBUG /ws/source/vllm-ascend/csrc/attention/sparse_flash_mla/sparse_flash_mla_torch_adpt.h: In function ‘at::Tensor vllm_ascend::npu_sparse_flash_mla_metadata(int64_t, int64_t, int64_t, const std::optional<at::Tensor>&, const std::optional<at::Tensor>&, const std::optional<at::Tensor>&, const std::optional<at::Tensor>&, const std::optional<at::Tensor>&, const std::optional<at::Tensor>&, const std::optional<at::Tensor>&, const std::optional<at::Tensor>&, const std::optional<at::Tensor>&, int64_t, int64_t, int64_t, int64_t, int64_t, int64_t, int64_t, int64_t, int64_t, int64_t, int64_t, c10::string_view, c10::string_view, bool, bool)’:
DEBUG /ws/source/vllm-ascend/csrc/aclnn_torch_adapter/op_api_common.h:743:22: warning: narrowing conversion of ‘workspace_size’ from ‘uint64_t’ {aka ‘long unsigned int’} to ‘long int’ [-Wnarrowing]
DEBUG   743 |           at::empty({workspace_size}, options.dtype(kByte));                  \
DEBUG       |                      ^~~~~~~~~~~~~~
DEBUG /ws/source/vllm-ascend/csrc/attention/sparse_flash_mla/sparse_flash_mla_torch_adpt.h:83:5: note: in expansion of macro ‘EXEC_NPU_CMD’
DEBUG    83 |     EXEC_NPU_CMD(aclnnSparseFlashMlaMetadata, cuSeqlensQVal, cuSeqlensOriKvVal, cuSeqlensCmpKvVal, sequsedQVal,
DEBUG       |     ^~~~~~~~~~~~
DEBUG /ws/source/vllm-ascend/csrc/aclnn_torch_adapter/op_api_common.h:743:22: warning: narrowing conversion of ‘workspace_size’ from ‘uint64_t’ {aka ‘long unsigned int’} to ‘long int’ [-Wnarrowing]
DEBUG   743 |           at::empty({workspace_size}, options.dtype(kByte));                  \
DEBUG       |                      ^~~~~~~~~~~~~~
DEBUG /ws/source/vllm-ascend/csrc/attention/sparse_flash_mla/sparse_flash_mla_torch_adpt.h:83:5: note: in expansion of macro ‘EXEC_NPU_CMD’
DEBUG    83 |     EXEC_NPU_CMD(aclnnSparseFlashMlaMetadata, cuSeqlensQVal, cuSeqlensOriKvVal, cuSeqlensCmpKvVal, sequsedQVal,
DEBUG       |     ^~~~~~~~~~~~
DEBUG /ws/source/vllm-ascend/csrc/attention/sparse_flash_mla/sparse_flash_mla_torch_adpt.h: In function ‘std::tuple<at::Tensor, at::Tensor> vllm_ascend::npu_sparse_flash_mla(const at::Tensor&, const std::optional<at::Tensor>&, const std::optional<at::Tensor>&, const std::optional<at::Tensor>&, const std::optional<at::Tensor>&, const std::optional<at::Tensor>&, const std::optional<at::Tensor>&, const std::optional<at::Tensor>&, const std::optional<at::Tensor>&, const std::optional<at::Tensor>&, const std::optional<at::Tensor>&, const std::optional<at::Tensor>&, const std::optional<at::Tensor>&, const std::optional<at::Tensor>&, const std::optional<at::Tensor>&, const std::optional<at::Tensor>&, const std::optional<at::Tensor>&, const std::optional<at::Tensor>&, double, int64_t, int64_t, int64_t, int64_t, int64_t, c10::string_view, c10::string_view, int64_t, bool)’:
DEBUG /ws/source/vllm-ascend/csrc/aclnn_torch_adapter/op_api_common.h:743:22: warning: narrowing conversion of ‘workspace_size’ from ‘uint64_t’ {aka ‘long unsigned int’} to ‘long int’ [-Wnarrowing]
DEBUG   743 |           at::empty({workspace_size}, options.dtype(kByte));                  \
DEBUG       |                      ^~~~~~~~~~~~~~
DEBUG /ws/source/vllm-ascend/csrc/attention/sparse_flash_mla/sparse_flash_mla_torch_adpt.h:173:5: note: in expansion of macro ‘EXEC_NPU_CMD’
DEBUG   173 |     EXEC_NPU_CMD(aclnnSparseFlashMla, q, oriKv, cmpKv, oriSparseIndices, cmpSparseIndices, oriBlockTable, cmpBlockTable,
DEBUG       |     ^~~~~~~~~~~~
DEBUG /ws/source/vllm-ascend/csrc/aclnn_torch_adapter/op_api_common.h:743:22: warning: narrowing conversion of ‘workspace_size’ from ‘uint64_t’ {aka ‘long unsigned int’} to ‘long int’ [-Wnarrowing]
DEBUG   743 |           at::empty({workspace_size}, options.dtype(kByte));                  \
DEBUG       |                      ^~~~~~~~~~~~~~
DEBUG /ws/source/vllm-ascend/csrc/attention/sparse_flash_mla/sparse_flash_mla_torch_adpt.h:173:5: note: in expansion of macro ‘EXEC_NPU_CMD’
DEBUG   173 |     EXEC_NPU_CMD(aclnnSparseFlashMla, q, oriKv, cmpKv, oriSparseIndices, cmpSparseIndices, oriBlockTable, cmpBlockTable,
DEBUG       |     ^~~~~~~~~~~~
DEBUG /ws/source/vllm-ascend/csrc/attention/quant_lightning_indexer_v2/quant_lightning_indexer_v2_torch_adpt.h: In function ‘at::Tensor vllm_ascend::qli_v2::QuantLightningIndexerMetadata(int64_t, int64_t, int64_t, int64_t, int64_t, const std::optional<at::Tensor>&, const std::optional<at::Tensor>&, const std::optional<at::Tensor>&, const std::optional<at::Tensor>&, const std::optional<at::Tensor>&, int64_t, int64_t, int64_t, c10::string_view, c10::string_view, int64_t, int64_t)’:
DEBUG /ws/source/vllm-ascend/csrc/aclnn_torch_adapter/op_api_common.h:743:22: warning: narrowing conversion of ‘workspace_size’ from ‘uint64_t’ {aka ‘long unsigned int’} to ‘long int’ [-Wnarrowing]
DEBUG   743 |           at::empty({workspace_size}, options.dtype(kByte));                  \
DEBUG       |                      ^~~~~~~~~~~~~~
DEBUG /ws/source/vllm-ascend/csrc/attention/quant_lightning_indexer_v2/quant_lightning_indexer_v2_torch_adpt.h:58:5: note: in expansion of macro ‘EXEC_NPU_CMD’
DEBUG    58 |     EXEC_NPU_CMD(aclnnQuantLightningIndexerV2Metadata, cuSeqlensQVal, cuSeqlensKVal, sequsedQVal, sequsedKVal,
DEBUG       |     ^~~~~~~~~~~~
DEBUG /ws/source/vllm-ascend/csrc/aclnn_torch_adapter/op_api_common.h:743:22: warning: narrowing conversion of ‘workspace_size’ from ‘uint64_t’ {aka ‘long unsigned int’} to ‘long int’ [-Wnarrowing]
DEBUG   743 |           at::empty({workspace_size}, options.dtype(kByte));                  \
DEBUG       |                      ^~~~~~~~~~~~~~
DEBUG /ws/source/vllm-ascend/csrc/attention/quant_lightning_indexer_v2/quant_lightning_indexer_v2_torch_adpt.h:58:5: note: in expansion of macro ‘EXEC_NPU_CMD’
DEBUG    58 |     EXEC_NPU_CMD(aclnnQuantLightningIndexerV2Metadata, cuSeqlensQVal, cuSeqlensKVal, sequsedQVal, sequsedKVal,
DEBUG       |     ^~~~~~~~~~~~
DEBUG /ws/source/vllm-ascend/csrc/attention/quant_lightning_indexer_v2/quant_lightning_indexer_v2_torch_adpt.h: In function ‘std::tuple<at::Tensor, at::Tensor, at::Tensor> vllm_ascend::qli_v2::QuantLightningIndexerCandidate(const at::Tensor&, const at::Tensor&, const at::Tensor&, const at::Tensor&, const at::Tensor&, int64_t, int64_t, const std::optional<at::Tensor>&, const std::optional<at::Tensor>&, const std::optional<at::Tensor>&, const std::optional<at::Tensor>&, const std::optional<at::Tensor>&, const std::optional<at::Tensor>&, const std::optional<at::Tensor>&, const std::optional<at::Tensor>&, const std::optional<at::Tensor>&, int64_t, c10::string_view, c10::string_view, int64_t, int64_t, int64_t, int64_t, int64_t)’:
DEBUG /ws/source/vllm-ascend/csrc/aclnn_torch_adapter/op_api_common.h:743:22: warning: narrowing conversion of ‘workspace_size’ from ‘uint64_t’ {aka ‘long unsigned int’} to ‘long int’ [-Wnarrowing]
DEBUG   743 |           at::empty({workspace_size}, options.dtype(kByte));                  \
DEBUG       |                      ^~~~~~~~~~~~~~
DEBUG /ws/source/vllm-ascend/csrc/attention/quant_lightning_indexer_v2/quant_lightning_indexer_v2_torch_adpt.h:150:5: note: in expansion of macro ‘EXEC_NPU_CMD’
DEBUG   150 |     EXEC_NPU_CMD(aclnnQuantLightningIndexerV2, query, key, weights, queryDequantScale, keyDequantScale,
DEBUG       |     ^~~~~~~~~~~~
DEBUG /ws/source/vllm-ascend/csrc/aclnn_torch_adapter/op_api_common.h:743:22: warning: narrowing conversion of ‘workspace_size’ from ‘uint64_t’ {aka ‘long unsigned int’} to ‘long int’ [-Wnarrowing]
DEBUG   743 |           at::empty({workspace_size}, options.dtype(kByte));                  \
DEBUG       |                      ^~~~~~~~~~~~~~
DEBUG /ws/source/vllm-ascend/csrc/attention/quant_lightning_indexer_v2/quant_lightning_indexer_v2_torch_adpt.h:150:5: note: in expansion of macro ‘EXEC_NPU_CMD’
DEBUG   150 |     EXEC_NPU_CMD(aclnnQuantLightningIndexerV2, query, key, weights, queryDequantScale, keyDequantScale,
DEBUG       |     ^~~~~~~~~~~~
DEBUG /ws/source/vllm-ascend/csrc/attention/kv_quant_sparse_flash_attention/kv_quant_sparse_flash_attention_torch_adpt.h: In function ‘std::tuple<at::Tensor, at::Tensor, at::Tensor> vllm_ascend::npu_kv_quant_sparse_flash_attention(const at::Tensor&, const at::Tensor&, const at::Tensor&, const at::Tensor&, double, int64_t, int64_t, const std::optional<at::Tensor>&, const std::optional<at::Tensor>&, const std::optional<at::Tensor>&, const std::optional<at::Tensor>&, const std::optional<at::Tensor>&, int64_t, c10::string_view, c10::string_view, int64_t, int64_t, int64_t, int64_t, int64_t, int64_t, int64_t, bool)’:
DEBUG /ws/source/vllm-ascend/csrc/aclnn_torch_adapter/op_api_common.h:743:22: warning: narrowing conversion of ‘workspace_size’ from ‘uint64_t’ {aka ‘long unsigned int’} to ‘long int’ [-Wnarrowing]
DEBUG   743 |           at::empty({workspace_size}, options.dtype(kByte));                  \
DEBUG       |                      ^~~~~~~~~~~~~~
DEBUG /ws/source/vllm-ascend/csrc/attention/kv_quant_sparse_flash_attention/kv_quant_sparse_flash_attention_torch_adpt.h:135:5: note: in expansion of macro ‘EXEC_NPU_CMD’
DEBUG   135 |     EXEC_NPU_CMD(
DEBUG       |     ^~~~~~~~~~~~
DEBUG /ws/source/vllm-ascend/csrc/aclnn_torch_adapter/op_api_common.h:743:22: warning: narrowing conversion of ‘workspace_size’ from ‘uint64_t’ {aka ‘long unsigned int’} to ‘long int’ [-Wnarrowing]
DEBUG   743 |           at::empty({workspace_size}, options.dtype(kByte));                  \
DEBUG       |                      ^~~~~~~~~~~~~~
DEBUG /ws/source/vllm-ascend/csrc/attention/kv_quant_sparse_flash_attention/kv_quant_sparse_flash_attention_torch_adpt.h:135:5: note: in expansion of macro ‘EXEC_NPU_CMD’
DEBUG   135 |     EXEC_NPU_CMD(
DEBUG       |     ^~~~~~~~~~~~
DEBUG /ws/source/vllm-ascend/csrc/attention/fused_sparse_attention_overlap/fused_sparse_attention_overlap_torch_adpt.h: In function ‘at::Tensor vllm_ascend::RunFusedSparseAttentionOverlapSideEffectImpl(const at::Tensor&, const at::Tensor&, const at::Tensor&, const at::Tensor&, const at::Tensor&, const at::Tensor&, const at::Tensor&, const at::Tensor&, const at::Tensor&, const at::Tensor&, const at::Tensor&, const at::Tensor&, const at::Tensor&, double, int64_t, int64_t, const std::string&, const std::string&, int64_t)’:
DEBUG /ws/source/vllm-ascend/csrc/aclnn_torch_adapter/op_api_common.h:743:22: warning: narrowing conversion of ‘workspace_size’ from ‘uint64_t’ {aka ‘long unsigned int’} to ‘long int’ [-Wnarrowing]
DEBUG   743 |           at::empty({workspace_size}, options.dtype(kByte));                  \
DEBUG       |                      ^~~~~~~~~~~~~~
DEBUG /ws/source/vllm-ascend/csrc/attention/fused_sparse_attention_overlap/fused_sparse_attention_overlap_torch_adpt.h:140:5: note: in expansion of macro ‘EXEC_NPU_CMD’
DEBUG   140 |     EXEC_NPU_CMD(aclnnFusedSparseAttentionOverlap,
DEBUG       |     ^~~~~~~~~~~~
DEBUG /ws/source/vllm-ascend/csrc/aclnn_torch_adapter/op_api_common.h:743:22: warning: narrowing conversion of ‘workspace_size’ from ‘uint64_t’ {aka ‘long unsigned int’} to ‘long int’ [-Wnarrowing]
DEBUG   743 |           at::empty({workspace_size}, options.dtype(kByte));                  \
DEBUG       |                      ^~~~~~~~~~~~~~
DEBUG /ws/source/vllm-ascend/csrc/attention/fused_sparse_attention_overlap/fused_sparse_attention_overlap_torch_adpt.h:140:5: note: in expansion of macro ‘EXEC_NPU_CMD’
DEBUG   140 |     EXEC_NPU_CMD(aclnnFusedSparseAttentionOverlap,
DEBUG       |     ^~~~~~~~~~~~
DEBUG /ws/source/vllm-ascend/csrc/attention/lightning_indexer_quant/lightning_indexer_quant_torch_adpt.h: In function ‘at::Tensor vllm_ascend::npu_lightning_indexer_quant(const at::Tensor&, const at::Tensor&, const at::Tensor&, const at::Tensor&, const at::Tensor&, const std::optional<at::Tensor>&, const std::optional<at::Tensor>&, const std::optional<at::Tensor>&, int64_t, int64_t, c10::string_view, c10::string_view, int64_t, int64_t)’:
DEBUG /ws/source/vllm-ascend/csrc/aclnn_torch_adapter/op_api_common.h:743:22: warning: narrowing conversion of ‘workspace_size’ from ‘uint64_t’ {aka ‘long unsigned int’} to ‘long int’ [-Wnarrowing]
DEBUG   743 |           at::empty({workspace_size}, options.dtype(kByte));                  \
DEBUG       |                      ^~~~~~~~~~~~~~
DEBUG /ws/source/vllm-ascend/csrc/attention/lightning_indexer_quant/lightning_indexer_quant_torch_adpt.h:59:5: note: in expansion of macro ‘EXEC_NPU_CMD’
DEBUG    59 |     EXEC_NPU_CMD(aclnnLightningIndexerQuant,
DEBUG       |     ^~~~~~~~~~~~
DEBUG /ws/source/vllm-ascend/csrc/aclnn_torch_adapter/op_api_common.h:743:22: warning: narrowing conversion of ‘workspace_size’ from ‘uint64_t’ {aka ‘long unsigned int’} to ‘long int’ [-Wnarrowing]
DEBUG   743 |           at::empty({workspace_size}, options.dtype(kByte));                  \
DEBUG       |                      ^~~~~~~~~~~~~~
DEBUG /ws/source/vllm-ascend/csrc/attention/lightning_indexer_quant/lightning_indexer_quant_torch_adpt.h:59:5: note: in expansion of macro ‘EXEC_NPU_CMD’
DEBUG    59 |     EXEC_NPU_CMD(aclnnLightningIndexerQuant,
DEBUG       |     ^~~~~~~~~~~~
DEBUG /ws/source/vllm-ascend/csrc/moe/causal_conv1d_v310/causal_conv1d_310_torch_adpt.h: In function ‘at::Tensor vllm_ascend::npu_causal_conv1d_310(const at::Tensor&, const at::Tensor&, const std::optional<at::Tensor>&, const at::Tensor&, const std::optional<at::Tensor>&, const std::optional<at::Tensor>&, const std::optional<at::Tensor>&, const std::optional<at::Tensor>&, int64_t, int64_t, int64_t)’:
DEBUG /ws/source/vllm-ascend/csrc/aclnn_torch_adapter/op_api_common.h:743:22: warning: narrowing conversion of ‘workspace_size’ from ‘uint64_t’ {aka ‘long unsigned int’} to ‘long int’ [-Wnarrowing]
DEBUG   743 |           at::empty({workspace_size}, options.dtype(kByte));                  \
DEBUG       |                      ^~~~~~~~~~~~~~
DEBUG /ws/source/vllm-ascend/csrc/moe/causal_conv1d_v310/causal_conv1d_310_torch_adpt.h:34:5: note: in expansion of macro ‘EXEC_NPU_CMD’
DEBUG    34 |     EXEC_NPU_CMD(aclnnCausalConv1dV310,
DEBUG       |     ^~~~~~~~~~~~
DEBUG /ws/source/vllm-ascend/csrc/aclnn_torch_adapter/op_api_common.h:743:22: warning: narrowing conversion of ‘workspace_size’ from ‘uint64_t’ {aka ‘long unsigned int’} to ‘long int’ [-Wnarrowing]
DEBUG   743 |           at::empty({workspace_size}, options.dtype(kByte));                  \
DEBUG       |                      ^~~~~~~~~~~~~~
DEBUG /ws/source/vllm-ascend/csrc/moe/causal_conv1d_v310/causal_conv1d_310_torch_adpt.h:34:5: note: in expansion of macro ‘EXEC_NPU_CMD’
DEBUG    34 |     EXEC_NPU_CMD(aclnnCausalConv1dV310,
DEBUG       |     ^~~~~~~~~~~~
DEBUG /ws/source/vllm-ascend/csrc/attention/recurrent_gated_delta_rule/recurrent_gated_delta_rule_torch_adpt.h: In function ‘at::Tensor vllm_ascend::npu_recurrent_gated_delta_rule(const at::Tensor&, const at::Tensor&, const at::Tensor&, at::Tensor&, const std::optional<at::Tensor>&, std::optional<double>, const std::optional<at::Tensor>&, const std::optional<at::Tensor>&, const std::optional<at::Tensor>&, const std::optional<at::Tensor>&, const std::optional<at::Tensor>&)’:
DEBUG /ws/source/vllm-ascend/csrc/aclnn_torch_adapter/op_api_common.h:743:22: warning: narrowing conversion of ‘workspace_size’ from ‘uint64_t’ {aka ‘long unsigned int’} to ‘long int’ [-Wnarrowing]
DEBUG   743 |           at::empty({workspace_size}, options.dtype(kByte));                  \
DEBUG       |                      ^~~~~~~~~~~~~~
DEBUG /ws/source/vllm-ascend/csrc/attention/recurrent_gated_delta_rule/recurrent_gated_delta_rule_torch_adpt.h:39:5: note: in expansion of macro ‘EXEC_NPU_CMD’
DEBUG    39 |     EXEC_NPU_CMD(aclnnRecurrentGatedDeltaRule,
DEBUG       |     ^~~~~~~~~~~~
DEBUG /ws/source/vllm-ascend/csrc/aclnn_torch_adapter/op_api_common.h:743:22: warning: narrowing conversion of ‘workspace_size’ from ‘uint64_t’ {aka ‘long unsigned int’} to ‘long int’ [-Wnarrowing]
DEBUG   743 |           at::empty({workspace_size}, options.dtype(kByte));                  \
DEBUG       |                      ^~~~~~~~~~~~~~
DEBUG /ws/source/vllm-ascend/csrc/attention/recurrent_gated_delta_rule/recurrent_gated_delta_rule_torch_adpt.h:39:5: note: in expansion of macro ‘EXEC_NPU_CMD’
DEBUG    39 |     EXEC_NPU_CMD(aclnnRecurrentGatedDeltaRule,
DEBUG       |     ^~~~~~~~~~~~
DEBUG In file included from /ws/source/vllm-ascend/csrc/torch_binding.cpp:50:
DEBUG /ws/source/vllm-ascend/csrc/attention/recurrent_kda/recurrent_kda_torch_adpt.h: In function ‘at::Tensor vllm_ascend::recurrent_kda(const at::Tensor&, const at::Tensor&, const at::Tensor&, const at::Tensor&, const at::Tensor&, at::Tensor&, const at::Tensor&, const at::Tensor&, const at::Tensor&, const at::Tensor&, const std::optional<at::Tensor>&, double, bool, bool, bool, bool, bool, double)’:
DEBUG /ws/source/vllm-ascend/csrc/attention/recurrent_kda/recurrent_kda_torch_adpt.h:119:52: warning: ‘constexpr T c10::value_or_else(const std::optional<_Tp>&, F&&) [with T = at::Tensor; F = vllm_ascend::recurrent_kda(const at::Tensor&, const at::Tensor&, const at::Tensor&, const at::Tensor&, const at::Tensor&, at::Tensor&, const at::Tensor&, const at::Tensor&, const at::Tensor&, const at::Tensor&, const std::optional<at::Tensor>&, double, bool, bool, bool, bool, bool, double)::<lambda()>]’ is deprecated: Please use std::optional::value_or instead of c10::value_or_else [-Wdeprecated-declarations]
DEBUG   119 |     const at::Tensor& accepted = c10::value_or_else(
DEBUG       |                                  ~~~~~~~~~~~~~~~~~~^
DEBUG   120 |         num_accepted_tokens, [] { return at::Tensor(); });
DEBUG       |         ~~~~~~~~~~~~~~~~~~~~~~~~~~~~~~~~~~~~~~~~~~~~~~~~~
DEBUG /usr/local/python3.12.13/lib/python3.12/site-packages/torch/include/c10/util/Optional.h:40:1: note: declared here
DEBUG    40 | value_or_else(const std::optional<T>& v, F&& func) {
DEBUG       | ^~~~~~~~~~~~~
DEBUG /ws/source/vllm-ascend/csrc/aclnn_torch_adapter/op_api_common.h:743:22: warning: narrowing conversion of ‘workspace_size’ from ‘uint64_t’ {aka ‘long unsigned int’} to ‘long int’ [-Wnarrowing]
DEBUG   743 |           at::empty({workspace_size}, options.dtype(kByte));                  \
DEBUG       |                      ^~~~~~~~~~~~~~
DEBUG /ws/source/vllm-ascend/csrc/attention/recurrent_kda/recurrent_kda_torch_adpt.h:127:5: note: in expansion of macro ‘EXEC_NPU_CMD’
DEBUG   127 |     EXEC_NPU_CMD(
DEBUG       |     ^~~~~~~~~~~~
DEBUG /ws/source/vllm-ascend/csrc/aclnn_torch_adapter/op_api_common.h:743:22: warning: narrowing conversion of ‘workspace_size’ from ‘uint64_t’ {aka ‘long unsigned int’} to ‘long int’ [-Wnarrowing]
DEBUG   743 |           at::empty({workspace_size}, options.dtype(kByte));                  \
DEBUG       |                      ^~~~~~~~~~~~~~
DEBUG /ws/source/vllm-ascend/csrc/attention/recurrent_kda/recurrent_kda_torch_adpt.h:127:5: note: in expansion of macro ‘EXEC_NPU_CMD’
DEBUG   127 |     EXEC_NPU_CMD(
DEBUG       |     ^~~~~~~~~~~~
DEBUG In file included from /ws/source/vllm-ascend/csrc/torch_binding.cpp:51:
DEBUG /ws/source/vllm-ascend/csrc/attention/chunk_kda_fwd/chunk_kda_fwd_torch_adpt.h: In function ‘std::tuple<at::Tensor, std::optional<at::Tensor>, std::optional<at::Tensor>, at::Tensor, at::Tensor, std::optional<at::Tensor>, std::optional<at::Tensor>, std::optional<at::Tensor>, std::optional<at::Tensor>, std::optional<at::Tensor>, std::optional<at::Tensor>, std::optional<at::Tensor> > vllm_ascend::chunk_kda_fwd(const at::Tensor&, const at::Tensor&, const at::Tensor&, const at::Tensor&, const at::Tensor&, double, int64_t, c10::string_view, const std::optional<at::Tensor>&, std::optional<bool>, std::optional<c10::ArrayRef<long int> >, std::optional<c10::ArrayRef<long int> >, std::optional<bool>, std::optional<double>, std::optional<bool>, const std::optional<at::Tensor>&, const std::optional<at::Tensor>&, std::optional<bool>, std::optional<bool>, std::optional<bool>)’:
DEBUG /ws/source/vllm-ascend/csrc/attention/chunk_kda_fwd/chunk_kda_fwd_torch_adpt.h:171:58: warning: ‘constexpr T c10::value_or_else(const std::optional<_Tp>&, F&&) [with T = at::Tensor; F = vllm_ascend::chunk_kda_fwd(const at::Tensor&, const at::Tensor&, const at::Tensor&, const at::Tensor&, const at::Tensor&, double, int64_t, c10::string_view, const std::optional<at::Tensor>&, std::optional<bool>, std::optional<c10::ArrayRef<long int> >, std::optional<c10::ArrayRef<long int> >, std::optional<bool>, std::optional<double>, std::optional<bool>, const std::optional<at::Tensor>&, const std::optional<at::Tensor>&, std::optional<bool>, std::optional<bool>, std::optional<bool>)::<lambda()>]’ is deprecated: Please use std::optional::value_or instead of c10::value_or_else [-Wdeprecated-declarations]
DEBUG   171 |     const at::Tensor &initial_state_ = c10::value_or_else(initial_state, [] { return at::Tensor(); });
DEBUG       |                                        ~~~~~~~~~~~~~~~~~~^~~~~~~~~~~~~~~~~~~~~~~~~~~~~~~~~~~~~~~~~~~~
DEBUG /usr/local/python3.12.13/lib/python3.12/site-packages/torch/include/c10/util/Optional.h:40:1: note: declared here
DEBUG    40 | value_or_else(const std::optional<T>& v, F&& func) {
DEBUG       | ^~~~~~~~~~~~~
DEBUG /ws/source/vllm-ascend/csrc/attention/chunk_kda_fwd/chunk_kda_fwd_torch_adpt.h:172:50: warning: ‘constexpr T c10::value_or_else(const std::optional<_Tp>&, F&&) [with T = at::Tensor; F = vllm_ascend::chunk_kda_fwd(const at::Tensor&, const at::Tensor&, const at::Tensor&, const at::Tensor&, const at::Tensor&, double, int64_t, c10::string_view, const std::optional<at::Tensor>&, std::optional<bool>, std::optional<c10::ArrayRef<long int> >, std::optional<c10::ArrayRef<long int> >, std::optional<bool>, std::optional<double>, std::optional<bool>, const std::optional<at::Tensor>&, const std::optional<at::Tensor>&, std::optional<bool>, std::optional<bool>, std::optional<bool>)::<lambda()>]’ is deprecated: Please use std::optional::value_or instead of c10::value_or_else [-Wdeprecated-declarations]
DEBUG   172 |     const at::Tensor &A_log_ = c10::value_or_else(A_log, [] { return at::Tensor(); });
DEBUG       |                                ~~~~~~~~~~~~~~~~~~^~~~~~~~~~~~~~~~~~~~~~~~~~~~~~~~~~~~
DEBUG /usr/local/python3.12.13/lib/python3.12/site-packages/torch/include/c10/util/Optional.h:40:1: note: declared here
DEBUG    40 | value_or_else(const std::optional<T>& v, F&& func) {
DEBUG       | ^~~~~~~~~~~~~
DEBUG /ws/source/vllm-ascend/csrc/attention/chunk_kda_fwd/chunk_kda_fwd_torch_adpt.h:173:52: warning: ‘constexpr T c10::value_or_else(const std::optional<_Tp>&, F&&) [with T = at::Tensor; F = vllm_ascend::chunk_kda_fwd(const at::Tensor&, const at::Tensor&, const at::Tensor&, const at::Tensor&, const at::Tensor&, double, int64_t, c10::string_view, const std::optional<at::Tensor>&, std::optional<bool>, std::optional<c10::ArrayRef<long int> >, std::optional<c10::ArrayRef<long int> >, std::optional<bool>, std::optional<double>, std::optional<bool>, const std::optional<at::Tensor>&, const std::optional<at::Tensor>&, std::optional<bool>, std::optional<bool>, std::optional<bool>)::<lambda()>]’ is deprecated: Please use std::optional::value_or instead of c10::value_or_else [-Wdeprecated-declarations]
DEBUG   173 |     const at::Tensor &dt_bias_ = c10::value_or_else(dt_bias, [] { return at::Tensor(); });
DEBUG       |                                  ~~~~~~~~~~~~~~~~~~^~~~~~~~~~~~~~~~~~~~~~~~~~~~~~~~~~~~~~
DEBUG /usr/local/python3.12.13/lib/python3.12/site-packages/torch/include/c10/util/Optional.h:40:1: note: declared here
DEBUG    40 | value_or_else(const std::optional<T>& v, F&& func) {
DEBUG       | ^~~~~~~~~~~~~
DEBUG /ws/source/vllm-ascend/csrc/aclnn_torch_adapter/op_api_common.h:743:22: warning: narrowing conversion of ‘workspace_size’ from ‘uint64_t’ {aka ‘long unsigned int’} to ‘long int’ [-Wnarrowing]
DEBUG   743 |           at::empty({workspace_size}, options.dtype(kByte));                  \
DEBUG       |                      ^~~~~~~~~~~~~~
DEBUG /ws/source/vllm-ascend/csrc/attention/chunk_kda_fwd/chunk_kda_fwd_torch_adpt.h:175:5: note: in expansion of macro ‘EXEC_NPU_CMD’
DEBUG   175 |     EXEC_NPU_CMD(
DEBUG       |     ^~~~~~~~~~~~
DEBUG /ws/source/vllm-ascend/csrc/aclnn_torch_adapter/op_api_common.h:743:22: warning: narrowing conversion of ‘workspace_size’ from ‘uint64_t’ {aka ‘long unsigned int’} to ‘long int’ [-Wnarrowing]
DEBUG   743 |           at::empty({workspace_size}, options.dtype(kByte));                  \
DEBUG       |                      ^~~~~~~~~~~~~~
DEBUG /ws/source/vllm-ascend/csrc/attention/chunk_kda_fwd/chunk_kda_fwd_torch_adpt.h:175:5: note: in expansion of macro ‘EXEC_NPU_CMD’
DEBUG   175 |     EXEC_NPU_CMD(
DEBUG       |     ^~~~~~~~~~~~
DEBUG /ws/source/vllm-ascend/csrc/attention/kda_gate_cumsum/kda_gate_cumsum_torch_adpt.h: In function ‘at::Tensor vllm_ascend::kda_gate_cumsum(const at::Tensor&, int64_t, const std::optional<at::Tensor>&, const std::optional<at::Tensor>&, std::optional<c10::ArrayRef<long int> >, std::optional<bool>, std::optional<bool>, std::optional<double>, c10::string_view)’:
DEBUG /ws/source/vllm-ascend/csrc/aclnn_torch_adapter/op_api_common.h:743:22: warning: narrowing conversion of ‘workspace_size’ from ‘uint64_t’ {aka ‘long unsigned int’} to ‘long int’ [-Wnarrowing]
DEBUG   743 |           at::empty({workspace_size}, options.dtype(kByte));                  \
DEBUG       |                      ^~~~~~~~~~~~~~
DEBUG /ws/source/vllm-ascend/csrc/attention/kda_gate_cumsum/kda_gate_cumsum_torch_adpt.h:64:5: note: in expansion of macro ‘EXEC_NPU_CMD’
DEBUG    64 |     EXEC_NPU_CMD(
DEBUG       |     ^~~~~~~~~~~~
DEBUG /ws/source/vllm-ascend/csrc/aclnn_torch_adapter/op_api_common.h:743:22: warning: narrowing conversion of ‘workspace_size’ from ‘uint64_t’ {aka ‘long unsigned int’} to ‘long int’ [-Wnarrowing]
DEBUG   743 |           at::empty({workspace_size}, options.dtype(kByte));                  \
DEBUG       |                      ^~~~~~~~~~~~~~
DEBUG /ws/source/vllm-ascend/csrc/attention/kda_gate_cumsum/kda_gate_cumsum_torch_adpt.h:64:5: note: in expansion of macro ‘EXEC_NPU_CMD’
DEBUG    64 |     EXEC_NPU_CMD(
DEBUG       |     ^~~~~~~~~~~~
DEBUG /ws/source/vllm-ascend/csrc/attention/kda_layout_swap12/kda_layout_swap12_torch_adpt.h: In function ‘at::Tensor vllm_ascend::kda_layout_swap12(const at::Tensor&, const std::optional<at::Tensor>&)’:
DEBUG /ws/source/vllm-ascend/csrc/aclnn_torch_adapter/op_api_common.h:743:22: warning: narrowing conversion of ‘workspace_size’ from ‘uint64_t’ {aka ‘long unsigned int’} to ‘long int’ [-Wnarrowing]
DEBUG   743 |           at::empty({workspace_size}, options.dtype(kByte));                  \
DEBUG       |                      ^~~~~~~~~~~~~~
DEBUG /ws/source/vllm-ascend/csrc/attention/kda_layout_swap12/kda_layout_swap12_torch_adpt.h:37:5: note: in expansion of macro ‘EXEC_NPU_CMD’
DEBUG    37 |     EXEC_NPU_CMD(aclnnKdaLayoutSwap12, x, dependency_tensor, y);
DEBUG       |     ^~~~~~~~~~~~
DEBUG /ws/source/vllm-ascend/csrc/aclnn_torch_adapter/op_api_common.h:743:22: warning: narrowing conversion of ‘workspace_size’ from ‘uint64_t’ {aka ‘long unsigned int’} to ‘long int’ [-Wnarrowing]
DEBUG   743 |           at::empty({workspace_size}, options.dtype(kByte));                  \
DEBUG       |                      ^~~~~~~~~~~~~~
DEBUG /ws/source/vllm-ascend/csrc/attention/kda_layout_swap12/kda_layout_swap12_torch_adpt.h:37:5: note: in expansion of macro ‘EXEC_NPU_CMD’
DEBUG    37 |     EXEC_NPU_CMD(aclnnKdaLayoutSwap12, x, dependency_tensor, y);
DEBUG       |     ^~~~~~~~~~~~
DEBUG /ws/source/vllm-ascend/csrc/attention/recurrent_gated_delta_rule_v310/recurrent_gated_delta_rule_310_torch_adpt.h: In function ‘at::Tensor vllm_ascend::npu_recurrent_gated_delta_rule_310(const at::Tensor&, const at::Tensor&, const at::Tensor&, const at::Tensor&, at::Tensor&, const at::Tensor&, const at::Tensor&, const std::optional<at::Tensor>&, const std::optional<at::Tensor>&, const std::optional<at::Tensor>&, double)’:
DEBUG /ws/source/vllm-ascend/csrc/aclnn_torch_adapter/op_api_common.h:743:22: warning: narrowing conversion of ‘workspace_size’ from ‘uint64_t’ {aka ‘long unsigned int’} to ‘long int’ [-Wnarrowing]
DEBUG   743 |           at::empty({workspace_size}, options.dtype(kByte));                  \
DEBUG       |                      ^~~~~~~~~~~~~~
DEBUG /ws/source/vllm-ascend/csrc/attention/recurrent_gated_delta_rule_v310/recurrent_gated_delta_rule_310_torch_adpt.h:35:5: note: in expansion of macro ‘EXEC_NPU_CMD’
DEBUG    35 |     EXEC_NPU_CMD(aclnnRecurrentGatedDeltaRuleV310,
DEBUG       |     ^~~~~~~~~~~~
DEBUG /ws/source/vllm-ascend/csrc/aclnn_torch_adapter/op_api_common.h:743:22: warning: narrowing conversion of ‘workspace_size’ from ‘uint64_t’ {aka ‘long unsigned int’} to ‘long int’ [-Wnarrowing]
DEBUG   743 |           at::empty({workspace_size}, options.dtype(kByte));                  \
DEBUG       |                      ^~~~~~~~~~~~~~
DEBUG /ws/source/vllm-ascend/csrc/attention/recurrent_gated_delta_rule_v310/recurrent_gated_delta_rule_310_torch_adpt.h:35:5: note: in expansion of macro ‘EXEC_NPU_CMD’
DEBUG    35 |     EXEC_NPU_CMD(aclnnRecurrentGatedDeltaRuleV310,
DEBUG       |     ^~~~~~~~~~~~
DEBUG /ws/source/vllm-ascend/csrc/attention/k2q_csr/k2q_csr_torch_adpt.h: In function ‘std::tuple<at::Tensor, at::Tensor, at::Tensor> vllm_ascend::npu_k2q_csr(const at::Tensor&, const at::Tensor&, const at::Tensor&, int64_t, int64_t, int64_t, int64_t, int64_t)’:
DEBUG /ws/source/vllm-ascend/csrc/aclnn_torch_adapter/op_api_common.h:743:22: warning: narrowing conversion of ‘workspace_size’ from ‘uint64_t’ {aka ‘long unsigned int’} to ‘long int’ [-Wnarrowing]
DEBUG   743 |           at::empty({workspace_size}, options.dtype(kByte));                  \
DEBUG       |                      ^~~~~~~~~~~~~~
DEBUG /ws/source/vllm-ascend/csrc/attention/k2q_csr/k2q_csr_torch_adpt.h:177:5: note: in expansion of macro ‘EXEC_NPU_CMD’
DEBUG   177 |     EXEC_NPU_CMD(aclnnK2qCsrMeta, cu_q, cu_b, scratch, order_method, total_rows, max_kv, H, T, topk);
DEBUG       |     ^~~~~~~~~~~~
DEBUG /ws/source/vllm-ascend/csrc/aclnn_torch_adapter/op_api_common.h:743:22: warning: narrowing conversion of ‘workspace_size’ from ‘uint64_t’ {aka ‘long unsigned int’} to ‘long int’ [-Wnarrowing]
DEBUG   743 |           at::empty({workspace_size}, options.dtype(kByte));                  \
DEBUG       |                      ^~~~~~~~~~~~~~
DEBUG /ws/source/vllm-ascend/csrc/attention/k2q_csr/k2q_csr_torch_adpt.h:177:5: note: in expansion of macro ‘EXEC_NPU_CMD’
DEBUG   177 |     EXEC_NPU_CMD(aclnnK2qCsrMeta, cu_q, cu_b, scratch, order_method, total_rows, max_kv, H, T, topk);
DEBUG       |     ^~~~~~~~~~~~
DEBUG /ws/source/vllm-ascend/csrc/aclnn_torch_adapter/op_api_common.h:743:22: warning: narrowing conversion of ‘workspace_size’ from ‘uint64_t’ {aka ‘long unsigned int’} to ‘long int’ [-Wnarrowing]
DEBUG   743 |           at::empty({workspace_size}, options.dtype(kByte));                  \
DEBUG       |                      ^~~~~~~~~~~~~~
DEBUG /ws/source/vllm-ascend/csrc/attention/k2q_csr/k2q_csr_torch_adpt.h:182:5: note: in expansion of macro ‘EXEC_NPU_CMD’
DEBUG   182 |     EXEC_NPU_CMD(aclnnK2qCsrHist, q2k_c, scratch, total_rows, max_kv, use_simt_i, B);
DEBUG       |     ^~~~~~~~~~~~
DEBUG /ws/source/vllm-ascend/csrc/aclnn_torch_adapter/op_api_common.h:743:22: warning: narrowing conversion of ‘workspace_size’ from ‘uint64_t’ {aka ‘long unsigned int’} to ‘long int’ [-Wnarrowing]
DEBUG   743 |           at::empty({workspace_size}, options.dtype(kByte));                  \
DEBUG       |                      ^~~~~~~~~~~~~~
DEBUG /ws/source/vllm-ascend/csrc/attention/k2q_csr/k2q_csr_torch_adpt.h:182:5: note: in expansion of macro ‘EXEC_NPU_CMD’
DEBUG   182 |     EXEC_NPU_CMD(aclnnK2qCsrHist, q2k_c, scratch, total_rows, max_kv, use_simt_i, B);
DEBUG       |     ^~~~~~~~~~~~
DEBUG /ws/source/vllm-ascend/csrc/aclnn_torch_adapter/op_api_common.h:743:22: warning: narrowing conversion of ‘workspace_size’ from ‘uint64_t’ {aka ‘long unsigned int’} to ‘long int’ [-Wnarrowing]
DEBUG   743 |           at::empty({workspace_size}, options.dtype(kByte));                  \
DEBUG       |                      ^~~~~~~~~~~~~~
DEBUG /ws/source/vllm-ascend/csrc/attention/k2q_csr/k2q_csr_torch_adpt.h:184:5: note: in expansion of macro ‘EXEC_NPU_CMD’
DEBUG   184 |     EXEC_NPU_CMD(aclnnK2qCsrRowPrefix, scratch, total_rows, max_kv, use_simt_i, H, T, topk, B, row_ptr);
DEBUG       |     ^~~~~~~~~~~~
DEBUG /ws/source/vllm-ascend/csrc/aclnn_torch_adapter/op_api_common.h:743:22: warning: narrowing conversion of ‘workspace_size’ from ‘uint64_t’ {aka ‘long unsigned int’} to ‘long int’ [-Wnarrowing]
DEBUG   743 |           at::empty({workspace_size}, options.dtype(kByte));                  \
DEBUG       |                      ^~~~~~~~~~~~~~
DEBUG /ws/source/vllm-ascend/csrc/attention/k2q_csr/k2q_csr_torch_adpt.h:184:5: note: in expansion of macro ‘EXEC_NPU_CMD’
DEBUG   184 |     EXEC_NPU_CMD(aclnnK2qCsrRowPrefix, scratch, total_rows, max_kv, use_simt_i, H, T, topk, B, row_ptr);
DEBUG       |     ^~~~~~~~~~~~
DEBUG /ws/source/vllm-ascend/csrc/aclnn_torch_adapter/op_api_common.h:743:22: warning: narrowing conversion of ‘workspace_size’ from ‘uint64_t’ {aka ‘long unsigned int’} to ‘long int’ [-Wnarrowing]
DEBUG   743 |           at::empty({workspace_size}, options.dtype(kByte));                  \
DEBUG       |                      ^~~~~~~~~~~~~~
DEBUG /ws/source/vllm-ascend/csrc/attention/k2q_csr/k2q_csr_torch_adpt.h:185:5: note: in expansion of macro ‘EXEC_NPU_CMD’
DEBUG   185 |     EXEC_NPU_CMD(aclnnK2qCsrTilePrefix, scratch, row_ptr, total_rows, max_kv, use_simt_i, H, T, topk, B);
DEBUG       |     ^~~~~~~~~~~~
DEBUG /ws/source/vllm-ascend/csrc/aclnn_torch_adapter/op_api_common.h:743:22: warning: narrowing conversion of ‘workspace_size’ from ‘uint64_t’ {aka ‘long unsigned int’} to ‘long int’ [-Wnarrowing]
DEBUG   743 |           at::empty({workspace_size}, options.dtype(kByte));                  \
DEBUG       |                      ^~~~~~~~~~~~~~
DEBUG /ws/source/vllm-ascend/csrc/attention/k2q_csr/k2q_csr_torch_adpt.h:185:5: note: in expansion of macro ‘EXEC_NPU_CMD’
DEBUG   185 |     EXEC_NPU_CMD(aclnnK2qCsrTilePrefix, scratch, row_ptr, total_rows, max_kv, use_simt_i, H, T, topk, B);
DEBUG       |     ^~~~~~~~~~~~
DEBUG /ws/source/vllm-ascend/csrc/aclnn_torch_adapter/op_api_common.h:743:22: warning: narrowing conversion of ‘workspace_size’ from ‘uint64_t’ {aka ‘long unsigned int’} to ‘long int’ [-Wnarrowing]
DEBUG   743 |           at::empty({workspace_size}, options.dtype(kByte));                  \
DEBUG       |                      ^~~~~~~~~~~~~~
DEBUG /ws/source/vllm-ascend/csrc/attention/k2q_csr/k2q_csr_torch_adpt.h:192:5: note: in expansion of macro ‘EXEC_NPU_CMD’
DEBUG   192 |     EXEC_NPU_CMD(aclnnK2qCsrScatter, q2k_c, cu_q, scratch, total_rows, max_kv, use_simt_i,
DEBUG       |     ^~~~~~~~~~~~
DEBUG /ws/source/vllm-ascend/csrc/aclnn_torch_adapter/op_api_common.h:743:22: warning: narrowing conversion of ‘workspace_size’ from ‘uint64_t’ {aka ‘long unsigned int’} to ‘long int’ [-Wnarrowing]
DEBUG   743 |           at::empty({workspace_size}, options.dtype(kByte));                  \
DEBUG       |                      ^~~~~~~~~~~~~~
DEBUG /ws/source/vllm-ascend/csrc/attention/k2q_csr/k2q_csr_torch_adpt.h:192:5: note: in expansion of macro ‘EXEC_NPU_CMD’
DEBUG   192 |     EXEC_NPU_CMD(aclnnK2qCsrScatter, q2k_c, cu_q, scratch, total_rows, max_kv, use_simt_i,
DEBUG       |     ^~~~~~~~~~~~
DEBUG /ws/source/vllm-ascend/csrc/attention/msa_index_score/msa_index_score_torch_adpt.h: In function ‘at::Tensor vllm_ascend::npu_msa_index_score(const at::Tensor&, const at::Tensor&, const at::Tensor&, const at::Tensor&, const std::optional<at::Tensor>&, const std::optional<at::Tensor>&, const std::optional<at::Tensor>&, const std::optional<at::Tensor>&, c10::string_view, int64_t, int64_t, int64_t)’:
DEBUG /ws/source/vllm-ascend/csrc/aclnn_torch_adapter/op_api_common.h:743:22: warning: narrowing conversion of ‘workspace_size’ from ‘uint64_t’ {aka ‘long unsigned int’} to ‘long int’ [-Wnarrowing]
DEBUG   743 |           at::empty({workspace_size}, options.dtype(kByte));                  \
DEBUG       |                      ^~~~~~~~~~~~~~
DEBUG /ws/source/vllm-ascend/csrc/attention/msa_index_score/msa_index_score_torch_adpt.h:133:5: note: in expansion of macro ‘EXEC_NPU_CMD’
DEBUG   133 |     EXEC_NPU_CMD(aclnnMsaIndexScore, query, normalizedKey, blockTable,
DEBUG       |     ^~~~~~~~~~~~
DEBUG /ws/source/vllm-ascend/csrc/aclnn_torch_adapter/op_api_common.h:743:22: warning: narrowing conversion of ‘workspace_size’ from ‘uint64_t’ {aka ‘long unsigned int’} to ‘long int’ [-Wnarrowing]
DEBUG   743 |           at::empty({workspace_size}, options.dtype(kByte));                  \
DEBUG       |                      ^~~~~~~~~~~~~~
DEBUG /ws/source/vllm-ascend/csrc/attention/msa_index_score/msa_index_score_torch_adpt.h:133:5: note: in expansion of macro ‘EXEC_NPU_CMD’
DEBUG   133 |     EXEC_NPU_CMD(aclnnMsaIndexScore, query, normalizedKey, blockTable,
DEBUG       |     ^~~~~~~~~~~~
DEBUG /ws/source/vllm-ascend/csrc/attention/sparse_attention_score/sparse_attention_score_torch_adpt.h: In function ‘at::Tensor vllm_ascend::npu_sparse_attention_score(const at::Tensor&, const at::Tensor&, const at::Tensor&, const at::Tensor&, const at::Tensor&, const std::optional<at::Tensor>&, const std::optional<at::Tensor>&, const std::optional<at::Tensor>&, const std::optional<at::Tensor>&, const std::optional<at::Tensor>&, const std::optional<at::Tensor>&, c10::string_view, c10::string_view, int64_t, double, int64_t, int64_t, int64_t, const std::optional<c10::ScalarType>&)’:
DEBUG /ws/source/vllm-ascend/csrc/aclnn_torch_adapter/op_api_common.h:743:22: warning: narrowing conversion of ‘workspace_size’ from ‘uint64_t’ {aka ‘long unsigned int’} to ‘long int’ [-Wnarrowing]
DEBUG   743 |           at::empty({workspace_size}, options.dtype(kByte));                  \
DEBUG       |                      ^~~~~~~~~~~~~~
DEBUG /ws/source/vllm-ascend/csrc/attention/sparse_attention_score/sparse_attention_score_torch_adpt.h:159:5: note: in expansion of macro ‘EXEC_NPU_CMD’
DEBUG   159 |     EXEC_NPU_CMD(aclnnSparseAttentionScore, query, key, value, selectIdx, blockTable,
DEBUG       |     ^~~~~~~~~~~~
DEBUG /ws/source/vllm-ascend/csrc/aclnn_torch_adapter/op_api_common.h:743:22: warning: narrowing conversion of ‘workspace_size’ from ‘uint64_t’ {aka ‘long unsigned int’} to ‘long int’ [-Wnarrowing]
DEBUG   743 |           at::empty({workspace_size}, options.dtype(kByte));                  \
DEBUG       |                      ^~~~~~~~~~~~~~
DEBUG /ws/source/vllm-ascend/csrc/attention/sparse_attention_score/sparse_attention_score_torch_adpt.h:159:5: note: in expansion of macro ‘EXEC_NPU_CMD’
DEBUG   159 |     EXEC_NPU_CMD(aclnnSparseAttentionScore, query, key, value, selectIdx, blockTable,
DEBUG       |     ^~~~~~~~~~~~
DEBUG /ws/source/vllm-ascend/csrc/attention/store_kv_block/store_kv_block_torch_adpt.h: In function ‘void vllm_ascend::store_kv_block(const at::Tensor&, const at::Tensor&, const at::Tensor&, const at::Tensor&, const at::Tensor&, int64_t)’:
DEBUG /ws/source/vllm-ascend/csrc/aclnn_torch_adapter/op_api_common.h:743:22: warning: narrowing conversion of ‘workspace_size’ from ‘uint64_t’ {aka ‘long unsigned int’} to ‘long int’ [-Wnarrowing]
DEBUG   743 |           at::empty({workspace_size}, options.dtype(kByte));                  \
DEBUG       |                      ^~~~~~~~~~~~~~
DEBUG /ws/source/vllm-ascend/csrc/attention/store_kv_block/store_kv_block_torch_adpt.h:32:5: note: in expansion of macro ‘EXEC_NPU_CMD’
DEBUG    32 |     EXEC_NPU_CMD(aclnnStoreKVBlock, key_in, key_cache_in,group_len, group_key_idx, group_key_cache_idx, block_size);
DEBUG       |     ^~~~~~~~~~~~
DEBUG /ws/source/vllm-ascend/csrc/aclnn_torch_adapter/op_api_common.h:743:22: warning: narrowing conversion of ‘workspace_size’ from ‘uint64_t’ {aka ‘long unsigned int’} to ‘long int’ [-Wnarrowing]
DEBUG   743 |           at::empty({workspace_size}, options.dtype(kByte));                  \
DEBUG       |                      ^~~~~~~~~~~~~~
DEBUG /ws/source/vllm-ascend/csrc/attention/store_kv_block/store_kv_block_torch_adpt.h:32:5: note: in expansion of macro ‘EXEC_NPU_CMD’
DEBUG    32 |     EXEC_NPU_CMD(aclnnStoreKVBlock, key_in, key_cache_in,group_len, group_key_idx, group_key_cache_idx, block_size);
DEBUG       |     ^~~~~~~~~~~~
DEBUG /ws/source/vllm-ascend/csrc/attention/store_kv_block_metadata/store_kv_block_metadata_torch_adpt.cpp: In function ‘void vllm_ascend::store_kv_block_metadata(const at::Tensor&, const at::Tensor&, const at::Tensor&, const at::Tensor&, int64_t)’:
DEBUG /ws/source/vllm-ascend/csrc/aclnn_torch_adapter/op_api_common.h:743:22: warning: narrowing conversion of ‘workspace_size’ from ‘uint64_t’ {aka ‘long unsigned int’} to ‘long int’ [-Wnarrowing]
DEBUG   743 |           at::empty({workspace_size}, options.dtype(kByte));                  \
DEBUG       |                      ^~~~~~~~~~~~~~
DEBUG /ws/source/vllm-ascend/csrc/attention/store_kv_block_metadata/store_kv_block_metadata_torch_adpt.cpp:39:5: note: in expansion of macro ‘EXEC_NPU_CMD’
DEBUG    39 |     EXEC_NPU_CMD(aclnnStoreKvBlockMetadata,
DEBUG       |     ^~~~~~~~~~~~
DEBUG /ws/source/vllm-ascend/csrc/aclnn_torch_adapter/op_api_common.h:743:22: warning: narrowing conversion of ‘workspace_size’ from ‘uint64_t’ {aka ‘long unsigned int’} to ‘long int’ [-Wnarrowing]
DEBUG   743 |           at::empty({workspace_size}, options.dtype(kByte));                  \
DEBUG       |                      ^~~~~~~~~~~~~~
DEBUG /ws/source/vllm-ascend/csrc/attention/store_kv_block_metadata/store_kv_block_metadata_torch_adpt.cpp:39:5: note: in expansion of macro ‘EXEC_NPU_CMD’
DEBUG    39 |     EXEC_NPU_CMD(aclnnStoreKvBlockMetadata,
DEBUG       |     ^~~~~~~~~~~~
DEBUG /ws/source/vllm-ascend/csrc/moe/dequant_situ_quant/dequant_situ_quant_torch_adpt.h: In function ‘std::tuple<at::Tensor, at::Tensor> vllm_ascend::dequant_situ_quant(const at::Tensor&, const std::optional<at::Tensor>&, const std::optional<at::Tensor>&, const std::optional<at::Tensor>&, const std::optional<at::Tensor>&, const std::optional<at::Tensor>&, const std::optional<at::Tensor>&, double, double, bool, c10::string_view)’:
DEBUG /ws/source/vllm-ascend/csrc/aclnn_torch_adapter/op_api_common.h:743:22: warning: narrowing conversion of ‘workspace_size’ from ‘uint64_t’ {aka ‘long unsigned int’} to ‘long int’ [-Wnarrowing]
DEBUG   743 |           at::empty({workspace_size}, options.dtype(kByte));                  \
DEBUG       |                      ^~~~~~~~~~~~~~
DEBUG /ws/source/vllm-ascend/csrc/moe/dequant_situ_quant/dequant_situ_quant_torch_adpt.h:55:5: note: in expansion of macro ‘EXEC_NPU_CMD’
DEBUG    55 |     EXEC_NPU_CMD(aclnnDequantSituQuant,
DEBUG       |     ^~~~~~~~~~~~
DEBUG /ws/source/vllm-ascend/csrc/aclnn_torch_adapter/op_api_common.h:743:22: warning: narrowing conversion of ‘workspace_size’ from ‘uint64_t’ {aka ‘long unsigned int’} to ‘long int’ [-Wnarrowing]
DEBUG   743 |           at::empty({workspace_size}, options.dtype(kByte));                  \
DEBUG       |                      ^~~~~~~~~~~~~~
DEBUG /ws/source/vllm-ascend/csrc/moe/dequant_situ_quant/dequant_situ_quant_torch_adpt.h:55:5: note: in expansion of macro ‘EXEC_NPU_CMD’
DEBUG    55 |     EXEC_NPU_CMD(aclnnDequantSituQuant,
DEBUG       |     ^~~~~~~~~~~~
DEBUG /ws/source/vllm-ascend/csrc/moe/situ_mx_quant/situ_mx_quant_torch_adpt.h: In function ‘std::tuple<at::Tensor, at::Tensor> vllm_ascend::situ_mx_quant(const at::Tensor&, double, double, bool, int64_t)’:
DEBUG /ws/source/vllm-ascend/csrc/aclnn_torch_adapter/op_api_common.h:743:22: warning: narrowing conversion of ‘workspace_size’ from ‘uint64_t’ {aka ‘long unsigned int’} to ‘long int’ [-Wnarrowing]
DEBUG   743 |           at::empty({workspace_size}, options.dtype(kByte));                  \
DEBUG       |                      ^~~~~~~~~~~~~~
DEBUG /ws/source/vllm-ascend/csrc/moe/situ_mx_quant/situ_mx_quant_torch_adpt.h:58:5: note: in expansion of macro ‘EXEC_NPU_CMD’
DEBUG    58 |     EXEC_NPU_CMD(aclnnSituMxQuant,
DEBUG       |     ^~~~~~~~~~~~
DEBUG /ws/source/vllm-ascend/csrc/aclnn_torch_adapter/op_api_common.h:743:22: warning: narrowing conversion of ‘workspace_size’ from ‘uint64_t’ {aka ‘long unsigned int’} to ‘long int’ [-Wnarrowing]
DEBUG   743 |           at::empty({workspace_size}, options.dtype(kByte));                  \
DEBUG       |                      ^~~~~~~~~~~~~~
DEBUG /ws/source/vllm-ascend/csrc/moe/situ_mx_quant/situ_mx_quant_torch_adpt.h:58:5: note: in expansion of macro ‘EXEC_NPU_CMD’
DEBUG    58 |     EXEC_NPU_CMD(aclnnSituMxQuant,
DEBUG       |     ^~~~~~~~~~~~
DEBUG /ws/source/vllm-ascend/csrc/attention/mla_prolog_v3/mla_prolog_v3_torch_adpt.h: In function ‘std::tuple<at::Tensor, at::Tensor, at::Tensor, at::Tensor, at::Tensor> vllm_ascend::npu_mla_prolog_v3(const at::Tensor&, const at::Tensor&, const at::Tensor&, const at::Tensor&, const at::Tensor&, const at::Tensor&, const at::Tensor&, const at::Tensor&, const at::Tensor&, at::Tensor&, at::Tensor&, const std::optional<at::Tensor>&, const std::optional<at::Tensor>&, const std::optional<at::Tensor>&, const std::optional<at::Tensor>&, const std::optional<at::Tensor>&, const std::optional<at::Tensor>&, const std::optional<at::Tensor>&, const std::optional<at::Tensor>&, const std::optional<at::Tensor>&, const std::optional<at::Tensor>&, double, double, c10::string_view, bool, int64_t, int64_t, int64_t, int64_t, int64_t, int64_t, double, double)’:
DEBUG /ws/source/vllm-ascend/csrc/aclnn_torch_adapter/op_api_common.h:743:22: warning: narrowing conversion of ‘workspace_size’ from ‘uint64_t’ {aka ‘long unsigned int’} to ‘long int’ [-Wnarrowing]
DEBUG   743 |           at::empty({workspace_size}, options.dtype(kByte));                  \
DEBUG       |                      ^~~~~~~~~~~~~~
DEBUG /ws/source/vllm-ascend/csrc/attention/mla_prolog_v3/mla_prolog_v3_torch_adpt.h:241:5: note: in expansion of macro ‘EXEC_NPU_CMD’
DEBUG   241 |     EXEC_NPU_CMD(
DEBUG       |     ^~~~~~~~~~~~
DEBUG /ws/source/vllm-ascend/csrc/aclnn_torch_adapter/op_api_common.h:743:22: warning: narrowing conversion of ‘workspace_size’ from ‘uint64_t’ {aka ‘long unsigned int’} to ‘long int’ [-Wnarrowing]
DEBUG   743 |           at::empty({workspace_size}, options.dtype(kByte));                  \
DEBUG       |                      ^~~~~~~~~~~~~~
DEBUG /ws/source/vllm-ascend/csrc/attention/mla_prolog_v3/mla_prolog_v3_torch_adpt.h:241:5: note: in expansion of macro ‘EXEC_NPU_CMD’
DEBUG   241 |     EXEC_NPU_CMD(
DEBUG       |     ^~~~~~~~~~~~
DEBUG /ws/source/vllm-ascend/csrc/torch_binding.cpp: In function ‘at::Tensor vllm_ascend::npu_sign_bits_pack(const at::Tensor&, int64_t)’:
DEBUG /ws/source/vllm-ascend/csrc/aclnn_torch_adapter/op_api_common.h:743:22: warning: narrowing conversion of ‘workspace_size’ from ‘uint64_t’ {aka ‘long unsigned int’} to ‘long int’ [-Wnarrowing]
DEBUG   743 |           at::empty({workspace_size}, options.dtype(kByte));                  \
DEBUG       |                      ^~~~~~~~~~~~~~
DEBUG /ws/source/vllm-ascend/csrc/torch_binding.cpp:542:5: note: in expansion of macro ‘EXEC_NPU_CMD’
DEBUG   542 |     EXEC_NPU_CMD(aclnnSignBitsPack, input, size, out);
DEBUG       |     ^~~~~~~~~~~~
DEBUG /ws/source/vllm-ascend/csrc/aclnn_torch_adapter/op_api_common.h:743:22: warning: narrowing conversion of ‘workspace_size’ from ‘uint64_t’ {aka ‘long unsigned int’} to ‘long int’ [-Wnarrowing]
DEBUG   743 |           at::empty({workspace_size}, options.dtype(kByte));                  \
DEBUG       |                      ^~~~~~~~~~~~~~
DEBUG /ws/source/vllm-ascend/csrc/torch_binding.cpp:542:5: note: in expansion of macro ‘EXEC_NPU_CMD’
DEBUG   542 |     EXEC_NPU_CMD(aclnnSignBitsPack, input, size, out);
DEBUG       |     ^~~~~~~~~~~~
DEBUG /ws/source/vllm-ascend/csrc/torch_binding.cpp: In function ‘std::tuple<at::Tensor, at::Tensor> vllm_ascend::npu_gemma_rms_norm(const at::Tensor&, const at::Tensor&, double)’:
DEBUG /ws/source/vllm-ascend/csrc/aclnn_torch_adapter/op_api_common.h:743:22: warning: narrowing conversion of ‘workspace_size’ from ‘uint64_t’ {aka ‘long unsigned int’} to ‘long int’ [-Wnarrowing]
DEBUG   743 |           at::empty({workspace_size}, options.dtype(kByte));                  \
DEBUG       |                      ^~~~~~~~~~~~~~
DEBUG /ws/source/vllm-ascend/csrc/torch_binding.cpp:570:5: note: in expansion of macro ‘EXEC_NPU_CMD’
DEBUG   570 |     EXEC_NPU_CMD(aclnnGemmaRmsNorm, x, gamma, epsilon, y, rstd);
DEBUG       |     ^~~~~~~~~~~~
DEBUG /ws/source/vllm-ascend/csrc/aclnn_torch_adapter/op_api_common.h:743:22: warning: narrowing conversion of ‘workspace_size’ from ‘uint64_t’ {aka ‘long unsigned int’} to ‘long int’ [-Wnarrowing]
DEBUG   743 |           at::empty({workspace_size}, options.dtype(kByte));                  \
DEBUG       |                      ^~~~~~~~~~~~~~
DEBUG /ws/source/vllm-ascend/csrc/torch_binding.cpp:570:5: note: in expansion of macro ‘EXEC_NPU_CMD’
DEBUG   570 |     EXEC_NPU_CMD(aclnnGemmaRmsNorm, x, gamma, epsilon, y, rstd);
DEBUG       |     ^~~~~~~~~~~~
DEBUG /ws/source/vllm-ascend/csrc/torch_binding.cpp: In function ‘void vllm_ascend::transpose_kv_cache_by_block(const at::TensorList&, const at::TensorList&, const at::Tensor&, int64_t, int64_t, int64_t, int64_t, int64_t)’:
DEBUG /ws/source/vllm-ascend/csrc/aclnn_torch_adapter/op_api_common.h:743:22: warning: narrowing conversion of ‘workspace_size’ from ‘uint64_t’ {aka ‘long unsigned int’} to ‘long int’ [-Wnarrowing]
DEBUG   743 |           at::empty({workspace_size}, options.dtype(kByte));                  \
DEBUG       |                      ^~~~~~~~~~~~~~
DEBUG /ws/source/vllm-ascend/csrc/torch_binding.cpp:585:5: note: in expansion of macro ‘EXEC_NPU_CMD’
DEBUG   585 |     EXEC_NPU_CMD(aclnnTransposeKvCacheByBlock, kCache, vCache, blockIDs,
DEBUG       |     ^~~~~~~~~~~~
DEBUG /ws/source/vllm-ascend/csrc/aclnn_torch_adapter/op_api_common.h:743:22: warning: narrowing conversion of ‘workspace_size’ from ‘uint64_t’ {aka ‘long unsigned int’} to ‘long int’ [-Wnarrowing]
DEBUG   743 |           at::empty({workspace_size}, options.dtype(kByte));                  \
DEBUG       |                      ^~~~~~~~~~~~~~
DEBUG /ws/source/vllm-ascend/csrc/torch_binding.cpp:585:5: note: in expansion of macro ‘EXEC_NPU_CMD’
DEBUG   585 |     EXEC_NPU_CMD(aclnnTransposeKvCacheByBlock, kCache, vCache, blockIDs,
DEBUG       |     ^~~~~~~~~~~~
DEBUG /ws/source/vllm-ascend/csrc/torch_binding.cpp: In function ‘void vllm_ascend::npu_scatter_pa_kv_cache(const at::Tensor&, const at::Tensor&, at::Tensor&, at::Tensor&, const at::Tensor&, c10::string_view, c10::string_view)’:
DEBUG /ws/source/vllm-ascend/csrc/aclnn_torch_adapter/op_api_common.h:743:22: warning: narrowing conversion of ‘workspace_size’ from ‘uint64_t’ {aka ‘long unsigned int’} to ‘long int’ [-Wnarrowing]
DEBUG   743 |           at::empty({workspace_size}, options.dtype(kByte));                  \
DEBUG       |                      ^~~~~~~~~~~~~~
DEBUG /ws/source/vllm-ascend/csrc/torch_binding.cpp:610:5: note: in expansion of macro ‘EXEC_NPU_CMD’
DEBUG   610 |     EXEC_NPU_CMD(aclnnScatterPaKvCache,
DEBUG       |     ^~~~~~~~~~~~
DEBUG /ws/source/vllm-ascend/csrc/aclnn_torch_adapter/op_api_common.h:743:22: warning: narrowing conversion of ‘workspace_size’ from ‘uint64_t’ {aka ‘long unsigned int’} to ‘long int’ [-Wnarrowing]
DEBUG   743 |           at::empty({workspace_size}, options.dtype(kByte));                  \
DEBUG       |                      ^~~~~~~~~~~~~~
DEBUG /ws/source/vllm-ascend/csrc/torch_binding.cpp:610:5: note: in expansion of macro ‘EXEC_NPU_CMD’
DEBUG   610 |     EXEC_NPU_CMD(aclnnScatterPaKvCache,
DEBUG       |     ^~~~~~~~~~~~
DEBUG /ws/source/vllm-ascend/csrc/torch_binding.cpp: In function ‘std::tuple<at::Tensor, at::Tensor, at::Tensor, at::Tensor, at::Tensor, at::Tensor> vllm_ascend::npu_copy_and_expand_eagle_inputs(const at::Tensor&, const at::Tensor&, const at::Tensor&, const at::Tensor&, const at::Tensor&, int64_t, int64_t, int64_t, bool, int64_t)’:
DEBUG /ws/source/vllm-ascend/csrc/aclnn_torch_adapter/op_api_common.h:743:22: warning: narrowing conversion of ‘workspace_size’ from ‘uint64_t’ {aka ‘long unsigned int’} to ‘long int’ [-Wnarrowing]
DEBUG   743 |           at::empty({workspace_size}, options.dtype(kByte));                  \
DEBUG       |                      ^~~~~~~~~~~~~~
DEBUG /ws/source/vllm-ascend/csrc/torch_binding.cpp:693:5: note: in expansion of macro ‘EXEC_NPU_CMD’
DEBUG   693 |     EXEC_NPU_CMD(aclnnCopyAndExpandEagleInputs,
DEBUG       |     ^~~~~~~~~~~~
DEBUG /ws/source/vllm-ascend/csrc/aclnn_torch_adapter/op_api_common.h:743:22: warning: narrowing conversion of ‘workspace_size’ from ‘uint64_t’ {aka ‘long unsigned int’} to ‘long int’ [-Wnarrowing]
DEBUG   743 |           at::empty({workspace_size}, options.dtype(kByte));                  \
DEBUG       |                      ^~~~~~~~~~~~~~
DEBUG /ws/source/vllm-ascend/csrc/torch_binding.cpp:693:5: note: in expansion of macro ‘EXEC_NPU_CMD’
DEBUG   693 |     EXEC_NPU_CMD(aclnnCopyAndExpandEagleInputs,
DEBUG       |     ^~~~~~~~~~~~
DEBUG /ws/source/vllm-ascend/csrc/torch_binding.cpp: In function ‘at::Tensor vllm_ascend::npu_causal_conv1d_custom(const at::Tensor&, const at::Tensor&, const at::Tensor&, const at::Tensor&, const std::optional<at::Tensor>&, const std::optional<at::Tensor>&, const std::optional<at::Tensor>&, const std::optional<at::Tensor>&, const std::optional<at::Tensor>&, int64_t, int64_t, int64_t)’:
DEBUG /ws/source/vllm-ascend/csrc/aclnn_torch_adapter/op_api_common.h:743:22: warning: narrowing conversion of ‘workspace_size’ from ‘uint64_t’ {aka ‘long unsigned int’} to ‘long int’ [-Wnarrowing]
DEBUG   743 |           at::empty({workspace_size}, options.dtype(kByte));                  \
DEBUG       |                      ^~~~~~~~~~~~~~
DEBUG /ws/source/vllm-ascend/csrc/torch_binding.cpp:718:5: note: in expansion of macro ‘EXEC_NPU_CMD’
DEBUG   718 |     EXEC_NPU_CMD(aclnnCausalConv1d,
DEBUG       |     ^~~~~~~~~~~~
DEBUG /ws/source/vllm-ascend/csrc/aclnn_torch_adapter/op_api_common.h:743:22: warning: narrowing conversion of ‘workspace_size’ from ‘uint64_t’ {aka ‘long unsigned int’} to ‘long int’ [-Wnarrowing]
DEBUG   743 |           at::empty({workspace_size}, options.dtype(kByte));                  \
DEBUG       |                      ^~~~~~~~~~~~~~
DEBUG /ws/source/vllm-ascend/csrc/torch_binding.cpp:718:5: note: in expansion of macro ‘EXEC_NPU_CMD’
DEBUG   718 |     EXEC_NPU_CMD(aclnnCausalConv1d,
DEBUG       |     ^~~~~~~~~~~~
DEBUG /ws/source/vllm-ascend/csrc/torch_binding.cpp: In function ‘std::tuple<at::Tensor, at::Tensor, at::Tensor> vllm_ascend::moe_gating_top_k_hash(const at::Tensor&, int64_t, const std::optional<at::Tensor>&, const std::optional<at::Tensor>&, const std::optional<at::Tensor>&, int64_t, int64_t, double, double, int64_t, int64_t, int64_t, bool, const std::optional<at::Tensor>&, int64_t, int64_t)’:
DEBUG /ws/source/vllm-ascend/csrc/torch_binding.cpp:825:48: warning: ‘constexpr T c10::value_or_else(const std::optional<_Tp>&, F&&) [with T = at::Tensor; F = vllm_ascend::moe_gating_top_k_hash(const at::Tensor&, int64_t, const std::optional<at::Tensor>&, const std::optional<at::Tensor>&, const std::optional<at::Tensor>&, int64_t, int64_t, double, double, int64_t, int64_t, int64_t, bool, const std::optional<at::Tensor>&, int64_t, int64_t)::<lambda()>]’ is deprecated: Please use std::optional::value_or instead of c10::value_or_else [-Wdeprecated-declarations]
DEBUG   825 |     const at::Tensor& bias = c10::value_or_else(bias_opt, [] { return at::Tensor(); });
DEBUG       |                              ~~~~~~~~~~~~~~~~~~^~~~~~~~~~~~~~~~~~~~~~~~~~~~~~~~~~~~~~~
DEBUG /usr/local/python3.12.13/lib/python3.12/site-packages/torch/include/c10/util/Optional.h:40:1: note: declared here
DEBUG    40 | value_or_else(const std::optional<T>& v, F&& func) {
DEBUG       | ^~~~~~~~~~~~~
DEBUG /ws/source/vllm-ascend/csrc/torch_binding.cpp:826:53: warning: ‘constexpr T c10::value_or_else(const std::optional<_Tp>&, F&&) [with T = at::Tensor; F = vllm_ascend::moe_gating_top_k_hash(const at::Tensor&, int64_t, const std::optional<at::Tensor>&, const std::optional<at::Tensor>&, const std::optional<at::Tensor>&, int64_t, int64_t, double, double, int64_t, int64_t, int64_t, bool, const std::optional<at::Tensor>&, int64_t, int64_t)::<lambda()>]’ is deprecated: Please use std::optional::value_or instead of c10::value_or_else [-Wdeprecated-declarations]
DEBUG   826 |     const at::Tensor& input_ids = c10::value_or_else(input_ids_opt, [] { return at::Tensor(); });
DEBUG       |                                   ~~~~~~~~~~~~~~~~~~^~~~~~~~~~~~~~~~~~~~~~~~~~~~~~~~~~~~~~~~~~~~
DEBUG /usr/local/python3.12.13/lib/python3.12/site-packages/torch/include/c10/util/Optional.h:40:1: note: declared here
DEBUG    40 | value_or_else(const std::optional<T>& v, F&& func) {
DEBUG       | ^~~~~~~~~~~~~
DEBUG /ws/source/vllm-ascend/csrc/torch_binding.cpp:827:51: warning: ‘constexpr T c10::value_or_else(const std::optional<_Tp>&, F&&) [with T = at::Tensor; F = vllm_ascend::moe_gating_top_k_hash(const at::Tensor&, int64_t, const std::optional<at::Tensor>&, const std::optional<at::Tensor>&, const std::optional<at::Tensor>&, int64_t, int64_t, double, double, int64_t, int64_t, int64_t, bool, const std::optional<at::Tensor>&, int64_t, int64_t)::<lambda()>]’ is deprecated: Please use std::optional::value_or instead of c10::value_or_else [-Wdeprecated-declarations]
DEBUG   827 |     const at::Tensor& tid2eid = c10::value_or_else(tid2eid_opt, [] { return at::Tensor(); });
DEBUG       |                                 ~~~~~~~~~~~~~~~~~~^~~~~~~~~~~~~~~~~~~~~~~~~~~~~~~~~~~~~~~~~~
DEBUG /usr/local/python3.12.13/lib/python3.12/site-packages/torch/include/c10/util/Optional.h:40:1: note: declared here
DEBUG    40 | value_or_else(const std::optional<T>& v, F&& func) {
DEBUG       | ^~~~~~~~~~~~~
DEBUG /ws/source/vllm-ascend/csrc/torch_binding.cpp:828:51: warning: ‘constexpr T c10::value_or_else(const std::optional<_Tp>&, F&&) [with T = at::Tensor; F = vllm_ascend::moe_gating_top_k_hash(const at::Tensor&, int64_t, const std::optional<at::Tensor>&, const std::optional<at::Tensor>&, const std::optional<at::Tensor>&, int64_t, int64_t, double, double, int64_t, int64_t, int64_t, bool, const std::optional<at::Tensor>&, int64_t, int64_t)::<lambda()>]’ is deprecated: Please use std::optional::value_or instead of c10::value_or_else [-Wdeprecated-declarations]
DEBUG   828 |     const at::Tensor& bias_vl = c10::value_or_else(bias_vl_opt, [] { return at::Tensor(); });
DEBUG       |                                 ~~~~~~~~~~~~~~~~~~^~~~~~~~~~~~~~~~~~~~~~~~~~~~~~~~~~~~~~~~~~
DEBUG /usr/local/python3.12.13/lib/python3.12/site-packages/torch/include/c10/util/Optional.h:40:1: note: declared here
DEBUG    40 | value_or_else(const std::optional<T>& v, F&& func) {
DEBUG       | ^~~~~~~~~~~~~
DEBUG /ws/source/vllm-ascend/csrc/aclnn_torch_adapter/op_api_common.h:743:22: warning: narrowing conversion of ‘workspace_size’ from ‘uint64_t’ {aka ‘long unsigned int’} to ‘long int’ [-Wnarrowing]
DEBUG   743 |           at::empty({workspace_size}, options.dtype(kByte));                  \
DEBUG       |                      ^~~~~~~~~~~~~~
DEBUG /ws/source/vllm-ascend/csrc/torch_binding.cpp:834:5: note: in expansion of macro ‘EXEC_NPU_CMD’
DEBUG   834 |     EXEC_NPU_CMD(aclnnMoeGatingTopKHash,
DEBUG       |     ^~~~~~~~~~~~
DEBUG /ws/source/vllm-ascend/csrc/aclnn_torch_adapter/op_api_common.h:743:22: warning: narrowing conversion of ‘workspace_size’ from ‘uint64_t’ {aka ‘long unsigned int’} to ‘long int’ [-Wnarrowing]
DEBUG   743 |           at::empty({workspace_size}, options.dtype(kByte));                  \
DEBUG       |                      ^~~~~~~~~~~~~~
DEBUG /ws/source/vllm-ascend/csrc/torch_binding.cpp:834:5: note: in expansion of macro ‘EXEC_NPU_CMD’
DEBUG   834 |     EXEC_NPU_CMD(aclnnMoeGatingTopKHash,
DEBUG       |     ^~~~~~~~~~~~
DEBUG /ws/source/vllm-ascend/csrc/torch_binding.cpp: In function ‘std::tuple<at::Tensor> vllm_ascend::compressor(const at::Tensor&, const at::Tensor&, const at::Tensor&, at::Tensor&, const at::Tensor&, const at::Tensor&, const at::Tensor&, const at::Tensor&, const std::optional<at::Tensor>&, const std::optional<at::Tensor>&, const std::optional<at::Tensor>&, const std::optional<at::Tensor>&, int64_t, int64_t, int64_t, double, int64_t, int64_t)’:
DEBUG /ws/source/vllm-ascend/csrc/aclnn_torch_adapter/op_api_common.h:743:22: warning: narrowing conversion of ‘workspace_size’ from ‘uint64_t’ {aka ‘long unsigned int’} to ‘long int’ [-Wnarrowing]
DEBUG   743 |           at::empty({workspace_size}, options.dtype(kByte));                  \
DEBUG       |                      ^~~~~~~~~~~~~~
DEBUG /ws/source/vllm-ascend/csrc/torch_binding.cpp:942:5: note: in expansion of macro ‘EXEC_NPU_CMD’
DEBUG   942 |     EXEC_NPU_CMD(aclnnCompressor, x, wkv, wgate, state_cache, ape, norm_weight, rope_sin, rope_cos,
DEBUG       |     ^~~~~~~~~~~~
DEBUG /ws/source/vllm-ascend/csrc/aclnn_torch_adapter/op_api_common.h:743:22: warning: narrowing conversion of ‘workspace_size’ from ‘uint64_t’ {aka ‘long unsigned int’} to ‘long int’ [-Wnarrowing]
DEBUG   743 |           at::empty({workspace_size}, options.dtype(kByte));                  \
DEBUG       |                      ^~~~~~~~~~~~~~
DEBUG /ws/source/vllm-ascend/csrc/torch_binding.cpp:942:5: note: in expansion of macro ‘EXEC_NPU_CMD’
DEBUG   942 |     EXEC_NPU_CMD(aclnnCompressor, x, wkv, wgate, state_cache, ape, norm_weight, rope_sin, rope_cos,
DEBUG       |     ^~~~~~~~~~~~
DEBUG /ws/source/vllm-ascend/csrc/torch_binding.cpp: In function ‘std::tuple<at::Tensor, at::Tensor, at::Tensor> vllm_ascend::compressor_metadata(const at::Tensor&, const at::Tensor&, const at::Tensor&, const at::Tensor&, const at::Tensor&, int64_t, int64_t, int64_t, int64_t, int64_t)’:
DEBUG /ws/source/vllm-ascend/csrc/aclnn_torch_adapter/op_api_common.h:743:22: warning: narrowing conversion of ‘workspace_size’ from ‘uint64_t’ {aka ‘long unsigned int’} to ‘long int’ [-Wnarrowing]
DEBUG   743 |           at::empty({workspace_size}, options.dtype(kByte));                  \
DEBUG       |                      ^~~~~~~~~~~~~~
DEBUG /ws/source/vllm-ascend/csrc/torch_binding.cpp:1038:5: note: in expansion of macro ‘EXEC_NPU_CMD’
DEBUG  1038 |     EXEC_NPU_CMD(aclnnCompressorMetadata, rope_cos, rope_sin, cu_seqlens, start_pos, kv_block_table,
DEBUG       |     ^~~~~~~~~~~~
DEBUG /ws/source/vllm-ascend/csrc/aclnn_torch_adapter/op_api_common.h:743:22: warning: narrowing conversion of ‘workspace_size’ from ‘uint64_t’ {aka ‘long unsigned int’} to ‘long int’ [-Wnarrowing]
DEBUG   743 |           at::empty({workspace_size}, options.dtype(kByte));                  \
DEBUG       |                      ^~~~~~~~~~~~~~
DEBUG /ws/source/vllm-ascend/csrc/torch_binding.cpp:1038:5: note: in expansion of macro ‘EXEC_NPU_CMD’
DEBUG  1038 |     EXEC_NPU_CMD(aclnnCompressorMetadata, rope_cos, rope_sin, cu_seqlens, start_pos, kv_block_table,
DEBUG       |     ^~~~~~~~~~~~
DEBUG /ws/source/vllm-ascend/csrc/torch_binding.cpp: In function ‘std::tuple<at::Tensor, at::Tensor, at::Tensor> vllm_ascend::compressor_metadata_out(const at::Tensor&, const at::Tensor&, const at::Tensor&, const at::Tensor&, const at::Tensor&, int64_t, int64_t, int64_t, int64_t, at::Tensor&, at::Tensor&, at::Tensor&)’:
DEBUG /ws/source/vllm-ascend/csrc/aclnn_torch_adapter/op_api_common.h:743:22: warning: narrowing conversion of ‘workspace_size’ from ‘uint64_t’ {aka ‘long unsigned int’} to ‘long int’ [-Wnarrowing]
DEBUG   743 |           at::empty({workspace_size}, options.dtype(kByte));                  \
DEBUG       |                      ^~~~~~~~~~~~~~
DEBUG /ws/source/vllm-ascend/csrc/torch_binding.cpp:1055:5: note: in expansion of macro ‘EXEC_NPU_CMD’
DEBUG  1055 |     EXEC_NPU_CMD(aclnnCompressorMetadata, rope_cos, rope_sin, cu_seqlens, start_pos, kv_block_table,
DEBUG       |     ^~~~~~~~~~~~
DEBUG /ws/source/vllm-ascend/csrc/aclnn_torch_adapter/op_api_common.h:743:22: warning: narrowing conversion of ‘workspace_size’ from ‘uint64_t’ {aka ‘long unsigned int’} to ‘long int’ [-Wnarrowing]
DEBUG   743 |           at::empty({workspace_size}, options.dtype(kByte));                  \
DEBUG       |                      ^~~~~~~~~~~~~~
DEBUG /ws/source/vllm-ascend/csrc/torch_binding.cpp:1055:5: note: in expansion of macro ‘EXEC_NPU_CMD’
DEBUG  1055 |     EXEC_NPU_CMD(aclnnCompressorMetadata, rope_cos, rope_sin, cu_seqlens, start_pos, kv_block_table,
DEBUG       |     ^~~~~~~~~~~~
DEBUG /ws/source/vllm-ascend/csrc/torch_binding.cpp: In function ‘std::tuple<at::Tensor, at::Tensor> vllm_ascend::npu_vllm_quant_lightning_indexer_npu(const at::Tensor&, const at::Tensor&, const at::Tensor&, const at::Tensor&, const at::Tensor&, int64_t, int64_t, const std::optional<at::Tensor>&, const std::optional<at::Tensor>&, const std::optional<at::Tensor>&, const std::optional<at::Tensor>&, c10::string_view, c10::string_view, int64_t, int64_t, int64_t, int64_t, int64_t, bool)’:
DEBUG /ws/source/vllm-ascend/csrc/aclnn_torch_adapter/op_api_common.h:743:22: warning: narrowing conversion of ‘workspace_size’ from ‘uint64_t’ {aka ‘long unsigned int’} to ‘long int’ [-Wnarrowing]
DEBUG   743 |           at::empty({workspace_size}, options.dtype(kByte));                  \
DEBUG       |                      ^~~~~~~~~~~~~~
DEBUG /ws/source/vllm-ascend/csrc/torch_binding.cpp:1164:5: note: in expansion of macro ‘EXEC_NPU_CMD’
DEBUG  1164 |     EXEC_NPU_CMD(aclnnVllmQuantLightningIndexer, query,
DEBUG       |     ^~~~~~~~~~~~
DEBUG /ws/source/vllm-ascend/csrc/aclnn_torch_adapter/op_api_common.h:743:22: warning: narrowing conversion of ‘workspace_size’ from ‘uint64_t’ {aka ‘long unsigned int’} to ‘long int’ [-Wnarrowing]
DEBUG   743 |           at::empty({workspace_size}, options.dtype(kByte));                  \
DEBUG       |                      ^~~~~~~~~~~~~~
DEBUG /ws/source/vllm-ascend/csrc/torch_binding.cpp:1164:5: note: in expansion of macro ‘EXEC_NPU_CMD’
DEBUG  1164 |     EXEC_NPU_CMD(aclnnVllmQuantLightningIndexer, query,
DEBUG       |     ^~~~~~~~~~~~
DEBUG /ws/source/vllm-ascend/csrc/torch_binding.cpp: In function ‘std::tuple<at::Tensor, at::Tensor> vllm_ascend::npu_quant_lightning_indexer_v2_npu(const at::Tensor&, const at::Tensor&, const at::Tensor&, const at::Tensor&, const at::Tensor&, int64_t, int64_t, const std::optional<at::Tensor>&, const std::optional<at::Tensor>&, const std::optional<at::Tensor>&, const std::optional<at::Tensor>&, const std::optional<at::Tensor>&, const std::optional<at::Tensor>&, const std::optional<at::Tensor>&, const std::optional<at::Tensor>&, int64_t, c10::string_view, c10::string_view, int64_t, int64_t, int64_t)’:
DEBUG /ws/source/vllm-ascend/csrc/aclnn_torch_adapter/op_api_common.h:743:22: warning: narrowing conversion of ‘workspace_size’ from ‘uint64_t’ {aka ‘long unsigned int’} to ‘long int’ [-Wnarrowing]
DEBUG   743 |           at::empty({workspace_size}, options.dtype(kByte));                  \
DEBUG       |                      ^~~~~~~~~~~~~~
DEBUG /ws/source/vllm-ascend/csrc/torch_binding.cpp:1209:5: note: in expansion of macro ‘EXEC_NPU_CMD’
DEBUG  1209 |     EXEC_NPU_CMD(aclnnQuantLightningIndexerV2, query, key, weights, query_dequant_scale, key_dequant_scale,
DEBUG       |     ^~~~~~~~~~~~
DEBUG /ws/source/vllm-ascend/csrc/aclnn_torch_adapter/op_api_common.h:743:22: warning: narrowing conversion of ‘workspace_size’ from ‘uint64_t’ {aka ‘long unsigned int’} to ‘long int’ [-Wnarrowing]
DEBUG   743 |           at::empty({workspace_size}, options.dtype(kByte));                  \
DEBUG       |                      ^~~~~~~~~~~~~~
DEBUG /ws/source/vllm-ascend/csrc/torch_binding.cpp:1209:5: note: in expansion of macro ‘EXEC_NPU_CMD’
DEBUG  1209 |     EXEC_NPU_CMD(aclnnQuantLightningIndexerV2, query, key, weights, query_dequant_scale, key_dequant_scale,
DEBUG       |     ^~~~~~~~~~~~
DEBUG /ws/source/vllm-ascend/csrc/torch_binding.cpp: In function ‘std::tuple<at::Tensor, at::Tensor> vllm_ascend::npu_sparse_attn_sharedkv_npu(const at::Tensor&, const std::optional<at::Tensor>&, const std::optional<at::Tensor>&, const std::optional<at::Tensor>&, const std::optional<at::Tensor>&, const std::optional<at::Tensor>&, const std::optional<at::Tensor>&, const std::optional<at::Tensor>&, const std::optional<at::Tensor>&, const std::optional<at::Tensor>&, const std::optional<at::Tensor>&, const std::optional<at::Tensor>&, const std::optional<at::Tensor>&, const std::optional<at::Tensor>&, double, int64_t, int64_t, int64_t, int64_t, int64_t, c10::string_view, c10::string_view, bool)’:
DEBUG /ws/source/vllm-ascend/csrc/aclnn_torch_adapter/op_api_common.h:743:22: warning: narrowing conversion of ‘workspace_size’ from ‘uint64_t’ {aka ‘long unsigned int’} to ‘long int’ [-Wnarrowing]
DEBUG   743 |           at::empty({workspace_size}, options.dtype(kByte));                  \
DEBUG       |                      ^~~~~~~~~~~~~~
DEBUG /ws/source/vllm-ascend/csrc/torch_binding.cpp:1292:5: note: in expansion of macro ‘EXEC_NPU_CMD’
DEBUG  1292 |     EXEC_NPU_CMD(aclnnSparseAttnSharedkv, q, ori_kv, cmp_kv, ori_sparse_indices, cmp_sparse_indices,
DEBUG       |     ^~~~~~~~~~~~
DEBUG /ws/source/vllm-ascend/csrc/aclnn_torch_adapter/op_api_common.h:743:22: warning: narrowing conversion of ‘workspace_size’ from ‘uint64_t’ {aka ‘long unsigned int’} to ‘long int’ [-Wnarrowing]
DEBUG   743 |           at::empty({workspace_size}, options.dtype(kByte));                  \
DEBUG       |                      ^~~~~~~~~~~~~~
DEBUG /ws/source/vllm-ascend/csrc/torch_binding.cpp:1292:5: note: in expansion of macro ‘EXEC_NPU_CMD’
DEBUG  1292 |     EXEC_NPU_CMD(aclnnSparseAttnSharedkv, q, ori_kv, cmp_kv, ori_sparse_indices, cmp_sparse_indices,
DEBUG       |     ^~~~~~~~~~~~
DEBUG /ws/source/vllm-ascend/csrc/torch_binding.cpp: In function ‘at::Tensor vllm_ascend::npu_sparse_attn_sharedkv_metadata_npu(int64_t, int64_t, int64_t, const std::optional<at::Tensor>&, const std::optional<at::Tensor>&, const std::optional<at::Tensor>&, const std::optional<at::Tensor>&, const std::optional<at::Tensor>&, int64_t, int64_t, int64_t, int64_t, int64_t, int64_t, int64_t, int64_t, int64_t, int64_t, c10::string_view, c10::string_view, bool, bool, c10::string_view)’:
DEBUG /ws/source/vllm-ascend/csrc/aclnn_torch_adapter/op_api_common.h:743:22: warning: narrowing conversion of ‘workspace_size’ from ‘uint64_t’ {aka ‘long unsigned int’} to ‘long int’ [-Wnarrowing]
DEBUG   743 |           at::empty({workspace_size}, options.dtype(kByte));                  \
DEBUG       |                      ^~~~~~~~~~~~~~
DEBUG /ws/source/vllm-ascend/csrc/torch_binding.cpp:1354:5: note: in expansion of macro ‘EXEC_NPU_CMD’
DEBUG  1354 |     EXEC_NPU_CMD(aclnnSparseAttnSharedkvMetadata, cu_seqlens_q_val, cu_seqlens_ori_kv_val, cu_seqlens_cmp_kv_val, seqused_q_val,
DEBUG       |     ^~~~~~~~~~~~
DEBUG /ws/source/vllm-ascend/csrc/aclnn_torch_adapter/op_api_common.h:743:22: warning: narrowing conversion of ‘workspace_size’ from ‘uint64_t’ {aka ‘long unsigned int’} to ‘long int’ [-Wnarrowing]
DEBUG   743 |           at::empty({workspace_size}, options.dtype(kByte));                  \
DEBUG       |                      ^~~~~~~~~~~~~~
DEBUG /ws/source/vllm-ascend/csrc/torch_binding.cpp:1354:5: note: in expansion of macro ‘EXEC_NPU_CMD’
DEBUG  1354 |     EXEC_NPU_CMD(aclnnSparseAttnSharedkvMetadata, cu_seqlens_q_val, cu_seqlens_ori_kv_val, cu_seqlens_cmp_kv_val, seqused_q_val,
DEBUG       |     ^~~~~~~~~~~~
DEBUG /ws/source/vllm-ascend/csrc/torch_binding.cpp: In function ‘at::Tensor vllm_ascend::npu_vllm_quant_lightning_indexer_metadata_npu(int64_t, int64_t, int64_t, int64_t, int64_t, const std::optional<at::Tensor>&, const std::optional<at::Tensor>&, int64_t, int64_t, int64_t, c10::string_view, c10::string_view, int64_t, int64_t, int64_t, int64_t, int64_t, c10::string_view)’:
DEBUG /ws/source/vllm-ascend/csrc/aclnn_torch_adapter/op_api_common.h:743:22: warning: narrowing conversion of ‘workspace_size’ from ‘uint64_t’ {aka ‘long unsigned int’} to ‘long int’ [-Wnarrowing]
DEBUG   743 |           at::empty({workspace_size}, options.dtype(kByte));                  \
DEBUG       |                      ^~~~~~~~~~~~~~
DEBUG /ws/source/vllm-ascend/csrc/torch_binding.cpp:1384:5: note: in expansion of macro ‘EXEC_NPU_CMD’
DEBUG  1384 |     EXEC_NPU_CMD(aclnnVllmQuantLightningIndexerMetadata, actual_seq_lengths_query_val, actual_seq_lengths_key_val,
DEBUG       |     ^~~~~~~~~~~~
DEBUG /ws/source/vllm-ascend/csrc/aclnn_torch_adapter/op_api_common.h:743:22: warning: narrowing conversion of ‘workspace_size’ from ‘uint64_t’ {aka ‘long unsigned int’} to ‘long int’ [-Wnarrowing]
DEBUG   743 |           at::empty({workspace_size}, options.dtype(kByte));                  \
DEBUG       |                      ^~~~~~~~~~~~~~
DEBUG /ws/source/vllm-ascend/csrc/torch_binding.cpp:1384:5: note: in expansion of macro ‘EXEC_NPU_CMD’
DEBUG  1384 |     EXEC_NPU_CMD(aclnnVllmQuantLightningIndexerMetadata, actual_seq_lengths_query_val, actual_seq_lengths_key_val,
DEBUG       |     ^~~~~~~~~~~~
DEBUG /ws/source/vllm-ascend/csrc/torch_binding.cpp: In function ‘at::Tensor vllm_ascend::npu_quant_lightning_indexer_v2_metadata_npu(int64_t, int64_t, int64_t, int64_t, int64_t, const std::optional<at::Tensor>&, const std::optional<at::Tensor>&, const std::optional<at::Tensor>&, const std::optional<at::Tensor>&, const std::optional<at::Tensor>&, int64_t, int64_t, int64_t, c10::string_view, c10::string_view, int64_t, int64_t, c10::string_view)’:
DEBUG /ws/source/vllm-ascend/csrc/aclnn_torch_adapter/op_api_common.h:743:22: warning: narrowing conversion of ‘workspace_size’ from ‘uint64_t’ {aka ‘long unsigned int’} to ‘long int’ [-Wnarrowing]
DEBUG   743 |           at::empty({workspace_size}, options.dtype(kByte));                  \
DEBUG       |                      ^~~~~~~~~~~~~~
DEBUG /ws/source/vllm-ascend/csrc/torch_binding.cpp:1426:5: note: in expansion of macro ‘EXEC_NPU_CMD’
DEBUG  1426 |     EXEC_NPU_CMD(aclnnQuantLightningIndexerV2Metadata, cu_seqlens_q_val, cu_seqlens_k_val, seqused_q_val, seqused_k_val,
DEBUG       |     ^~~~~~~~~~~~
DEBUG /ws/source/vllm-ascend/csrc/aclnn_torch_adapter/op_api_common.h:743:22: warning: narrowing conversion of ‘workspace_size’ from ‘uint64_t’ {aka ‘long unsigned int’} to ‘long int’ [-Wnarrowing]
DEBUG   743 |           at::empty({workspace_size}, options.dtype(kByte));                  \
DEBUG       |                      ^~~~~~~~~~~~~~
DEBUG /ws/source/vllm-ascend/csrc/torch_binding.cpp:1426:5: note: in expansion of macro ‘EXEC_NPU_CMD’
DEBUG  1426 |     EXEC_NPU_CMD(aclnnQuantLightningIndexerV2Metadata, cu_seqlens_q_val, cu_seqlens_k_val, seqused_q_val, seqused_k_val,
DEBUG       |     ^~~~~~~~~~~~
DEBUG /ws/source/vllm-ascend/csrc/torch_binding.cpp: In function ‘at::Tensor vllm_ascend::npu_hc_post_npu(const at::Tensor&, const at::Tensor&, const at::Tensor&, const at::Tensor&)’:
DEBUG /ws/source/vllm-ascend/csrc/aclnn_torch_adapter/op_api_common.h:743:22: warning: narrowing conversion of ‘workspace_size’ from ‘uint64_t’ {aka ‘long unsigned int’} to ‘long int’ [-Wnarrowing]
DEBUG   743 |           at::empty({workspace_size}, options.dtype(kByte));                  \
DEBUG       |                      ^~~~~~~~~~~~~~
DEBUG /ws/source/vllm-ascend/csrc/torch_binding.cpp:1491:5: note: in expansion of macro ‘EXEC_NPU_CMD’
DEBUG  1491 |     EXEC_NPU_CMD(aclnnHcPost, x, residual, post, comb, out);
DEBUG       |     ^~~~~~~~~~~~
DEBUG /ws/source/vllm-ascend/csrc/aclnn_torch_adapter/op_api_common.h:743:22: warning: narrowing conversion of ‘workspace_size’ from ‘uint64_t’ {aka ‘long unsigned int’} to ‘long int’ [-Wnarrowing]
DEBUG   743 |           at::empty({workspace_size}, options.dtype(kByte));                  \
DEBUG       |                      ^~~~~~~~~~~~~~
DEBUG /ws/source/vllm-ascend/csrc/torch_binding.cpp:1491:5: note: in expansion of macro ‘EXEC_NPU_CMD’
DEBUG  1491 |     EXEC_NPU_CMD(aclnnHcPost, x, residual, post, comb, out);
DEBUG       |     ^~~~~~~~~~~~
DEBUG /ws/source/vllm-ascend/csrc/torch_binding.cpp: In function ‘std::tuple<at::Tensor, at::Tensor, at::Tensor, at::Tensor> vllm_ascend::run_hc_pre_fusion(const at::Tensor&, const at::Tensor&, const at::Tensor&, const at::Tensor&, const std::optional<at::Tensor>&, int64_t, int64_t, double, double)’:
DEBUG /ws/source/vllm-ascend/csrc/aclnn_torch_adapter/op_api_common.h:743:22: warning: narrowing conversion of ‘workspace_size’ from ‘uint64_t’ {aka ‘long unsigned int’} to ‘long int’ [-Wnarrowing]
DEBUG   743 |           at::empty({workspace_size}, options.dtype(kByte));                  \
DEBUG       |                      ^~~~~~~~~~~~~~
DEBUG /ws/source/vllm-ascend/csrc/torch_binding.cpp:1594:5: note: in expansion of macro ‘EXEC_NPU_CMD’
DEBUG  1594 |     EXEC_NPU_CMD(aclnnHcPre, x, hc_fn, hc_scale, hc_base, pre_mix, hc_mult, hc_sinkhorn_iters, hc_eps, norm_eps,
DEBUG       |     ^~~~~~~~~~~~
DEBUG /ws/source/vllm-ascend/csrc/aclnn_torch_adapter/op_api_common.h:743:22: warning: narrowing conversion of ‘workspace_size’ from ‘uint64_t’ {aka ‘long unsigned int’} to ‘long int’ [-Wnarrowing]
DEBUG   743 |           at::empty({workspace_size}, options.dtype(kByte));                  \
DEBUG       |                      ^~~~~~~~~~~~~~
DEBUG /ws/source/vllm-ascend/csrc/torch_binding.cpp:1594:5: note: in expansion of macro ‘EXEC_NPU_CMD’
DEBUG  1594 |     EXEC_NPU_CMD(aclnnHcPre, x, hc_fn, hc_scale, hc_base, pre_mix, hc_mult, hc_sinkhorn_iters, hc_eps, norm_eps,
DEBUG       |     ^~~~~~~~~~~~
DEBUG /ws/source/vllm-ascend/csrc/torch_binding.cpp: In function ‘void vllm_ascend::inplace_partial_rotary_mul_npu(at::Tensor&, const at::Tensor&, const at::Tensor&, c10::string_view, at::IntArrayRef, bool)’:
DEBUG /ws/source/vllm-ascend/csrc/aclnn_torch_adapter/op_api_common.h:743:22: warning: narrowing conversion of ‘workspace_size’ from ‘uint64_t’ {aka ‘long unsigned int’} to ‘long int’ [-Wnarrowing]
DEBUG   743 |           at::empty({workspace_size}, options.dtype(kByte));                  \
DEBUG       |                      ^~~~~~~~~~~~~~
DEBUG /ws/source/vllm-ascend/csrc/torch_binding.cpp:1637:5: note: in expansion of macro ‘EXEC_NPU_CMD’
DEBUG  1637 |     EXEC_NPU_CMD(aclnnInplacePartialRotaryMul, x, r1, r2, it->second, partial_slice, negate_sin);
DEBUG       |     ^~~~~~~~~~~~
DEBUG /ws/source/vllm-ascend/csrc/aclnn_torch_adapter/op_api_common.h:743:22: warning: narrowing conversion of ‘workspace_size’ from ‘uint64_t’ {aka ‘long unsigned int’} to ‘long int’ [-Wnarrowing]
DEBUG   743 |           at::empty({workspace_size}, options.dtype(kByte));                  \
DEBUG       |                      ^~~~~~~~~~~~~~
DEBUG /ws/source/vllm-ascend/csrc/torch_binding.cpp:1637:5: note: in expansion of macro ‘EXEC_NPU_CMD’
DEBUG  1637 |     EXEC_NPU_CMD(aclnnInplacePartialRotaryMul, x, r1, r2, it->second, partial_slice, negate_sin);
DEBUG       |     ^~~~~~~~~~~~
DEBUG /ws/source/vllm-ascend/csrc/torch_binding.cpp: In function ‘std::tuple<at::Tensor, at::Tensor> vllm_ascend::npu_rms_norm_dynamic_quant_npu(const at::Tensor&, const at::Tensor&, const std::optional<at::Tensor>&, const std::optional<at::Tensor>&, double)’:
DEBUG /ws/source/vllm-ascend/csrc/aclnn_torch_adapter/op_api_common.h:743:22: warning: narrowing conversion of ‘workspace_size’ from ‘uint64_t’ {aka ‘long unsigned int’} to ‘long int’ [-Wnarrowing]
DEBUG   743 |           at::empty({workspace_size}, options.dtype(kByte));                  \
DEBUG       |                      ^~~~~~~~~~~~~~
DEBUG /ws/source/vllm-ascend/csrc/torch_binding.cpp:1668:5: note: in expansion of macro ‘EXEC_NPU_CMD’
DEBUG  1668 |     EXEC_NPU_CMD(aclnnRmsNormDynamicQuant, x, gamma, smooth_scale, smooth_scale2, beta, epsilon, output_mask, dst_type,
DEBUG       |     ^~~~~~~~~~~~
DEBUG /ws/source/vllm-ascend/csrc/aclnn_torch_adapter/op_api_common.h:743:22: warning: narrowing conversion of ‘workspace_size’ from ‘uint64_t’ {aka ‘long unsigned int’} to ‘long int’ [-Wnarrowing]
DEBUG   743 |           at::empty({workspace_size}, options.dtype(kByte));                  \
DEBUG       |                      ^~~~~~~~~~~~~~
DEBUG /ws/source/vllm-ascend/csrc/torch_binding.cpp:1668:5: note: in expansion of macro ‘EXEC_NPU_CMD’
DEBUG  1668 |     EXEC_NPU_CMD(aclnnRmsNormDynamicQuant, x, gamma, smooth_scale, smooth_scale2, beta, epsilon, output_mask, dst_type,
DEBUG       |     ^~~~~~~~~~~~
DEBUG /ws/source/vllm-ascend/csrc/torch_binding.cpp: In function ‘void vllm_ascend::kv_compress_epilog_npu(at::Tensor&, const at::Tensor&, const at::Tensor&, int64_t, int64_t, bool, int64_t)’:
DEBUG /ws/source/vllm-ascend/csrc/aclnn_torch_adapter/op_api_common.h:743:22: warning: narrowing conversion of ‘workspace_size’ from ‘uint64_t’ {aka ‘long unsigned int’} to ‘long int’ [-Wnarrowing]
DEBUG   743 |           at::empty({workspace_size}, options.dtype(kByte));                  \
DEBUG       |                      ^~~~~~~~~~~~~~
DEBUG /ws/source/vllm-ascend/csrc/torch_binding.cpp:1718:5: note: in expansion of macro ‘EXEC_NPU_CMD’
DEBUG  1718 |     EXEC_NPU_CMD(aclnnKvCompressEpilog, cache, x, slot_mapping, quant_group_size, quant_mode, round_scale,
DEBUG       |     ^~~~~~~~~~~~
DEBUG /ws/source/vllm-ascend/csrc/aclnn_torch_adapter/op_api_common.h:743:22: warning: narrowing conversion of ‘workspace_size’ from ‘uint64_t’ {aka ‘long unsigned int’} to ‘long int’ [-Wnarrowing]
DEBUG   743 |           at::empty({workspace_size}, options.dtype(kByte));                  \
DEBUG       |                      ^~~~~~~~~~~~~~
DEBUG /ws/source/vllm-ascend/csrc/torch_binding.cpp:1718:5: note: in expansion of macro ‘EXEC_NPU_CMD’
DEBUG  1718 |     EXEC_NPU_CMD(aclnnKvCompressEpilog, cache, x, slot_mapping, quant_group_size, quant_mode, round_scale,
DEBUG       |     ^~~~~~~~~~~~
DEBUG /ws/source/vllm-ascend/csrc/torch_binding.cpp: In function ‘std::tuple<at::Tensor, at::Tensor> vllm_ascend::npu_kv_quant_sparse_attn_sharedkv_npu(const at::Tensor&, int64_t, const std::optional<at::Tensor>&, const std::optional<at::Tensor>&, const std::optional<at::Tensor>&, const std::optional<at::Tensor>&, const std::optional<at::Tensor>&, const std::optional<at::Tensor>&, const std::optional<at::Tensor>&, const std::optional<at::Tensor>&, const std::optional<at::Tensor>&, const std::optional<at::Tensor>&, const std::optional<at::Tensor>&, const std::optional<at::Tensor>&, const std::optional<at::Tensor>&, int64_t, int64_t, double, int64_t, int64_t, int64_t, int64_t, int64_t, c10::string_view, c10::string_view, bool)’:
DEBUG /ws/source/vllm-ascend/csrc/aclnn_torch_adapter/op_api_common.h:743:22: warning: narrowing conversion of ‘workspace_size’ from ‘uint64_t’ {aka ‘long unsigned int’} to ‘long int’ [-Wnarrowing]
DEBUG   743 |           at::empty({workspace_size}, options.dtype(kByte));                  \
DEBUG       |                      ^~~~~~~~~~~~~~
DEBUG /ws/source/vllm-ascend/csrc/torch_binding.cpp:1767:5: note: in expansion of macro ‘EXEC_NPU_CMD’
DEBUG  1767 |     EXEC_NPU_CMD(aclnnKvQuantSparseAttnSharedkv, q, ori_kv, cmp_kv, ori_sparse_indices, cmp_sparse_indices,
DEBUG       |     ^~~~~~~~~~~~
DEBUG /ws/source/vllm-ascend/csrc/aclnn_torch_adapter/op_api_common.h:743:22: warning: narrowing conversion of ‘workspace_size’ from ‘uint64_t’ {aka ‘long unsigned int’} to ‘long int’ [-Wnarrowing]
DEBUG   743 |           at::empty({workspace_size}, options.dtype(kByte));                  \
DEBUG       |                      ^~~~~~~~~~~~~~
DEBUG /ws/source/vllm-ascend/csrc/torch_binding.cpp:1767:5: note: in expansion of macro ‘EXEC_NPU_CMD’
DEBUG  1767 |     EXEC_NPU_CMD(aclnnKvQuantSparseAttnSharedkv, q, ori_kv, cmp_kv, ori_sparse_indices, cmp_sparse_indices,
DEBUG       |     ^~~~~~~~~~~~
DEBUG /ws/source/vllm-ascend/csrc/torch_binding.cpp: In function ‘at::Tensor vllm_ascend::npu_kv_quant_sparse_attn_sharedkv_metadata_npu(int64_t, int64_t, int64_t, int64_t, const std::optional<at::Tensor>&, const std::optional<at::Tensor>&, const std::optional<at::Tensor>&, const std::optional<at::Tensor>&, const std::optional<at::Tensor>&, int64_t, int64_t, int64_t, int64_t, int64_t, int64_t, int64_t, int64_t, int64_t, int64_t, int64_t, int64_t, c10::string_view, c10::string_view, bool, bool, c10::string_view)’:
DEBUG /ws/source/vllm-ascend/csrc/aclnn_torch_adapter/op_api_common.h:743:22: warning: narrowing conversion of ‘workspace_size’ from ‘uint64_t’ {aka ‘long unsigned int’} to ‘long int’ [-Wnarrowing]
DEBUG   743 |           at::empty({workspace_size}, options.dtype(kByte));                  \
DEBUG       |                      ^~~~~~~~~~~~~~
DEBUG /ws/source/vllm-ascend/csrc/torch_binding.cpp:1830:5: note: in expansion of macro ‘EXEC_NPU_CMD’
DEBUG  1830 |     EXEC_NPU_CMD(aclnnKvQuantSparseAttnSharedkvMetadata, cu_seqlens_q_val, cu_seqlens_ori_kv_val,
DEBUG       |     ^~~~~~~~~~~~
DEBUG /ws/source/vllm-ascend/csrc/aclnn_torch_adapter/op_api_common.h:743:22: warning: narrowing conversion of ‘workspace_size’ from ‘uint64_t’ {aka ‘long unsigned int’} to ‘long int’ [-Wnarrowing]
DEBUG   743 |           at::empty({workspace_size}, options.dtype(kByte));                  \
DEBUG       |                      ^~~~~~~~~~~~~~
DEBUG /ws/source/vllm-ascend/csrc/torch_binding.cpp:1830:5: note: in expansion of macro ‘EXEC_NPU_CMD’
DEBUG  1830 |     EXEC_NPU_CMD(aclnnKvQuantSparseAttnSharedkvMetadata, cu_seqlens_q_val, cu_seqlens_ori_kv_val,
DEBUG       |     ^~~~~~~~~~~~
DEBUG /ws/source/vllm-ascend/csrc/torch_binding.cpp: In function ‘std::tuple<at::Tensor, at::Tensor, at::Tensor> vllm_ascend::npu_swiglu_group_quant_npu(const at::Tensor&, const std::optional<at::Tensor>&, const std::optional<at::Tensor>&, c10::ScalarType, int64_t, int64_t, bool, bool, bool, int64_t, double)’:
DEBUG /ws/source/vllm-ascend/csrc/aclnn_torch_adapter/op_api_common.h:743:22: warning: narrowing conversion of ‘workspace_size’ from ‘uint64_t’ {aka ‘long unsigned int’} to ‘long int’ [-Wnarrowing]
DEBUG   743 |           at::empty({workspace_size}, options.dtype(kByte));                  \
DEBUG       |                      ^~~~~~~~~~~~~~
DEBUG /ws/source/vllm-ascend/csrc/torch_binding.cpp:1934:5: note: in expansion of macro ‘EXEC_NPU_CMD’
DEBUG  1934 |     EXEC_NPU_CMD(aclnnSwigluGroupQuant, x, topk_weight, group_index, dst_type_code, quant_mode, group_size,
DEBUG       |     ^~~~~~~~~~~~
DEBUG /ws/source/vllm-ascend/csrc/aclnn_torch_adapter/op_api_common.h:743:22: warning: narrowing conversion of ‘workspace_size’ from ‘uint64_t’ {aka ‘long unsigned int’} to ‘long int’ [-Wnarrowing]
DEBUG   743 |           at::empty({workspace_size}, options.dtype(kByte));                  \
DEBUG       |                      ^~~~~~~~~~~~~~
DEBUG /ws/source/vllm-ascend/csrc/torch_binding.cpp:1934:5: note: in expansion of macro ‘EXEC_NPU_CMD’
DEBUG  1934 |     EXEC_NPU_CMD(aclnnSwigluGroupQuant, x, topk_weight, group_index, dst_type_code, quant_mode, group_size,
DEBUG       |     ^~~~~~~~~~~~
DEBUG /ws/source/vllm-ascend/csrc/torch_binding.cpp: In function ‘void vllm_ascend::indexer_compress_epilog_v2_npu(at::Tensor&, const at::Tensor&, const at::Tensor&, int64_t)’:
DEBUG /ws/source/vllm-ascend/csrc/aclnn_torch_adapter/op_api_common.h:743:22: warning: narrowing conversion of ‘workspace_size’ from ‘uint64_t’ {aka ‘long unsigned int’} to ‘long int’ [-Wnarrowing]
DEBUG   743 |           at::empty({workspace_size}, options.dtype(kByte));                  \
DEBUG       |                      ^~~~~~~~~~~~~~
DEBUG /ws/source/vllm-ascend/csrc/torch_binding.cpp:1947:5: note: in expansion of macro ‘EXEC_NPU_CMD’
DEBUG  1947 |     EXEC_NPU_CMD(aclnnIndexerCompressEpilogV2, indexer_compress_cache, x, slot_mapping, layout,
DEBUG       |     ^~~~~~~~~~~~
DEBUG /ws/source/vllm-ascend/csrc/aclnn_torch_adapter/op_api_common.h:743:22: warning: narrowing conversion of ‘workspace_size’ from ‘uint64_t’ {aka ‘long unsigned int’} to ‘long int’ [-Wnarrowing]
DEBUG   743 |           at::empty({workspace_size}, options.dtype(kByte));                  \
DEBUG       |                      ^~~~~~~~~~~~~~
DEBUG /ws/source/vllm-ascend/csrc/torch_binding.cpp:1947:5: note: in expansion of macro ‘EXEC_NPU_CMD’
DEBUG  1947 |     EXEC_NPU_CMD(aclnnIndexerCompressEpilogV2, indexer_compress_cache, x, slot_mapping, layout,
DEBUG       |     ^~~~~~~~~~~~
DEBUG /ws/source/vllm-ascend/csrc/torch_binding.cpp: In function ‘std::tuple<at::Tensor, at::Tensor> vllm_ascend::npu_dequant_swiglu_quant(const at::Tensor&, const std::optional<at::Tensor>&, const std::optional<at::Tensor>&, const std::optional<at::Tensor>&, const std::optional<at::Tensor>&, const std::optional<at::Tensor>&, const std::optional<at::Tensor>&, bool, int64_t, int64_t, double, double, double)’:
DEBUG /ws/source/vllm-ascend/csrc/torch_binding.cpp:1988:62: warning: ‘constexpr T c10::value_or_else(const std::optional<_Tp>&, F&&) [with T = at::Tensor; F = vllm_ascend::npu_dequant_swiglu_quant(const at::Tensor&, const std::optional<at::Tensor>&, const std::optional<at::Tensor>&, const std::optional<at::Tensor>&, const std::optional<at::Tensor>&, const std::optional<at::Tensor>&, const std::optional<at::Tensor>&, bool, int64_t, int64_t, double, double, double)::<lambda()>]’ is deprecated: Please use std::optional::value_or instead of c10::value_or_else [-Wdeprecated-declarations]
DEBUG  1988 |     const at::Tensor& weight_scale_value = c10::value_or_else(weight_scale, [] { return at::Tensor(); });
DEBUG       |                                            ~~~~~~~~~~~~~~~~~~^~~~~~~~~~~~~~~~~~~~~~~~~~~~~~~~~~~~~~~~~~~
DEBUG /usr/local/python3.12.13/lib/python3.12/site-packages/torch/include/c10/util/Optional.h:40:1: note: declared here
DEBUG    40 | value_or_else(const std::optional<T>& v, F&& func) {
DEBUG       | ^~~~~~~~~~~~~
DEBUG /ws/source/vllm-ascend/csrc/torch_binding.cpp:1989:64: warning: ‘constexpr T c10::value_or_else(const std::optional<_Tp>&, F&&) [with T = at::Tensor; F = vllm_ascend::npu_dequant_swiglu_quant(const at::Tensor&, const std::optional<at::Tensor>&, const std::optional<at::Tensor>&, const std::optional<at::Tensor>&, const std::optional<at::Tensor>&, const std::optional<at::Tensor>&, const std::optional<at::Tensor>&, bool, int64_t, int64_t, double, double, double)::<lambda()>]’ is deprecated: Please use std::optional::value_or instead of c10::value_or_else [-Wdeprecated-declarations]
DEBUG  1989 |     const at::Tensor& activation_scale_opt = c10::value_or_else(activation_scale, [] { return at::Tensor(); });
DEBUG       |                                              ~~~~~~~~~~~~~~~~~~^~~~~~~~~~~~~~~~~~~~~~~~~~~~~~~~~~~~~~~~~~~~~~~
DEBUG /usr/local/python3.12.13/lib/python3.12/site-packages/torch/include/c10/util/Optional.h:40:1: note: declared here
DEBUG    40 | value_or_else(const std::optional<T>& v, F&& func) {
DEBUG       | ^~~~~~~~~~~~~
DEBUG /ws/source/vllm-ascend/csrc/torch_binding.cpp:1990:52: warning: ‘constexpr T c10::value_or_else(const std::optional<_Tp>&, F&&) [with T = at::Tensor; F = vllm_ascend::npu_dequant_swiglu_quant(const at::Tensor&, const std::optional<at::Tensor>&, const std::optional<at::Tensor>&, const std::optional<at::Tensor>&, const std::optional<at::Tensor>&, const std::optional<at::Tensor>&, const std::optional<at::Tensor>&, bool, int64_t, int64_t, double, double, double)::<lambda()>]’ is deprecated: Please use std::optional::value_or instead of c10::value_or_else [-Wdeprecated-declarations]
DEBUG  1990 |     const at::Tensor& bias_opt = c10::value_or_else(bias, [] { return at::Tensor(); });
DEBUG       |                                  ~~~~~~~~~~~~~~~~~~^~~~~~~~~~~~~~~~~~~~~~~~~~~~~~~~~~~
DEBUG /usr/local/python3.12.13/lib/python3.12/site-packages/torch/include/c10/util/Optional.h:40:1: note: declared here
DEBUG    40 | value_or_else(const std::optional<T>& v, F&& func) {
DEBUG       | ^~~~~~~~~~~~~
DEBUG /ws/source/vllm-ascend/csrc/torch_binding.cpp:1991:59: warning: ‘constexpr T c10::value_or_else(const std::optional<_Tp>&, F&&) [with T = at::Tensor; F = vllm_ascend::npu_dequant_swiglu_quant(const at::Tensor&, const std::optional<at::Tensor>&, const std::optional<at::Tensor>&, const std::optional<at::Tensor>&, const std::optional<at::Tensor>&, const std::optional<at::Tensor>&, const std::optional<at::Tensor>&, bool, int64_t, int64_t, double, double, double)::<lambda()>]’ is deprecated: Please use std::optional::value_or instead of c10::value_or_else [-Wdeprecated-declarations]
DEBUG  1991 |     const at::Tensor& quant_scale_opt = c10::value_or_else(quant_scale, [] { return at::Tensor(); });
DEBUG       |                                         ~~~~~~~~~~~~~~~~~~^~~~~~~~~~~~~~~~~~~~~~~~~~~~~~~~~~~~~~~~~~
DEBUG /usr/local/python3.12.13/lib/python3.12/site-packages/torch/include/c10/util/Optional.h:40:1: note: declared here
DEBUG    40 | value_or_else(const std::optional<T>& v, F&& func) {
DEBUG       | ^~~~~~~~~~~~~
DEBUG /ws/source/vllm-ascend/csrc/torch_binding.cpp:1992:60: warning: ‘constexpr T c10::value_or_else(const std::optional<_Tp>&, F&&) [with T = at::Tensor; F = vllm_ascend::npu_dequant_swiglu_quant(const at::Tensor&, const std::optional<at::Tensor>&, const std::optional<at::Tensor>&, const std::optional<at::Tensor>&, const std::optional<at::Tensor>&, const std::optional<at::Tensor>&, const std::optional<at::Tensor>&, bool, int64_t, int64_t, double, double, double)::<lambda()>]’ is deprecated: Please use std::optional::value_or instead of c10::value_or_else [-Wdeprecated-declarations]
DEBUG  1992 |     const at::Tensor& quant_offset_opt = c10::value_or_else(quant_offset, [] { return at::Tensor(); });
DEBUG       |                                          ~~~~~~~~~~~~~~~~~~^~~~~~~~~~~~~~~~~~~~~~~~~~~~~~~~~~~~~~~~~~~
DEBUG /usr/local/python3.12.13/lib/python3.12/site-packages/torch/include/c10/util/Optional.h:40:1: note: declared here
DEBUG    40 | value_or_else(const std::optional<T>& v, F&& func) {
DEBUG       | ^~~~~~~~~~~~~
DEBUG /ws/source/vllm-ascend/csrc/torch_binding.cpp:1993:59: warning: ‘constexpr T c10::value_or_else(const std::optional<_Tp>&, F&&) [with T = at::Tensor; F = vllm_ascend::npu_dequant_swiglu_quant(const at::Tensor&, const std::optional<at::Tensor>&, const std::optional<at::Tensor>&, const std::optional<at::Tensor>&, const std::optional<at::Tensor>&, const std::optional<at::Tensor>&, const std::optional<at::Tensor>&, bool, int64_t, int64_t, double, double, double)::<lambda()>]’ is deprecated: Please use std::optional::value_or instead of c10::value_or_else [-Wdeprecated-declarations]
DEBUG  1993 |     const at::Tensor& group_index_opt = c10::value_or_else(group_index, [] { return at::Tensor(); });
DEBUG       |                                         ~~~~~~~~~~~~~~~~~~^~~~~~~~~~~~~~~~~~~~~~~~~~~~~~~~~~~~~~~~~~
DEBUG /usr/local/python3.12.13/lib/python3.12/site-packages/torch/include/c10/util/Optional.h:40:1: note: declared here
DEBUG    40 | value_or_else(const std::optional<T>& v, F&& func) {
DEBUG       | ^~~~~~~~~~~~~
DEBUG /ws/source/vllm-ascend/csrc/aclnn_torch_adapter/op_api_common.h:743:22: warning: narrowing conversion of ‘workspace_size’ from ‘uint64_t’ {aka ‘long unsigned int’} to ‘long int’ [-Wnarrowing]
DEBUG   743 |           at::empty({workspace_size}, options.dtype(kByte));                  \
DEBUG       |                      ^~~~~~~~~~~~~~
DEBUG /ws/source/vllm-ascend/csrc/torch_binding.cpp:2000:9: note: in expansion of macro ‘EXEC_NPU_CMD’
DEBUG  2000 |         EXEC_NPU_CMD(aclnnDequantSwigluQuant, x, weight_scale_value, activation_scale_opt, bias_opt, quant_scale_opt,
DEBUG       |         ^~~~~~~~~~~~
DEBUG /ws/source/vllm-ascend/csrc/aclnn_torch_adapter/op_api_common.h:743:22: warning: narrowing conversion of ‘workspace_size’ from ‘uint64_t’ {aka ‘long unsigned int’} to ‘long int’ [-Wnarrowing]
DEBUG   743 |           at::empty({workspace_size}, options.dtype(kByte));                  \
DEBUG       |                      ^~~~~~~~~~~~~~
DEBUG /ws/source/vllm-ascend/csrc/torch_binding.cpp:2000:9: note: in expansion of macro ‘EXEC_NPU_CMD’
DEBUG  2000 |         EXEC_NPU_CMD(aclnnDequantSwigluQuant, x, weight_scale_value, activation_scale_opt, bias_opt, quant_scale_opt,
DEBUG       |         ^~~~~~~~~~~~
DEBUG /ws/source/vllm-ascend/csrc/aclnn_torch_adapter/op_api_common.h:743:22: warning: narrowing conversion of ‘workspace_size’ from ‘uint64_t’ {aka ‘long unsigned int’} to ‘long int’ [-Wnarrowing]
DEBUG   743 |           at::empty({workspace_size}, options.dtype(kByte));                  \
DEBUG       |                      ^~~~~~~~~~~~~~
DEBUG /ws/source/vllm-ascend/csrc/torch_binding.cpp:2006:9: note: in expansion of macro ‘EXEC_NPU_CMD’
DEBUG  2006 |         EXEC_NPU_CMD(aclnnDequantSwigluQuantV2, x, weight_scale_value, activation_scale_opt, bias_opt, quant_scale_opt,
DEBUG       |         ^~~~~~~~~~~~
DEBUG /ws/source/vllm-ascend/csrc/aclnn_torch_adapter/op_api_common.h:743:22: warning: narrowing conversion of ‘workspace_size’ from ‘uint64_t’ {aka ‘long unsigned int’} to ‘long int’ [-Wnarrowing]
DEBUG   743 |           at::empty({workspace_size}, options.dtype(kByte));                  \
DEBUG       |                      ^~~~~~~~~~~~~~
DEBUG /ws/source/vllm-ascend/csrc/torch_binding.cpp:2006:9: note: in expansion of macro ‘EXEC_NPU_CMD’
DEBUG  2006 |         EXEC_NPU_CMD(aclnnDequantSwigluQuantV2, x, weight_scale_value, activation_scale_opt, bias_opt, quant_scale_opt,
DEBUG       |         ^~~~~~~~~~~~
DEBUG /ws/source/vllm-ascend/csrc/torch_binding.cpp: In function ‘void vllm_ascend::npu_scatter_nd_update_sk(at::Tensor&, const at::Tensor&, const at::Tensor&)’:
DEBUG /ws/source/vllm-ascend/csrc/aclnn_torch_adapter/op_api_common.h:743:22: warning: narrowing conversion of ‘workspace_size’ from ‘uint64_t’ {aka ‘long unsigned int’} to ‘long int’ [-Wnarrowing]
DEBUG   743 |           at::empty({workspace_size}, options.dtype(kByte));                  \
DEBUG       |                      ^~~~~~~~~~~~~~
DEBUG /ws/source/vllm-ascend/csrc/torch_binding.cpp:2021:5: note: in expansion of macro ‘EXEC_NPU_CMD’
DEBUG  2021 |     EXEC_NPU_CMD(aclnnScatterNdUpdateSk, var, indices, update, var_stride);
DEBUG       |     ^~~~~~~~~~~~
DEBUG /ws/source/vllm-ascend/csrc/aclnn_torch_adapter/op_api_common.h:743:22: warning: narrowing conversion of ‘workspace_size’ from ‘uint64_t’ {aka ‘long unsigned int’} to ‘long int’ [-Wnarrowing]
DEBUG   743 |           at::empty({workspace_size}, options.dtype(kByte));                  \
DEBUG       |                      ^~~~~~~~~~~~~~
DEBUG /ws/source/vllm-ascend/csrc/torch_binding.cpp:2021:5: note: in expansion of macro ‘EXEC_NPU_CMD’
DEBUG  2021 |     EXEC_NPU_CMD(aclnnScatterNdUpdateSk, var, indices, update, var_stride);
DEBUG       |     ^~~~~~~~~~~~
DEBUG /ws/source/vllm-ascend/csrc/torch_binding.cpp: In function ‘std::tuple<at::Tensor, at::Tensor, at::Tensor> vllm_ascend::chunk_gated_delta_rule_fwd_h(const at::Tensor&, const at::Tensor&, const at::Tensor&, const std::optional<at::Tensor>&, const std::optional<at::Tensor>&, const std::optional<at::Tensor>&, std::optional<bool>, std::optional<long int>, std::optional<bool>, std::optional<c10::ArrayRef<long int> >, std::optional<c10::ArrayRef<long int> >, std::optional<bool>, std::optional<bool>)’:
DEBUG /ws/source/vllm-ascend/csrc/torch_binding.cpp:2041:58: warning: ‘constexpr T c10::value_or_else(const std::optional<_Tp>&, F&&) [with T = at::Tensor; F = vllm_ascend::chunk_gated_delta_rule_fwd_h(const at::Tensor&, const at::Tensor&, const at::Tensor&, const std::optional<at::Tensor>&, const std::optional<at::Tensor>&, const std::optional<at::Tensor>&, std::optional<bool>, std::optional<long int>, std::optional<bool>, std::optional<c10::ArrayRef<long int> >, std::optional<c10::ArrayRef<long int> >, std::optional<bool>, std::optional<bool>)::<lambda()>]’ is deprecated: Please use std::optional::value_or instead of c10::value_or_else [-Wdeprecated-declarations]
DEBUG  2041 |     const at::Tensor &initial_state_ = c10::value_or_else(initial_state, [] { return at::Tensor(); });
DEBUG       |                                        ~~~~~~~~~~~~~~~~~~^~~~~~~~~~~~~~~~~~~~~~~~~~~~~~~~~~~~~~~~~~~~
DEBUG /usr/local/python3.12.13/lib/python3.12/site-packages/torch/include/c10/util/Optional.h:40:1: note: declared here
DEBUG    40 | value_or_else(const std::optional<T>& v, F&& func) {
DEBUG       | ^~~~~~~~~~~~~
DEBUG /ws/source/vllm-ascend/csrc/torch_binding.cpp:2043:46: warning: ‘constexpr T c10::value_or_else(const std::optional<_Tp>&, F&&) [with T = at::Tensor; F = vllm_ascend::chunk_gated_delta_rule_fwd_h(const at::Tensor&, const at::Tensor&, const at::Tensor&, const std::optional<at::Tensor>&, const std::optional<at::Tensor>&, const std::optional<at::Tensor>&, std::optional<bool>, std::optional<long int>, std::optional<bool>, std::optional<c10::ArrayRef<long int> >, std::optional<c10::ArrayRef<long int> >, std::optional<bool>, std::optional<bool>)::<lambda()>]’ is deprecated: Please use std::optional::value_or instead of c10::value_or_else [-Wdeprecated-declarations]
DEBUG  2043 |     const at::Tensor &g_ = c10::value_or_else(g, [] { return at::Tensor(); });
DEBUG       |                            ~~~~~~~~~~~~~~~~~~^~~~~~~~~~~~~~~~~~~~~~~~~~~~~~~~
DEBUG /usr/local/python3.12.13/lib/python3.12/site-packages/torch/include/c10/util/Optional.h:40:1: note: declared here
DEBUG    40 | value_or_else(const std::optional<T>& v, F&& func) {
DEBUG       | ^~~~~~~~~~~~~
DEBUG /ws/source/vllm-ascend/csrc/torch_binding.cpp:2044:47: warning: ‘constexpr T c10::value_or_else(const std::optional<_Tp>&, F&&) [with T = at::Tensor; F = vllm_ascend::chunk_gated_delta_rule_fwd_h(const at::Tensor&, const at::Tensor&, const at::Tensor&, const std::optional<at::Tensor>&, const std::optional<at::Tensor>&, const std::optional<at::Tensor>&, std::optional<bool>, std::optional<long int>, std::optional<bool>, std::optional<c10::ArrayRef<long int> >, std::optional<c10::ArrayRef<long int> >, std::optional<bool>, std::optional<bool>)::<lambda()>]’ is deprecated: Please use std::optional::value_or instead of c10::value_or_else [-Wdeprecated-declarations]
DEBUG  2044 |     const at::Tensor &gk_ = c10::value_or_else(gk, [] { return at::Tensor(); });
DEBUG       |                             ~~~~~~~~~~~~~~~~~~^~~~~~~~~~~~~~~~~~~~~~~~~~~~~~~~~
DEBUG /usr/local/python3.12.13/lib/python3.12/site-packages/torch/include/c10/util/Optional.h:40:1: note: declared here
DEBUG    40 | value_or_else(const std::optional<T>& v, F&& func) {
DEBUG       | ^~~~~~~~~~~~~
DEBUG /ws/source/vllm-ascend/csrc/aclnn_torch_adapter/op_api_common.h:743:22: warning: narrowing conversion of ‘workspace_size’ from ‘uint64_t’ {aka ‘long unsigned int’} to ‘long int’ [-Wnarrowing]
DEBUG   743 |           at::empty({workspace_size}, options.dtype(kByte));                  \
DEBUG       |                      ^~~~~~~~~~~~~~
DEBUG /ws/source/vllm-ascend/csrc/torch_binding.cpp:2077:5: note: in expansion of macro ‘EXEC_NPU_CMD’
DEBUG  2077 |     EXEC_NPU_CMD(
DEBUG       |     ^~~~~~~~~~~~
DEBUG /ws/source/vllm-ascend/csrc/aclnn_torch_adapter/op_api_common.h:743:22: warning: narrowing conversion of ‘workspace_size’ from ‘uint64_t’ {aka ‘long unsigned int’} to ‘long int’ [-Wnarrowing]
DEBUG   743 |           at::empty({workspace_size}, options.dtype(kByte));                  \
DEBUG       |                      ^~~~~~~~~~~~~~
DEBUG /ws/source/vllm-ascend/csrc/torch_binding.cpp:2077:5: note: in expansion of macro ‘EXEC_NPU_CMD’
DEBUG  2077 |     EXEC_NPU_CMD(
DEBUG       |     ^~~~~~~~~~~~
DEBUG /ws/source/vllm-ascend/csrc/torch_binding.cpp: In function ‘at::Tensor vllm_ascend::chunk_fwd_o(const at::Tensor&, const at::Tensor&, const at::Tensor&, const at::Tensor&, double, const std::optional<at::Tensor>&, const std::optional<at::Tensor>&, std::optional<c10::ArrayRef<long int> >, std::optional<c10::ArrayRef<long int> >, std::optional<long int>, std::optional<bool>)’:
DEBUG /ws/source/vllm-ascend/csrc/torch_binding.cpp:2107:46: warning: ‘constexpr T c10::value_or_else(const std::optional<_Tp>&, F&&) [with T = at::Tensor; F = vllm_ascend::chunk_fwd_o(const at::Tensor&, const at::Tensor&, const at::Tensor&, const at::Tensor&, double, const std::optional<at::Tensor>&, const std::optional<at::Tensor>&, std::optional<c10::ArrayRef<long int> >, std::optional<c10::ArrayRef<long int> >, std::optional<long int>, std::optional<bool>)::<lambda()>]’ is deprecated: Please use std::optional::value_or instead of c10::value_or_else [-Wdeprecated-declarations]
DEBUG  2107 |     const at::Tensor &g_ = c10::value_or_else(g, [] { return at::Tensor(); });
DEBUG       |                            ~~~~~~~~~~~~~~~~~~^~~~~~~~~~~~~~~~~~~~~~~~~~~~~~~~
DEBUG /usr/local/python3.12.13/lib/python3.12/site-packages/torch/include/c10/util/Optional.h:40:1: note: declared here
DEBUG    40 | value_or_else(const std::optional<T>& v, F&& func) {
DEBUG       | ^~~~~~~~~~~~~
DEBUG /ws/source/vllm-ascend/csrc/aclnn_torch_adapter/op_api_common.h:743:22: warning: narrowing conversion of ‘workspace_size’ from ‘uint64_t’ {aka ‘long unsigned int’} to ‘long int’ [-Wnarrowing]
DEBUG   743 |           at::empty({workspace_size}, options.dtype(kByte));                  \
DEBUG       |                      ^~~~~~~~~~~~~~
DEBUG /ws/source/vllm-ascend/csrc/torch_binding.cpp:2111:5: note: in expansion of macro ‘EXEC_NPU_CMD’
DEBUG  2111 |     EXEC_NPU_CMD(
DEBUG       |     ^~~~~~~~~~~~
DEBUG /ws/source/vllm-ascend/csrc/aclnn_torch_adapter/op_api_common.h:743:22: warning: narrowing conversion of ‘workspace_size’ from ‘uint64_t’ {aka ‘long unsigned int’} to ‘long int’ [-Wnarrowing]
DEBUG   743 |           at::empty({workspace_size}, options.dtype(kByte));                  \
DEBUG       |                      ^~~~~~~~~~~~~~
DEBUG /ws/source/vllm-ascend/csrc/torch_binding.cpp:2111:5: note: in expansion of macro ‘EXEC_NPU_CMD’
DEBUG  2111 |     EXEC_NPU_CMD(
DEBUG       |     ^~~~~~~~~~~~
DEBUG /ws/source/vllm-ascend/csrc/torch_binding.cpp: In function ‘at::Tensor vllm_ascend::npu_sparse_attention_score_prefill(const at::Tensor&, const at::Tensor&, const at::Tensor&, const at::Tensor&, const at::Tensor&, const at::Tensor&, const at::Tensor&, int64_t, double, int64_t, int64_t, int64_t, const std::optional<at::Tensor>&, const std::optional<at::Tensor>&)’:
DEBUG /ws/source/vllm-ascend/csrc/aclnn_torch_adapter/op_api_common.h:743:22: warning: narrowing conversion of ‘workspace_size’ from ‘uint64_t’ {aka ‘long unsigned int’} to ‘long int’ [-Wnarrowing]
DEBUG   743 |           at::empty({workspace_size}, options.dtype(kByte));                  \
DEBUG       |                      ^~~~~~~~~~~~~~
DEBUG /ws/source/vllm-ascend/csrc/torch_binding.cpp:2149:5: note: in expansion of macro ‘EXEC_NPU_CMD’
DEBUG  2149 |     EXEC_NPU_CMD(
DEBUG       |     ^~~~~~~~~~~~
DEBUG /ws/source/vllm-ascend/csrc/aclnn_torch_adapter/op_api_common.h:743:22: warning: narrowing conversion of ‘workspace_size’ from ‘uint64_t’ {aka ‘long unsigned int’} to ‘long int’ [-Wnarrowing]
DEBUG   743 |           at::empty({workspace_size}, options.dtype(kByte));                  \
DEBUG       |                      ^~~~~~~~~~~~~~
DEBUG /ws/source/vllm-ascend/csrc/torch_binding.cpp:2149:5: note: in expansion of macro ‘EXEC_NPU_CMD’
DEBUG  2149 |     EXEC_NPU_CMD(
DEBUG       |     ^~~~~~~~~~~~
DEBUG [100%] Linking CXX shared module vllm_ascend_C.cpython-312-aarch64-linux-gnu.so
DEBUG [100%] Built target vllm_ascend_C
DEBUG -- Install configuration: "Release"
DEBUG -- Installing: /ws/source/vllm-ascend/vllm_ascend/lib/libvllm_ascend_kernels.so
DEBUG -- Installing: /ws/source/vllm-ascend/vllm_ascend/include
DEBUG -- Installing: /ws/source/vllm-ascend/vllm_ascend/include/vllm_ascend_kernels
DEBUG -- Installing: /ws/source/vllm-ascend/vllm_ascend/include/vllm_ascend_kernels/aclrtlaunch_sgmv_shrink_bfloat16_t.h
DEBUG -- Installing: /ws/source/vllm-ascend/vllm_ascend/include/vllm_ascend_kernels/aclrtlaunch_mla_preprocess.h
DEBUG -- Installing: /ws/source/vllm-ascend/vllm_ascend/include/vllm_ascend_kernels/aclrtlaunch_bgmv_shrink_half.h
DEBUG -- Installing: /ws/source/vllm-ascend/vllm_ascend/include/vllm_ascend_kernels/aclrtlaunch_bgmv_expand_bfloat16_t.h
DEBUG -- Installing: /ws/source/vllm-ascend/vllm_ascend/include/vllm_ascend_kernels/aclrtlaunch_sgmv_expand_bfloat16_t.h
DEBUG -- Installing: /ws/source/vllm-ascend/vllm_ascend/include/vllm_ascend_kernels/aclrtlaunch_bgmv_shrink_bfloat16_t.h
DEBUG -- Installing: /ws/source/vllm-ascend/vllm_ascend/include/vllm_ascend_kernels/aclrtlaunch_triple_chevrons_func.h
DEBUG -- Installing: /ws/source/vllm-ascend/vllm_ascend/include/vllm_ascend_kernels/aclrtlaunch_sgmv_expand_half.h
DEBUG -- Installing: /ws/source/vllm-ascend/vllm_ascend/include/vllm_ascend_kernels/aclrtlaunch_sgmv_shrink_half.h
DEBUG -- Installing: /ws/source/vllm-ascend/vllm_ascend/include/vllm_ascend_kernels/aclrtlaunch_bgmv_expand_half.h
DEBUG -- Installing: /ws/source/vllm-ascend/vllm_ascend/vllm_ascend_C.cpython-312-aarch64-linux-gnu.so
DEBUG -- Installing: /ws/source/vllm-ascend/vllm_ascend/libvllm_ascend_kernels.so
DEBUG Copy: /tmp/tmp5h9ha8cq.build-temp/vllm_ascend_C.cpython-312-aarch64-linux-gnu.so -> /tmp/tmpnf4n69ni.build-lib/vllm_ascend/vllm_ascend_C.cpython-312-aarch64-linux-gnu.so
DEBUG Copy: /tmp/tmp5h9ha8cq.build-temp/lib/libvllm_ascend_kernels.so -> /tmp/tmpnf4n69ni.build-lib/vllm_ascend/libvllm_ascend_kernels.so
DEBUG Copy: /ws/source/vllm-ascend/vllm_ascend/_cann_ops_custom -> /tmp/tmpnf4n69ni.build-lib/vllm_ascend/_cann_ops_custom
DEBUG copying /tmp/tmpnf4n69ni.build-lib/vllm_ascend/vllm_ascend_C.cpython-312-aarch64-linux-gnu.so -> vllm_ascend
DEBUG Editable install will be performed using a meta path finder.
DEBUG 
DEBUG Options like `package-data`, `include/exclude-package-data` or
DEBUG `packages.find.exclude/include` may have no effect.
DEBUG 
DEBUG adding '__editable___vllm_ascend_0_28_0rc1_finder.py'
DEBUG adding '__editable__.vllm_ascend-0.28.0rc1.pth'
DEBUG creating '/root/.cache/uv/builds-v0/.tmpiL2zra/.tmp-v6uocbgf/vllm_ascend-0.28.0rc1-0.editable-cp312-cp312-linux_aarch64.whl' and adding '/tmp/tmpg5bymp58vllm_ascend-0.28.0rc1-0.editable-cp312-cp312-linux_aarch64.whl' to it
DEBUG adding 'vllm_ascend-0.28.0rc1.dist-info/licenses/LICENSE'
DEBUG adding 'vllm_ascend-0.28.0rc1.dist-info/METADATA'
DEBUG adding 'vllm_ascend-0.28.0rc1.dist-info/WHEEL'
DEBUG adding 'vllm_ascend-0.28.0rc1.dist-info/entry_points.txt'
DEBUG adding 'vllm_ascend-0.28.0rc1.dist-info/top_level.txt'
DEBUG adding 'vllm_ascend-0.28.0rc1.dist-info/RECORD'
DEBUG /ws/.venv/lib/python3.12/site-packages/setuptools/command/editable_wheel.py:352: InformationOnly: Editable installation.
DEBUG !!
DEBUG 
DEBUG         ********************************************************************************
DEBUG         Please be careful with folders in your working directory with the same
DEBUG         name as your package as they may take precedence during imports.
DEBUG         ********************************************************************************
DEBUG 
DEBUG !!
DEBUG   with strategy, WheelFile(wheel_path, "w") as wheel_obj:
DEBUG Built `vllm-ascend @ file:///ws/source/vllm-ascend` into `vllm_ascend-0.28.0rc1-0.editable-cp312-cp312-linux_aarch64.whl`
      Built vllm-ascend @ file:///ws/source/vllm-ascend
Prepared 1 package in 2m 57s
DEBUG Failed to reflink `/root/.cache/uv/archive-v0/yh7ZQjinhiXnxduj/vllm_ascend-0.28.0rc1.dist-info/top_level.txt` to `/ws/.venv/lib/python3.12/site-packages/vllm_ascend-0.28.0rc1.dist-info/top_level.txt`: Invalid cross-device link (os error 18), falling back
DEBUG Failed to hard link `/root/.cache/uv/archive-v0/yh7ZQjinhiXnxduj/vllm_ascend-0.28.0rc1.dist-info/top_level.txt` to `/ws/.venv/lib/python3.12/site-packages/vllm_ascend-0.28.0rc1.dist-info/top_level.txt`: failed to hardlink file from /ws/.venv/lib/python3.12/site-packages/vllm_ascend-0.28.0rc1.dist-info/top_level.txt to /root/.cache/uv/archive-v0/yh7ZQjinhiXnxduj/vllm_ascend-0.28.0rc1.dist-info/top_level.txt: Invalid cross-device link (os error 18); falling back to copy
warning: Failed to hardlink files; falling back to full copy. This may lead to degraded performance.
         If the cache and target directories are on different filesystems, hardlinking may not be supported.
         If this is intentional, set `export UV_LINK_MODE=copy` or use `--link-mode=copy` to suppress this warning.
Installed 1 package in 1ms
 + vllm-ascend==0.28.0rc1 (from file:///ws/source/vllm-ascend)
INFO 10-09 18:08:48 [__init__.py:52] Available plugins for group vllm.platform_plugins:
INFO 10-09 18:08:48 [__init__.py:54] - ascend -> vllm_ascend:register
INFO 10-09 18:08:48 [__init__.py:57] All plugins in this group will be loaded. Set `VLLM_PLUGINS` to control which plugins to load.
INFO 10-09 18:08:48 [__init__.py:272] Platform plugin ascend is activated
INFO 10-09 18:08:53 [platform.py:69] Breakable CUDAGraph on Ascend is opt-in; using VLLM_USE_BREAKABLE_CUDAGRAPH=0.
SOURCE_IMPORTS /usr/local/python3.12.13/lib/python3.12/site-packages/vllm/__init__.py /ws/source/vllm-ascend/vllm_ascend/__init__.py
{'vllm': '0.28.0+empty', 'vllm-ascend': '0.28.0rc1', 'torch': '2.10.0+cpu', 'torch-npu': '2.10.0.post4', 'transformers': '5.14.1', 'uv': '0.12.24', 'setuptools': '80.10.2'}
DrvMngGetConsoleLogLevel failed. (ret=4)
FRAMEWORK_BUILD_DONE
